-- phpMyAdmin SQL Dump
-- version 3.4.10.1
-- http://www.phpmyadmin.net
--
-- Host: localhost
-- Generation Time: Jul 30, 2014 at 05:39 PM
-- Server version: 5.6.17
-- PHP Version: 5.4.27

SET SQL_MODE="NO_AUTO_VALUE_ON_ZERO";
SET time_zone = "+00:00";


/*!40101 SET @OLD_CHARACTER_SET_CLIENT=@@CHARACTER_SET_CLIENT */;
/*!40101 SET @OLD_CHARACTER_SET_RESULTS=@@CHARACTER_SET_RESULTS */;
/*!40101 SET @OLD_COLLATION_CONNECTION=@@COLLATION_CONNECTION */;
/*!40101 SET NAMES utf8 */;

--
-- Database: `req`
--

-- --------------------------------------------------------

--
-- Table structure for table `actor`
--

CREATE TABLE IF NOT EXISTS `actor` (
  `id` int(11) NOT NULL AUTO_INCREMENT,
  `type` tinyint(1) NOT NULL DEFAULT '0',
  `actor_id` int(11) NOT NULL,
  `project_id` int(11) NOT NULL,
  `release_id` int(11) NOT NULL,
  `number` int(6) NOT NULL,
  `name` varchar(255) NOT NULL,
  `description` text NOT NULL,
  `pretest` text,
  `alias` text NOT NULL,
  `inherits` int(11) NOT NULL,
  PRIMARY KEY (`id`),
  KEY `project_id` (`project_id`),
  KEY `release_id` (`release_id`)
) ENGINE=InnoDB  DEFAULT CHARSET=utf8 AUTO_INCREMENT=363 ;

--
-- Dumping data for table `actor`
--

INSERT INTO `actor` (`id`, `type`, `actor_id`, `project_id`, `release_id`, `number`, `name`, `description`, `pretest`, `alias`, `inherits`) VALUES
(186, 0, 1, 184, 165, 1, 'Member', 'A user who has an account and can access the system.', 'Must be logged in as a member', 'Placeholder', -1),
(187, 0, 2, 184, 165, 2, 'User', 'A public user of the system', 'None', 'Public', -1),
(209, 0, 1, 193, 177, 1, 'Actor', 'My First Actor', NULL, 'Placeholder', -1),
(215, 0, 1, 193, 177, 1, 'Actor', 'My First Actor', NULL, 'Placeholder', -1),
(216, 0, 1, 193, 177, 1, 'Actor', 'My First Actor', NULL, 'Placeholder', -1),
(222, 0, 1, 199, 186, 1, 'Actor', 'My First Actor', NULL, 'Placeholder', -1),
(223, 0, 1, 199, 186, 1, 'User', 'A public user of the system', 'None', 'Placeholder', -1),
(224, 0, 2, 199, 186, 2, 'Member', 'A user with an account on the system', 'Log in as a member', 'Registered User, Account Holder', -1),
(225, 0, 1, 199, 187, 1, 'User', 'A public user of the system', 'None', 'Placeholder', -1),
(226, 0, 2, 199, 187, 2, 'Member', 'A user with an account on the system', 'Log in as a member', 'Registered User, Account Holder', -1),
(227, 0, 1, 184, 165, 1, 'Member', 'A user who has an account and can access the system.', 'Must be logged in as a member', 'Placeholder', -1),
(228, 0, 1, 184, 165, 1, 'Member', 'A user who has an account and can access the system.', 'Must be logged in as a member', 'Placeholder', -1),
(229, 0, 1, 184, 165, 1, 'Member', 'A user who has an account and can access the system.', 'Must be logged in as a member', 'Placeholder', -1),
(230, 0, 1, 184, 165, 1, 'Member', 'A user who has an account and can access the system.', 'Must be logged in as a member', 'Placeholder', -1),
(231, 0, 1, 184, 165, 1, 'Member', 'A user who has an account and can access the system.', 'Must be logged in as a member', 'Placeholder', -1),
(232, 0, 1, 184, 165, 1, 'Member', 'A user who has an account and can access the system.', 'Must be logged in as a member', 'Placeholder', -1),
(233, 0, 1, 184, 165, 1, 'Member', 'A user who has an account and can access the system.', 'Must be logged in as a member', 'Placeholder', -1),
(234, 0, 1, 184, 165, 1, 'Member', 'A user who has an account and can access the system.', 'Must be logged in as a member', 'Placeholder', -1),
(235, 0, 1, 184, 165, 1, 'Member', 'A user who has an account and can access the system.', 'Must be logged in as a member', 'Placeholder', -1),
(236, 0, 1, 184, 165, 1, 'Member', 'A user who has an account and can access the system.', 'Must be logged in as a member', 'Placeholder', 2),
(237, 0, 1, 200, 188, 1, 'Actor', 'My First Actor', NULL, 'Placeholder', -1),
(238, 0, 1, 200, 188, 1, 'Existing actor', 'My First Actor', '', 'Placeholder', -1),
(239, 0, 4, 200, 188, 1, 'User', 'A public user of the system', 'None', 'Placeholder', -1),
(240, 0, 5, 200, 188, 2, 'Member', 'A user with an account on the system', 'Log in as a member', 'Registered User, Account Holder', -1),
(241, 0, 1, 201, 189, 1, 'Actor', 'My First Actor', NULL, 'Placeholder', -1),
(242, 0, 1, 202, 190, 1, 'Actor', 'My First Actor', NULL, 'Placeholder', -1),
(243, 0, 4, 202, 190, 1, 'User', 'A public user of the system', 'None', 'Placeholder', -1),
(244, 0, 5, 202, 190, 2, 'Member', 'A user with an account on the system', 'Log in as a member', 'Registered User, Account Holder', -1),
(255, 0, 1, 206, 199, 1, 'Actor', 'My First Actor', NULL, 'Placeholder', -1),
(256, 0, 4, 206, 199, 1, 'User', 'A public user of the system', 'None', 'Placeholder', -1),
(257, 0, 5, 206, 199, 2, 'Member', 'A user with an account on the system', 'Log in as a member', 'Registered User, Account Holder', -1),
(258, 0, 1, 206, 200, 1, 'Actor', 'My First Actor', NULL, 'Placeholder', -1),
(259, 0, 4, 206, 200, 1, 'User', 'A public user of the system', 'None', 'Placeholder', -1),
(260, 0, 5, 206, 200, 2, 'Member', 'A user with an account on the system', 'Log in as a member', 'Registered User, Account Holder', -1),
(261, 0, 1, 207, 201, 1, 'Actor', 'My First Actor', NULL, 'Placeholder', -1),
(262, 0, 1, 207, 201, 1, 'User', 'Public user with no account', 'none', 'Public', -1),
(263, 0, 2, 207, 201, 2, 'Trial User', 'User with the free 30 day account', 'none', 'none', -1),
(264, 0, 3, 207, 201, 3, 'Member', 'Member with a paid member plan', 'logged in as member', 'Account holder', -1),
(265, 0, 3, 207, 201, 3, 'Member', 'Member with a paid member plan', 'logged in as member', 'Account holder', 1),
(266, 0, 1, 207, 202, 1, 'User', 'Public user with no account', 'none', 'Public', -1),
(267, 0, 2, 207, 202, 2, 'Trial User', 'User with the free 30 day account', 'none', 'none', -1),
(268, 0, 3, 207, 202, 3, 'Member', 'Member with a paid member plan', 'logged in as member', 'Account holder', 1),
(269, 0, 1, 208, 203, 1, 'Actor', 'My First Actor', NULL, 'Placeholder', -1),
(270, 0, 4, 208, 203, 1, 'User', 'Public user with no account', 'none', 'Public', -1),
(271, 0, 5, 208, 203, 2, 'Trial User', 'User with the free 30 day account', 'none', 'none', -1),
(272, 0, 6, 208, 203, 3, 'Member', 'Member with a paid member plan', 'logged in as member', 'Account holder', 1),
(273, 0, 4, 206, 200, 1, 'User', 'A public user of the system', 'None', 'Public User', -1),
(274, 0, 5, 206, 200, 2, 'Member', 'A user with an account on the system', 'Log in as a member', 'Registered User, Account Holder', 4),
(275, 0, 1, 209, 204, 1, 'Actor', 'My First Actor', NULL, 'Placeholder', -1),
(276, 0, 2, 184, 205, 2, 'User', 'A public user of the system', 'None', 'Public', -1),
(277, 0, 1, 184, 205, 1, 'Member', 'A user who has an account and can access the system.', 'Must be logged in as a member', 'Placeholder', 2),
(278, 0, 43, 206, 200, 2, 'User', 'A public user of the system', 'None', 'Public', -1),
(279, 0, 42, 206, 200, 1, 'Member', 'A user who has an account and can access the system.', 'Must be logged in as a member', 'Placeholder', 2),
(283, 0, 1, 211, 208, 1, 'Actor', 'My First Actor', NULL, 'Placeholder', -1),
(284, 0, 1, 212, 209, 1, 'Actor', 'My First Actor', NULL, 'Placeholder', -1),
(285, 0, 1, 213, 210, 1, 'Actor', 'My First Actor', NULL, 'Placeholder', -1),
(286, 0, 4, 213, 210, 1, 'User', 'A public user of the system', 'None', 'Placeholder', -1),
(287, 0, 5, 213, 210, 2, 'Member', 'A user with an account on the system', 'Log in as a member', 'Registered User, Account Holder', -1),
(288, 0, 1, 215, 212, 1, 'Actor', 'My First Actor', NULL, 'Placeholder', -1),
(289, 0, 5, 215, 212, 2, 'User', 'A public user of the system', 'None', 'Public', -1),
(290, 0, 4, 215, 212, 1, 'Member', 'A user who has an account and can access the system.', 'Must be logged in as a member', 'Placeholder', 2),
(291, 0, 1, 215, 213, 1, 'Actor', 'My First Actor', NULL, 'Placeholder', -1),
(292, 0, 5, 215, 213, 2, 'User', 'A public user of the system', 'None', 'Public', -1),
(293, 0, 4, 215, 213, 1, 'Member', 'A user who has an account and can access the system.', 'Must be logged in as a member', 'Placeholder', 2),
(294, 0, 7, 208, 203, 4, 'Time', 'An actor who initiates scheduled events.', 'Test system must allow for manipulation of the current date/time to allow testing of timed events.', 'None', -1),
(295, 0, 5, 208, 203, 2, 'Trial User', 'User with the free 30 day account', 'none', 'none', 6),
(296, 0, 5, 208, 203, 2, 'Trial User', 'User with the free 30 day account', 'none', 'none', 6),
(297, 0, 6, 208, 203, 3, 'Member', 'Member with a paid member plan', 'logged in as member', 'Account holder', 4),
(298, 0, 4, 208, 214, 1, 'User', 'Public user with no account', 'none', 'Public', -1),
(299, 0, 7, 208, 214, 4, 'Time', 'An actor who initiates scheduled events.', 'Test system must allow for manipulation of the current date/time to allow testing of timed events.', 'None', -1),
(300, 0, 5, 208, 214, 2, 'Trial User', 'User with the free 30 day account', 'none', 'none', 6),
(301, 0, 6, 208, 214, 3, 'Member', 'Member with a paid member plan', 'logged in as member', 'Account holder', 4),
(302, 0, 1, 216, 215, 1, 'Actor', 'My First Actor', NULL, 'Placeholder', -1),
(303, 0, 1, 216, 215, 1, 'Public', 'A member of the public.', 'None', 'non-member', -1),
(304, 0, 4, 216, 215, 1, 'User', 'A public user of the system', 'None', 'Placeholder', -1),
(305, 0, 5, 216, 215, 2, 'Member', 'A user with an account on the system', 'Log in as a member', 'Registered User, Account Holder', -1),
(306, 0, 5, 216, 215, 2, 'Owner', 'A user who owns stores and manages a store group.', 'Log in as a member', 'Store owner', -1),
(315, 0, 5, 216, 215, 2, 'Owner', 'A user who owns stores and manages a store group.', 'Log in as a member', 'Store owner', 4),
(316, 0, 4, 216, 215, 1, 'User', 'A public user of the system', 'None', 'Placeholder', 1),
(317, 0, 4, 216, 215, 1, 'User', 'A public user of the system', 'None', 'Account holder, registered user', 1),
(318, 0, 1, 216, 216, 1, 'Public', 'A member of the public.', 'None', 'non-member', -1),
(319, 0, 5, 216, 216, 2, 'Owner', 'A user who owns stores and manages a store group.', 'Log in as a member', 'Store owner', 4),
(320, 0, 4, 216, 216, 1, 'User', 'A public user of the system', 'None', 'Account holder, registered user', 1),
(321, 0, 1, 217, 217, 1, 'Actor', 'My First Actor', NULL, 'Placeholder', -1),
(322, 0, 1, 218, 218, 1, 'Actor', 'My First Actor', NULL, 'Placeholder', -1),
(323, 0, 4, 219, 219, 1, 'User', 'Public user with no account', 'none', 'Public', -1),
(324, 0, 7, 219, 219, 4, 'Time', 'An actor who initiates scheduled events.', 'Test system must allow for manipulation of the current date/time to allow testing of timed events.', 'None', -1),
(325, 0, 5, 219, 219, 2, 'Trial User', 'User with the free 30 day account', 'none', 'none', 6),
(326, 0, 6, 219, 219, 3, 'Member', 'Member with a paid member plan', 'logged in as member', 'Account holder', 4),
(327, 0, 4, 219, 220, 1, 'User', 'Public user with no account', 'none', 'Public', -1),
(328, 0, 7, 219, 220, 4, 'Time', 'An actor who initiates scheduled events.', 'Test system must allow for manipulation of the current date/time to allow testing of timed events.', 'None', -1),
(329, 0, 6, 219, 220, 3, 'Member', 'Member with a paid member plan', 'logged in as member', 'Account holder', 4),
(330, 0, 1, 220, 221, 1, 'Actor', 'My First Actor', NULL, 'Placeholder', -1),
(331, 0, 7, 220, 221, 1, 'User', 'Public user with no account', 'none', 'Public', -1),
(332, 0, 10, 220, 221, 4, 'Time', 'An actor who initiates scheduled events.', 'Test system must allow for manipulation of the current date/time to allow testing of timed events.', 'None', -1),
(333, 0, 9, 220, 221, 3, 'Member', 'Member with a paid member plan', 'logged in as member', 'Account holder', 4),
(334, 0, 6, 216, 215, 3, 'DPos Administrator ', 'Master Administrator of the cloud system. Has full access to system and mainteneance screen.', '', 'Administrator', -1),
(335, 0, 1, 216, 222, 1, 'Public', 'A member of the public.', 'None', 'non-member', -1),
(336, 0, 5, 216, 222, 2, 'Owner', 'A user who owns stores and manages a store group.', 'Log in as a member', 'Store owner', 4),
(337, 0, 4, 216, 222, 1, 'User', 'A public user of the system', 'None', 'Account holder, registered user', 1),
(338, 0, 6, 216, 222, 3, 'DPos Administrator ', 'Master Administrator of the cloud system. Has full access to system and mainteneance screen.', '', 'Administrator', -1),
(339, 0, 6, 216, 215, 3, 'DPos-Administrator ', 'Master Administrator of the cloud system. Has full access to system and mainteneance screen.', '', 'Administrator', -1),
(340, 0, 6, 216, 215, 3, 'DPos-Administrator ', 'Master Administrator of the cloud system. Has full access to system and mainteneance screen.', '', 'Administrator', 4),
(341, 0, 6, 216, 215, 3, 'DPos-Administrator', 'Master Administrator of the cloud system. Has full access to system and mainteneance screen.', '', 'Administrator', 4),
(342, 0, 4, 216, 215, 1, 'User', 'A user of the system who has an account', 'None', 'Account holder, registered user', 1),
(343, 0, 1, 216, 223, 1, 'Public', 'A member of the public.', 'None', 'non-member', -1),
(344, 0, 5, 216, 223, 2, 'Owner', 'A user who owns stores and manages a store group.', 'Log in as a member', 'Store owner', 4),
(345, 0, 6, 216, 223, 3, 'DPos-Administrator', 'Master Administrator of the cloud system. Has full access to system and mainteneance screen.', '', 'Administrator', 4),
(346, 0, 4, 216, 223, 1, 'User', 'A user of the system who has an account', 'None', 'Account holder, registered user', 1),
(347, 0, 1, 221, 224, 1, 'Actor', 'My First Actor', NULL, 'Placeholder', -1),
(348, 0, 4, 221, 224, 1, 'Public', 'A member of the public.', 'None', 'non-member', -1),
(349, 0, 8, 221, 224, 2, 'Owner', 'A user who owns stores and manages a store group.', 'Log in as a member', 'Store owner', 4),
(350, 0, 9, 221, 224, 3, 'DPos-Administrator', 'Master Administrator of the cloud system. Has full access to system and mainteneance screen.', '', 'Administrator', 4),
(351, 0, 7, 221, 224, 1, 'User', 'A user of the system who has an account', 'None', 'Account holder, registered user', 1),
(352, 0, 1, 222, 225, 1, 'Actor', 'My First Actor', NULL, 'Placeholder', -1),
(362, 0, 1, 229, 232, 1, 'Actor', 'My First Actor', NULL, 'Placeholder', -1);

-- --------------------------------------------------------

--
-- Table structure for table `addresses`
--

CREATE TABLE IF NOT EXISTS `addresses` (
  `id` int(11) NOT NULL AUTO_INCREMENT,
  `name` varchar(255) DEFAULT NULL,
  `address1` varchar(255) DEFAULT NULL,
  `address2` varchar(255) DEFAULT NULL,
  `city` varchar(255) DEFAULT NULL,
  `postcode` varchar(255) DEFAULT NULL,
  `state_id` int(11) DEFAULT NULL,
  `country_id` int(11) DEFAULT NULL,
  `foreign_key` int(11) NOT NULL DEFAULT '0',
  `type` tinyint(4) NOT NULL DEFAULT '1' COMMENT '1=user, 2=company, 3=org, 4=project, 5=contact',
  PRIMARY KEY (`id`)
) ENGINE=InnoDB DEFAULT CHARSET=utf8 AUTO_INCREMENT=1 ;

-- --------------------------------------------------------

--
-- Table structure for table `authassignment`
--

CREATE TABLE IF NOT EXISTS `authassignment` (
  `itemname` varchar(64) NOT NULL,
  `userid` varchar(64) NOT NULL,
  `bizrule` text,
  `data` text,
  PRIMARY KEY (`itemname`,`userid`)
) ENGINE=InnoDB DEFAULT CHARSET=utf8;

-- --------------------------------------------------------

--
-- Table structure for table `authitem`
--

CREATE TABLE IF NOT EXISTS `authitem` (
  `name` varchar(64) NOT NULL,
  `type` int(11) NOT NULL,
  `description` text,
  `bizrule` text,
  `data` text,
  PRIMARY KEY (`name`)
) ENGINE=InnoDB DEFAULT CHARSET=utf8;

--
-- Dumping data for table `authitem`
--

INSERT INTO `authitem` (`name`, `type`, `description`, `bizrule`, `data`) VALUES
('admin', 2, 'ADMIN - Users who are administrators', NULL, 'N;'),
('author', 2, 'AUTHOR - Users who can create content', NULL, 'N;'),
('editor', 2, 'EDITOR - Users who can publish', NULL, 'N;'),
('reports', 0, 'View reports', NULL, 'N;'),
('reports.view', 2, 'report user', NULL, 'N;'),
('users', 0, 'administer users', NULL, 'N;');

-- --------------------------------------------------------

--
-- Table structure for table `authitemchild`
--

CREATE TABLE IF NOT EXISTS `authitemchild` (
  `parent` varchar(64) NOT NULL,
  `child` varchar(64) NOT NULL,
  PRIMARY KEY (`parent`,`child`),
  KEY `child` (`child`)
) ENGINE=InnoDB DEFAULT CHARSET=utf8;

-- --------------------------------------------------------

--
-- Table structure for table `category`
--

CREATE TABLE IF NOT EXISTS `category` (
  `id` int(11) NOT NULL AUTO_INCREMENT,
  `category_id` int(11) NOT NULL,
  `number` varchar(30) NOT NULL,
  `name` varchar(255) NOT NULL,
  `description` text,
  `order` varchar(4) NOT NULL,
  `project_id` int(11) NOT NULL,
  `release_id` int(11) NOT NULL,
  PRIMARY KEY (`id`),
  KEY `project_id` (`project_id`),
  KEY `category_id` (`category_id`),
  KEY `project_id_2` (`project_id`),
  KEY `release_id` (`release_id`)
) ENGINE=InnoDB  DEFAULT CHARSET=utf8 AUTO_INCREMENT=95 ;

--
-- Dumping data for table `category`
--

INSERT INTO `category` (`id`, `category_id`, `number`, `name`, `description`, `order`, `project_id`, `release_id`) VALUES
(47, 1, '1', 'Here is a category', 'Its a category', '1.5', 200, 188),
(48, 1, '1', 'Introduction', 'Introduction to the document', '1.5', 202, 190),
(49, 2, '2', 'Background', 'This is a test', '1.5', 202, 190),
(50, 1, '1', 'Introduction', 'Introduction to the document', '0.5', 202, 190),
(51, 1, '1', 'Introduction', 'Introduction to the document is now somewhat longer.', '0.5', 202, 190),
(52, 1, '1', 'Introduction', 'Introduction to the document again', '0.5', 202, 190),
(53, 1, '1', 'Introduction', 'intro', '1.5', 184, 165),
(54, 1, '1', 'Introduction', 'intro', '0.5', 184, 165),
(55, 1, '1', 'Introduction', 'Introduction to the requirements.', '1.5', 207, 201),
(56, 1, '1', 'Introduction', 'Introduction to the requirements.', '0.5', 207, 201),
(57, 1, '1', 'Introduction', 'Introduction to the requirements.', '0.5', 207, 202),
(58, 4, '1', 'Introduction', 'Introduction to the requirements.', '0.5', 208, 203),
(59, 1, '1', 'Introduction', 'This section provides context and background for this requirements model.', '1.5', 206, 200),
(60, 1, '1', 'Introduction', 'This section provides context and background for this requirements model.', '0.5', 206, 200),
(61, 2, '2', 'Architecture', 'This section provides an overview of the system architecture.', '1.5', 206, 200),
(62, 2, '2', 'Architecture', 'This section provides an overview of the system architecture.', '2.5', 206, 200),
(63, 2, '2', 'Architecture', 'This section provides an overview of the system architecture.', '3.5', 206, 200),
(64, 2, '2', 'Architecture', 'This section provides an overview of the system architecture.', '4.5', 206, 200),
(65, 2, '2', 'Architecture', 'This section provides an overview of the system architecture.', '5.5', 206, 200),
(66, 2, '2', 'Architecture', 'This section provides an overview of the system architecture.', '6.5', 206, 200),
(67, 1, '1', 'Introduction', 'intro', '0.5', 184, 205),
(68, 42, '3', 'Introduction', 'intro', '0.5', 206, 200),
(72, 4, '1', 'Introduction', 'intro', '0.5', 215, 212),
(73, 4, '1', 'Introduction', 'intro', '0.5', 215, 213),
(74, 5, '2', 'Architecture', '<p>This section provides notes on the intended system architecture taking into account that the system has already been implemented using Wordpress and the Paid Membership Pro plug-in.</p>', '1.5', 208, 203),
(75, 5, '2', 'Architecture', '<p>This section provides notes on the intended system architecture taking into account that the system has already been implemented using Wordpress and the Paid Membership Pro plug-in.</p>', '2.5', 208, 203),
(76, 5, '2', 'Architecture', '<p>This section provides notes on the intended system architecture taking into account that the system has already been implemented using Wordpress and the Paid Membership Pro plug-in.</p>', '3.5', 208, 203),
(77, 5, '2', 'Architecture', '<p>This section provides notes on the intended system architecture taking into account that the system has already been implemented using Wordpress and the Paid Membership Pro plug-in.</p>', '4.5', 208, 203),
(78, 5, '2', 'Architecture', '<p>This section provides notes on the intended system architecture taking into account that the system has already been implemented using Wordpress and the Paid Membership Pro plug-in.</p>', '5.5', 208, 203),
(79, 5, '2', 'Architecture', '<p>This section provides notes on the intended system architecture taking into account that the system has already been implemented using Wordpress and the Paid Membership Pro plug-in.</p>', '6.5', 208, 203),
(80, 4, '1', 'Introduction', 'Introduction to the requirements.', '0.5', 208, 214),
(81, 5, '2', 'Architecture', '<p>This section provides notes on the intended system architecture taking into account that the system has already been implemented using Wordpress and the Paid Membership Pro plug-in.</p>', '6.5', 208, 214),
(82, 1, '1', 'Introduction', '<p><br></p>', '1.5', 216, 215),
(83, 1, '1', 'Introduction', '<p><br></p>', '0.5', 216, 215),
(84, 1, '1', 'Introduction', '<p><br></p>', '1.5', 216, 215),
(85, 1, '1', 'Introduction', '<p><br></p>', '0.5', 216, 215),
(86, 1, '1', 'Introduction', '<p><br></p>', '0.5', 216, 216),
(87, 4, '1', 'Introduction', 'Introduction to the requirements.', '0.5', 219, 219),
(88, 5, '2', 'Architecture', '<p>This section provides notes on the intended system architecture taking into account that the system has already been implemented using Wordpress and the Paid Membership Pro plug-in.</p>', '6.5', 219, 219),
(89, 4, '1', 'Introduction', 'Introduction to the requirements.', '0.5', 219, 220),
(90, 7, '1', 'Introduction', 'Introduction to the requirements.', '0.5', 220, 221),
(91, 1, '1', 'Introduction', '<p><br></p>', '0.5', 216, 222),
(92, 1, '1', 'Introduction', '<p><br></p>', '0.5', 216, 223),
(93, 4, '1', 'Introduction', '<p><br></p>', '0.5', 221, 224),
(94, 1, '1', 'Introduction', '<p>An introduction to the system.</p>', '1.5', 229, 232);

-- --------------------------------------------------------

--
-- Table structure for table `changelog`
--

CREATE TABLE IF NOT EXISTS `changelog` (
  `id` int(11) NOT NULL AUTO_INCREMENT,
  `project_id` int(11) NOT NULL,
  `object` varchar(60) NOT NULL,
  `action` varchar(60) NOT NULL,
  `data` text NOT NULL,
  `modified_user` int(11) NOT NULL,
  `modified_date` timestamp NOT NULL DEFAULT CURRENT_TIMESTAMP,
  PRIMARY KEY (`id`)
) ENGINE=InnoDB DEFAULT CHARSET=utf8 AUTO_INCREMENT=1 ;

-- --------------------------------------------------------

--
-- Table structure for table `company`
--

CREATE TABLE IF NOT EXISTS `company` (
  `id` int(11) NOT NULL AUTO_INCREMENT,
  `foreignid` varchar(255) DEFAULT NULL COMMENT 'ID in external system',
  `name` varchar(255) NOT NULL,
  `description` text,
  `logo_id` varchar(255) DEFAULT NULL,
  `owner_id` int(11) NOT NULL,
  `companyowner_id` int(11) NOT NULL DEFAULT '0',
  `type` int(4) NOT NULL COMMENT '1=Builder, 2=Organisation, 3=PM, 4=Consult',
  `organisationtype` int(4) NOT NULL DEFAULT '0' COMMENT 'type if is organisation 1=supplier, 2=subcontract, 3=client, 4=consultant',
  `trade_id` int(11) NOT NULL DEFAULT '0',
  `modified_date` timestamp NOT NULL DEFAULT CURRENT_TIMESTAMP,
  PRIMARY KEY (`id`)
) ENGINE=InnoDB  DEFAULT CHARSET=utf8 AUTO_INCREMENT=543 ;

--
-- Dumping data for table `company`
--

INSERT INTO `company` (`id`, `foreignid`, `name`, `description`, `logo_id`, `owner_id`, `companyowner_id`, `type`, `organisationtype`, `trade_id`, `modified_date`) VALUES
(503, NULL, 'Test Company', 'Testing company', NULL, 113, -1, 1, 0, 0, '2013-12-12 21:06:54'),
(504, NULL, 'Test Company', 'ouoeuo', NULL, 113, 503, 1, 0, 0, '2013-12-12 21:10:26'),
(505, NULL, 'Test Company', 'ouoeuo', NULL, 113, 504, 1, 0, 0, '2013-12-12 21:10:57'),
(506, NULL, 'Knowlen Mowlen', 'aoeu', NULL, 113, 505, 2, 0, 0, '2013-12-20 06:00:13'),
(507, NULL, 'My Company', 'my company', NULL, 114, -1, 1, 0, 0, '2014-03-29 03:32:40'),
(508, NULL, 'Haddergash and Co', 'A company', NULL, 114, 507, 2, 1, 0, '2014-03-30 10:35:46'),
(509, NULL, 'test', 'test', NULL, 115, -1, 1, 0, 0, '2014-04-09 11:45:28'),
(510, NULL, 'Haddergash consulting', 'A consulting company', NULL, 116, -1, 3, 0, 0, '2014-04-16 11:02:53'),
(511, NULL, 'Haddergash consulting', 'second attempt to create', NULL, 117, -1, 3, 0, 0, '2014-04-16 11:16:43'),
(512, NULL, 'A new company', 'company', NULL, 118, -1, 1, 0, 0, '2014-05-05 05:32:08'),
(513, NULL, 'Lovely Co', 'Test if I''m admin', NULL, 120, -1, 1, 0, 0, '2014-05-05 10:25:53'),
(514, NULL, 'Billson Fisher Consulting', 'An IT consulting company specialising in analysis and strategy.', '', 121, -1, 1, 0, 0, '2014-05-13 05:14:58'),
(515, NULL, 'aoe', 'aoe', NULL, 122, -1, 1, 0, 0, '2014-05-13 10:08:56'),
(516, NULL, 'aoeuoae a', 'oaeuao euo u', NULL, 123, -1, 1, 0, 0, '2014-05-13 10:11:26'),
(517, NULL, 'aoeu', 'aoeu', NULL, 124, -1, 1, 0, 0, '2014-05-13 10:22:11'),
(518, NULL, 'aoeuee e eaou ', 'aoeuaoe', NULL, 125, -1, 1, 0, 0, '2014-05-13 10:24:17'),
(519, NULL, 'WineGenius', 'Winegenius.com', NULL, 121, 514, 2, 1, 0, '2014-05-14 05:17:42'),
(520, NULL, 'Wine Genius', 'Online Wine Business', NULL, 127, -1, 3, 0, 0, '2014-05-14 05:24:42'),
(521, NULL, 'TestColaborator', 'test', NULL, 130, -1, 1, 0, 0, '2014-05-14 05:54:20'),
(522, NULL, 'eNuke', 'A software company', NULL, 121, 514, 2, 1, 0, '2014-05-14 06:23:16'),
(523, NULL, 'Percy Corp', 'I made it up', NULL, 121, 514, 2, 1, 0, '2014-05-14 23:14:38'),
(524, NULL, 'Business Architecture solutions', 'Blah', NULL, 132, -1, 3, 0, 0, '2014-05-15 02:53:54'),
(525, NULL, 'Food Consulting', 'Foodservice product dev and compliance', NULL, 133, -1, 1, 0, 0, '2014-05-21 02:22:37'),
(526, NULL, 'testing', 'testing', NULL, 131, -1, 1, 0, 0, '2014-05-21 04:55:09'),
(527, NULL, 'BFC', 'Billson Fisher', NULL, 121, 514, 2, 1, 0, '2014-06-18 02:21:05'),
(528, NULL, 'DPos', 'Dpos software', NULL, 121, 514, 2, 1, 0, '2014-07-07 06:51:44'),
(529, NULL, 'Test', 'test', NULL, 141, -1, 4, 0, 0, '2014-07-15 14:32:36'),
(530, NULL, 'DPos', 'Cloud POS based reporting ', NULL, 142, -1, 1, 0, 0, '2014-07-16 04:56:49'),
(531, NULL, 'oeiu', 'eiu', NULL, 145, -1, 1, 0, 0, '2014-07-16 12:21:59'),
(532, NULL, 'Lan company', 'Hello startup ', NULL, 150, -1, 1, 0, 0, '2014-07-21 08:53:15'),
(533, NULL, 'Billson Fisher Consulting', 'An amazingly productive and helpful consulting company.', NULL, 142, 530, 1, 1, 0, '2014-07-24 23:34:02'),
(534, NULL, 'TEST', 'TEST', NULL, 152, -1, 1, 0, 0, '2014-07-25 15:22:24'),
(535, NULL, 'aoeu', 'A developer of great web applications.', NULL, 140, -1, 1, 0, 0, '2014-07-28 00:03:23'),
(536, NULL, 'BFC', 'aoeu', NULL, 130, 521, 2, 1, 0, '2014-07-28 01:36:33'),
(537, NULL, 'NewColabCo', 'A developer of great web applications.', NULL, 155, -1, 1, 0, 0, '2014-07-28 01:42:03'),
(538, NULL, 'aoeu', 'aoeu', NULL, 121, 514, 2, 1, 0, '2014-07-28 01:45:11');

-- --------------------------------------------------------

--
-- Table structure for table `contact`
--

CREATE TABLE IF NOT EXISTS `contact` (
  `id` int(11) NOT NULL AUTO_INCREMENT,
  `firstname` varchar(255) NOT NULL,
  `lastname` varchar(255) NOT NULL,
  `phone` varchar(50) NOT NULL,
  `mobile` varchar(50) NOT NULL,
  `email` varchar(255) NOT NULL,
  `user_id` int(11) NOT NULL DEFAULT '0' COMMENT '0 = no user',
  `owner_id` int(11) NOT NULL,
  `companyowner_id` int(11) NOT NULL,
  `company_id` int(11) DEFAULT NULL COMMENT 'the company the contact works for',
  PRIMARY KEY (`id`),
  KEY `company_id` (`company_id`)
) ENGINE=InnoDB  DEFAULT CHARSET=utf8 AUTO_INCREMENT=15 ;

--
-- Dumping data for table `contact`
--

INSERT INTO `contact` (`id`, `firstname`, `lastname`, `phone`, `mobile`, `email`, `user_id`, `owner_id`, `companyowner_id`, `company_id`) VALUES
(1, 'Bill', 'Knowlen', '099090', '909090', 'bill@test.com', 0, 113, 505, 506),
(2, 'Tad', 'Haddergash', '989898989', '89898999', 'tad@billson.com', 117, 114, 507, 508),
(3, 'Test', 'Contact', '9989', '9090', 'testly@testing.co.uk', 0, 113, 505, 506),
(4, 'Testing', 'Invite', '99', '999', 'invite@test.com', 118, 113, 505, 506),
(5, 'Chris', 'Bolden', '4523234', '234324', 'chris@winegenius.com', 127, 121, 514, 519),
(6, 'Test', 'User', '2345', '2345', 'test_colab@billson.com', 130, 121, 514, 519),
(7, 'Abhishek', 'Saini', '7777', '7777', 'abhishek.saini@enukesoftware.com', 131, 121, 514, 522),
(8, 'Tim', 'Percy', '787877', '787887', 'tim.percy@bigpond.com', 0, 121, 514, 523),
(9, 'Test', 'Collaborator', '456465', '', 'test_colab@billson.com', 130, 121, 514, 527),
(10, 'Luke', 'Payne', '2', '2', 'luke@dsoft.com.au', 142, 121, 514, 528),
(11, 'Daniel', 'Canil', '1', '1', 'daniel@dsoft.com.au', 0, 121, 514, 528),
(12, 'James', 'Billson', '123', '123', 'james@billson.com', 121, 142, 530, 533),
(13, 'New', 'Colloborator', 'aoeu', 'aou', 'newcolab@billson.com', 155, 130, 521, 536),
(14, 'Email', 'Test', 'aoeu', 'aou', 'testagain@billson.com', 156, 121, 514, 538);

-- --------------------------------------------------------

--
-- Table structure for table `countries`
--

CREATE TABLE IF NOT EXISTS `countries` (
  `id` int(11) unsigned NOT NULL AUTO_INCREMENT,
  `iso` varchar(45) DEFAULT NULL,
  `iso3` varchar(45) DEFAULT NULL,
  `fips` varchar(45) DEFAULT NULL,
  `country` varchar(45) DEFAULT NULL,
  `continent` varchar(45) DEFAULT NULL,
  `currency_code` varchar(45) DEFAULT NULL,
  `currency_name` varchar(45) DEFAULT NULL,
  `phone_prefix` varchar(45) DEFAULT NULL,
  `postal_code` varchar(45) DEFAULT NULL,
  `languages` varchar(45) DEFAULT NULL,
  `geonameid` varchar(45) DEFAULT NULL,
  PRIMARY KEY (`id`)
) ENGINE=InnoDB DEFAULT CHARSET=utf8 AUTO_INCREMENT=1 ;

-- --------------------------------------------------------

--
-- Table structure for table `diary`
--

CREATE TABLE IF NOT EXISTS `diary` (
  `id` int(11) NOT NULL AUTO_INCREMENT,
  `title` varchar(255) NOT NULL,
  `content` text NOT NULL,
  `project_id` int(11) NOT NULL,
  `user_id` int(11) NOT NULL,
  `create_date` timestamp NOT NULL DEFAULT CURRENT_TIMESTAMP,
  PRIMARY KEY (`id`),
  KEY `user_id` (`user_id`)
) ENGINE=InnoDB DEFAULT CHARSET=utf8 AUTO_INCREMENT=1 ;

-- --------------------------------------------------------

--
-- Table structure for table `document`
--

CREATE TABLE IF NOT EXISTS `document` (
  `id` int(11) NOT NULL AUTO_INCREMENT,
  `name` varchar(255) NOT NULL,
  `description` text NOT NULL,
  `type` tinyint(1) NOT NULL DEFAULT '1' COMMENT '1=project, 2=package',
  `foreign_key` int(11) NOT NULL,
  `document_type` int(11) NOT NULL,
  `modified_date` timestamp NOT NULL DEFAULT CURRENT_TIMESTAMP,
  `modified` int(11) NOT NULL,
  PRIMARY KEY (`id`),
  KEY `foriegn_key` (`foreign_key`),
  KEY `modified` (`modified`)
) ENGINE=InnoDB  DEFAULT CHARSET=utf8 AUTO_INCREMENT=2 ;

--
-- Dumping data for table `document`
--

INSERT INTO `document` (`id`, `name`, `description`, `type`, `foreign_key`, `document_type`, `modified_date`, `modified`) VALUES
(1, 'Target Business Model', 'Plan do check act', 1, 139, 65, '2014-03-29 13:00:00', 114);

-- --------------------------------------------------------

--
-- Table structure for table `documenttype`
--

CREATE TABLE IF NOT EXISTS `documenttype` (
  `id` bigint(11) unsigned NOT NULL AUTO_INCREMENT,
  `company_id` bigint(11) NOT NULL,
  `name` varchar(255) NOT NULL,
  `description` text,
  PRIMARY KEY (`id`)
) ENGINE=InnoDB  DEFAULT CHARSET=latin1 AUTO_INCREMENT=196 ;

--
-- Dumping data for table `documenttype`
--

INSERT INTO `documenttype` (`id`, `company_id`, `name`, `description`) VALUES
(56, 505, 'Architectural', 'Architectural'),
(57, 505, 'Engineering', 'Engineering'),
(58, 505, 'Services', 'Services'),
(59, 505, 'Planning', 'Planning'),
(60, 505, 'General', 'General'),
(61, 507, 'Architectural', 'Architectural'),
(62, 507, 'Engineering', 'Engineering'),
(63, 507, 'Services', 'Services'),
(64, 507, 'Planning', 'Planning'),
(65, 507, 'General', 'General'),
(66, 509, 'Architectural', 'Architectural'),
(67, 509, 'Engineering', 'Engineering'),
(68, 509, 'Services', 'Services'),
(69, 509, 'Planning', 'Planning'),
(70, 509, 'General', 'General'),
(71, 510, 'Architectural', 'Architectural'),
(72, 510, 'Engineering', 'Engineering'),
(73, 510, 'Services', 'Services'),
(74, 510, 'Planning', 'Planning'),
(75, 510, 'General', 'General'),
(76, 511, 'Architectural', 'Architectural'),
(77, 511, 'Engineering', 'Engineering'),
(78, 511, 'Services', 'Services'),
(79, 511, 'Planning', 'Planning'),
(80, 511, 'General', 'General'),
(81, 512, 'Architectural', 'Architectural'),
(82, 512, 'Engineering', 'Engineering'),
(83, 512, 'Services', 'Services'),
(84, 512, 'Planning', 'Planning'),
(85, 512, 'General', 'General'),
(86, 513, 'Architectural', 'Architectural'),
(87, 513, 'Engineering', 'Engineering'),
(88, 513, 'Services', 'Services'),
(89, 513, 'Planning', 'Planning'),
(90, 513, 'General', 'General'),
(91, 514, 'Architectural', 'Architectural'),
(92, 514, 'Engineering', 'Engineering'),
(93, 514, 'Services', 'Services'),
(94, 514, 'Planning', 'Planning'),
(95, 514, 'General', 'General'),
(96, 515, 'Architectural', 'Architectural'),
(97, 515, 'Engineering', 'Engineering'),
(98, 515, 'Services', 'Services'),
(99, 515, 'Planning', 'Planning'),
(100, 515, 'General', 'General'),
(101, 516, 'Architectural', 'Architectural'),
(102, 516, 'Engineering', 'Engineering'),
(103, 516, 'Services', 'Services'),
(104, 516, 'Planning', 'Planning'),
(105, 516, 'General', 'General'),
(106, 517, 'Architectural', 'Architectural'),
(107, 517, 'Engineering', 'Engineering'),
(108, 517, 'Services', 'Services'),
(109, 517, 'Planning', 'Planning'),
(110, 517, 'General', 'General'),
(111, 518, 'Architectural', 'Architectural'),
(112, 518, 'Engineering', 'Engineering'),
(113, 518, 'Services', 'Services'),
(114, 518, 'Planning', 'Planning'),
(115, 518, 'General', 'General'),
(116, 520, 'Architectural', 'Architectural'),
(117, 520, 'Engineering', 'Engineering'),
(118, 520, 'Services', 'Services'),
(119, 520, 'Planning', 'Planning'),
(120, 520, 'General', 'General'),
(121, 521, 'Architectural', 'Architectural'),
(122, 521, 'Engineering', 'Engineering'),
(123, 521, 'Services', 'Services'),
(124, 521, 'Planning', 'Planning'),
(125, 521, 'General', 'General'),
(126, 524, 'Architectural', 'Architectural'),
(127, 524, 'Engineering', 'Engineering'),
(128, 524, 'Services', 'Services'),
(129, 524, 'Planning', 'Planning'),
(130, 524, 'General', 'General'),
(131, 525, 'Architectural', 'Architectural'),
(132, 525, 'Engineering', 'Engineering'),
(133, 525, 'Services', 'Services'),
(134, 525, 'Planning', 'Planning'),
(135, 525, 'General', 'General'),
(136, 526, 'Architectural', 'Architectural'),
(137, 526, 'Engineering', 'Engineering'),
(138, 526, 'Services', 'Services'),
(139, 526, 'Planning', 'Planning'),
(140, 526, 'General', 'General'),
(141, 529, 'Architectural', 'Architectural'),
(142, 529, 'Engineering', 'Engineering'),
(143, 529, 'Services', 'Services'),
(144, 529, 'Planning', 'Planning'),
(145, 529, 'General', 'General'),
(146, 530, 'Architectural', 'Architectural'),
(147, 530, 'Engineering', 'Engineering'),
(148, 530, 'Services', 'Services'),
(149, 530, 'Planning', 'Planning'),
(150, 530, 'General', 'General'),
(151, 531, 'Architectural', 'Architectural'),
(152, 531, 'Engineering', 'Engineering'),
(153, 531, 'Services', 'Services'),
(154, 531, 'Planning', 'Planning'),
(155, 531, 'General', 'General'),
(156, 532, 'Architectural', 'Architectural'),
(157, 532, 'Engineering', 'Engineering'),
(158, 532, 'Services', 'Services'),
(159, 532, 'Planning', 'Planning'),
(160, 532, 'General', 'General'),
(161, 534, 'Architectural', 'Architectural'),
(162, 534, 'Engineering', 'Engineering'),
(163, 534, 'Services', 'Services'),
(164, 534, 'Planning', 'Planning'),
(165, 534, 'General', 'General'),
(166, 535, 'Architectural', 'Architectural'),
(167, 535, 'Engineering', 'Engineering'),
(168, 535, 'Services', 'Services'),
(169, 535, 'Planning', 'Planning'),
(170, 535, 'General', 'General'),
(171, 537, 'Architectural', 'Architectural'),
(172, 537, 'Engineering', 'Engineering'),
(173, 537, 'Services', 'Services'),
(174, 537, 'Planning', 'Planning'),
(175, 537, 'General', 'General'),
(176, 539, 'Architectural', 'Architectural'),
(177, 539, 'Engineering', 'Engineering'),
(178, 539, 'Services', 'Services'),
(179, 539, 'Planning', 'Planning'),
(180, 539, 'General', 'General'),
(181, 540, 'Architectural', 'Architectural'),
(182, 540, 'Engineering', 'Engineering'),
(183, 540, 'Services', 'Services'),
(184, 540, 'Planning', 'Planning'),
(185, 540, 'General', 'General'),
(186, 541, 'Architectural', 'Architectural'),
(187, 541, 'Engineering', 'Engineering'),
(188, 541, 'Services', 'Services'),
(189, 541, 'Planning', 'Planning'),
(190, 541, 'General', 'General'),
(191, 542, 'Architectural', 'Architectural'),
(192, 542, 'Engineering', 'Engineering'),
(193, 542, 'Services', 'Services'),
(194, 542, 'Planning', 'Planning'),
(195, 542, 'General', 'General');

-- --------------------------------------------------------

--
-- Table structure for table `documentversion`
--

CREATE TABLE IF NOT EXISTS `documentversion` (
  `id` int(11) NOT NULL AUTO_INCREMENT,
  `document_id` int(11) NOT NULL,
  `version` varchar(30) NOT NULL,
  `date` date NOT NULL,
  `file` varchar(255) NOT NULL,
  `modified` int(11) NOT NULL,
  `modified_date` timestamp NOT NULL DEFAULT CURRENT_TIMESTAMP,
  PRIMARY KEY (`id`),
  KEY `modified` (`modified`),
  KEY `document_id` (`document_id`)
) ENGINE=InnoDB  DEFAULT CHARSET=utf8 AUTO_INCREMENT=2 ;

--
-- Dumping data for table `documentversion`
--

INSERT INTO `documentversion` (`id`, `document_id`, `version`, `date`, `file`, `modified`, `modified_date`) VALUES
(1, 1, '1.0', '2014-03-04', '5337f3f7255fe.pdf', 114, '2014-03-29 13:00:00');

-- --------------------------------------------------------

--
-- Table structure for table `flow`
--

CREATE TABLE IF NOT EXISTS `flow` (
  `id` int(11) NOT NULL AUTO_INCREMENT,
  `flow_id` int(11) NOT NULL,
  `number` int(11) DEFAULT NULL,
  `project_id` int(11) NOT NULL,
  `release_id` int(11) NOT NULL,
  `name` varchar(30) NOT NULL,
  `usecase_id` int(11) NOT NULL,
  `main` tinyint(1) NOT NULL,
  `startstep_id` int(11) NOT NULL,
  `rejoinstep_id` int(11) NOT NULL,
  PRIMARY KEY (`id`),
  KEY `usecase_id` (`usecase_id`),
  KEY `startstep_id` (`startstep_id`),
  KEY `rejoinstep_id` (`rejoinstep_id`),
  KEY `flow_id` (`flow_id`),
  KEY `project_id` (`project_id`),
  KEY `release_id` (`release_id`)
) ENGINE=InnoDB  DEFAULT CHARSET=utf8 AUTO_INCREMENT=784 ;

--
-- Dumping data for table `flow`
--

INSERT INTO `flow` (`id`, `flow_id`, `number`, `project_id`, `release_id`, `name`, `usecase_id`, `main`, `startstep_id`, `rejoinstep_id`) VALUES
(338, 1, NULL, 184, 165, 'Main', 1, 1, 0, 0),
(339, 2, NULL, 184, 165, 'Main', 2, 1, 0, 0),
(340, 3, NULL, 184, 165, 'Main', 3, 1, 0, 0),
(341, 4, NULL, 184, 165, 'Main', 4, 1, 0, 0),
(342, 5, NULL, 184, 165, 'Main', 5, 1, 0, 0),
(343, 6, NULL, 184, 165, 'Main', 6, 1, 0, 0),
(356, 1, NULL, 193, 177, 'Main', 1, 1, 0, 0),
(361, 1, NULL, 199, 186, 'Main', 1, 1, 0, 0),
(362, 2, NULL, 199, 186, 'Main', 2, 1, 0, 0),
(363, 3, NULL, 199, 186, 'Main', 3, 1, 0, 0),
(364, 4, NULL, 199, 186, 'Main', 4, 1, 0, 0),
(365, 5, NULL, 199, 186, 'Main', 5, 1, 0, 0),
(366, 1, NULL, 199, 187, 'Main', 1, 1, 0, 0),
(367, 2, NULL, 199, 187, 'Main', 2, 1, 0, 0),
(368, 3, NULL, 199, 187, 'Main', 3, 1, 0, 0),
(369, 4, NULL, 199, 187, 'Main', 4, 1, 0, 0),
(370, 5, NULL, 199, 187, 'Main', 5, 1, 0, 0),
(371, 7, NULL, 184, 165, 'Main', 7, 1, 0, 0),
(372, 8, NULL, 184, 165, 'Main', 8, 1, 0, 0),
(374, 1, NULL, 200, 188, 'Main', 1, 1, 0, 0),
(375, 4, NULL, 200, 188, 'Main', 4, 1, 3, 3),
(376, 5, NULL, 200, 188, 'Main', 5, 1, 3, 3),
(377, 6, NULL, 200, 188, 'Main', 6, 1, 3, 3),
(378, 7, NULL, 200, 188, 'Main', 7, 1, 3, 3),
(379, 8, NULL, 200, 188, 'Main', 8, 1, 3, 3),
(409, 6, NULL, 199, 187, 'Main', 6, 1, 0, 0),
(410, 7, NULL, 199, 187, 'Main', 7, 1, 0, 0),
(411, 8, NULL, 199, 187, 'Main', 8, 1, 0, 0),
(412, 4, NULL, 202, 190, 'Main', 4, 1, 3, 3),
(413, 5, NULL, 202, 190, 'Main', 5, 1, 3, 3),
(414, 6, NULL, 202, 190, 'Main', 6, 1, 3, 3),
(415, 7, NULL, 202, 190, 'Main', 7, 1, 3, 3),
(416, 8, NULL, 202, 190, 'Main', 8, 1, 3, 3),
(417, 9, NULL, 202, 190, 'Main', 9, 1, 0, 0),
(418, 10, NULL, 202, 190, 'Main', 10, 1, 0, 0),
(419, 11, NULL, 202, 190, 'Main', 11, 1, 0, 0),
(420, 12, NULL, 202, 190, 'Main', 12, 1, 0, 0),
(421, 13, NULL, 202, 190, 'Main', 13, 1, 0, 0),
(438, 4, NULL, 206, 199, 'Main', 4, 1, 3, 3),
(439, 5, NULL, 206, 199, 'Main', 5, 1, 3, 3),
(440, 6, NULL, 206, 199, 'Main', 6, 1, 3, 3),
(441, 7, NULL, 206, 199, 'Main', 7, 1, 3, 3),
(442, 8, NULL, 206, 199, 'Main', 8, 1, 3, 3),
(443, 4, NULL, 206, 200, 'Main', 4, 1, 3, 3),
(444, 5, NULL, 206, 200, 'Main', 5, 1, 3, 3),
(445, 6, NULL, 206, 200, 'Main', 6, 1, 3, 3),
(446, 7, NULL, 206, 200, 'Main', 7, 1, 3, 3),
(447, 8, NULL, 206, 200, 'Main', 8, 1, 3, 3),
(448, 1, NULL, 207, 201, 'Main', 1, 1, 0, 0),
(449, 2, NULL, 207, 201, 'Main', 2, 1, 0, 0),
(450, 3, NULL, 207, 201, 'Main', 3, 1, 0, 0),
(451, 1, NULL, 207, 202, 'Main', 1, 1, 0, 0),
(452, 2, NULL, 207, 202, 'Main', 2, 1, 0, 0),
(453, 3, NULL, 207, 202, 'Main', 3, 1, 0, 0),
(454, 4, NULL, 208, 203, 'Main', 4, 1, 3, 3),
(455, 5, NULL, 208, 203, 'Main', 5, 1, 3, 3),
(456, 6, NULL, 208, 203, 'Main', 6, 1, 3, 3),
(457, 9, NULL, 206, 200, 'Main', 9, 1, 0, 0),
(458, 10, NULL, 206, 200, 'Main', 10, 1, 0, 0),
(459, 11, NULL, 206, 200, 'Main', 11, 1, 0, 0),
(460, 12, NULL, 206, 200, 'Main', 12, 1, 0, 0),
(461, 13, NULL, 206, 200, 'Main', 13, 1, 0, 0),
(462, 14, NULL, 206, 200, 'Main', 14, 1, 0, 0),
(463, 15, NULL, 206, 200, 'Main', 15, 1, 0, 0),
(464, 16, NULL, 206, 200, 'Main', 16, 1, 0, 0),
(465, 17, NULL, 206, 200, 'Main', 17, 1, 0, 0),
(466, 18, NULL, 206, 200, 'Main', 18, 1, 0, 0),
(467, 19, NULL, 206, 200, 'Main', 19, 1, 0, 0),
(468, 20, NULL, 206, 200, 'Main', 20, 1, 0, 0),
(469, 21, NULL, 206, 200, 'Main', 21, 1, 0, 0),
(470, 22, NULL, 206, 200, 'Main', 22, 1, 0, 0),
(471, 23, NULL, 206, 200, 'Main', 23, 1, 0, 0),
(472, 24, NULL, 206, 200, 'Main', 24, 1, 0, 0),
(473, 25, NULL, 206, 200, 'Main', 25, 1, 0, 0),
(474, 26, NULL, 206, 200, 'Main', 26, 1, 0, 0),
(475, 27, NULL, 206, 200, 'A', 26, 0, 33, 33),
(476, 28, NULL, 206, 200, 'Main', 27, 1, 0, 0),
(477, 29, NULL, 206, 200, 'Main', 28, 1, 0, 0),
(478, 30, NULL, 206, 200, 'Main', 29, 1, 0, 0),
(479, 31, NULL, 206, 200, 'Main', 30, 1, 0, 0),
(480, 32, NULL, 206, 200, 'Main', 31, 1, 0, 0),
(481, 33, NULL, 206, 200, 'Main', 32, 1, 0, 0),
(482, 9, NULL, 184, 165, 'Main', 9, 1, 0, 0),
(483, 10, NULL, 184, 165, 'Main', 10, 1, 0, 0),
(484, 11, NULL, 184, 165, 'Main', 11, 1, 0, 0),
(485, 12, NULL, 184, 165, 'Main', 12, 1, 0, 0),
(486, 13, NULL, 184, 165, 'Main', 13, 1, 0, 0),
(487, 14, NULL, 184, 165, 'Main', 14, 1, 0, 0),
(488, 15, NULL, 184, 165, 'Main', 15, 1, 0, 0),
(489, 16, NULL, 184, 165, 'Main', 16, 1, 0, 0),
(490, 17, NULL, 184, 165, 'Main', 17, 1, 0, 0),
(491, 18, NULL, 184, 165, 'Main', 18, 1, 0, 0),
(492, 19, NULL, 184, 165, 'Main', 19, 1, 0, 0),
(493, 20, NULL, 184, 165, 'Main', 20, 1, 0, 0),
(494, 21, NULL, 184, 165, 'Main', 21, 1, 0, 0),
(495, 22, NULL, 184, 165, 'Main', 22, 1, 0, 0),
(496, 23, NULL, 184, 165, 'A', 22, 0, 24, 24),
(497, 24, NULL, 184, 165, 'Main', 23, 1, 0, 0),
(498, 1, NULL, 184, 205, 'Main', 1, 1, 0, 0),
(499, 2, NULL, 184, 205, 'Main', 2, 1, 0, 0),
(500, 3, NULL, 184, 205, 'Main', 3, 1, 0, 0),
(501, 4, NULL, 184, 205, 'Main', 4, 1, 0, 0),
(502, 5, NULL, 184, 205, 'Main', 5, 1, 0, 0),
(503, 6, NULL, 184, 205, 'Main', 6, 1, 0, 0),
(504, 7, NULL, 184, 205, 'Main', 7, 1, 0, 0),
(505, 8, NULL, 184, 205, 'Main', 8, 1, 0, 0),
(506, 9, NULL, 184, 205, 'Main', 9, 1, 0, 0),
(507, 10, NULL, 184, 205, 'Main', 10, 1, 0, 0),
(508, 11, NULL, 184, 205, 'Main', 11, 1, 0, 0),
(509, 12, NULL, 184, 205, 'Main', 12, 1, 0, 0),
(510, 13, NULL, 184, 205, 'Main', 13, 1, 0, 0),
(511, 14, NULL, 184, 205, 'Main', 14, 1, 0, 0),
(512, 15, NULL, 184, 205, 'Main', 15, 1, 0, 0),
(513, 16, NULL, 184, 205, 'Main', 16, 1, 0, 0),
(514, 17, NULL, 184, 205, 'Main', 17, 1, 0, 0),
(515, 18, NULL, 184, 205, 'Main', 18, 1, 0, 0),
(516, 19, NULL, 184, 205, 'Main', 19, 1, 0, 0),
(517, 20, NULL, 184, 205, 'Main', 20, 1, 0, 0),
(518, 21, NULL, 184, 205, 'Main', 21, 1, 0, 0),
(519, 22, NULL, 184, 205, 'Main', 22, 1, 0, 0),
(520, 23, NULL, 184, 205, 'A', 22, 0, 24, 24),
(521, 24, NULL, 184, 205, 'Main', 23, 1, 0, 0),
(522, 42, NULL, 206, 200, 'Main', 42, 1, 41, 41),
(523, 43, NULL, 206, 200, 'Main', 43, 1, 41, 41),
(524, 44, NULL, 206, 200, 'Main', 44, 1, 41, 41),
(525, 45, NULL, 206, 200, 'Main', 45, 1, 41, 41),
(526, 46, NULL, 206, 200, 'Main', 46, 1, 41, 41),
(527, 47, NULL, 206, 200, 'Main', 47, 1, 41, 41),
(528, 48, NULL, 206, 200, 'Main', 48, 1, 41, 41),
(529, 49, NULL, 206, 200, 'Main', 49, 1, 41, 41),
(530, 50, NULL, 206, 200, 'Main', 50, 1, 41, 41),
(531, 51, NULL, 206, 200, 'Main', 51, 1, 41, 41),
(532, 52, NULL, 206, 200, 'Main', 52, 1, 41, 41),
(533, 53, NULL, 206, 200, 'Main', 53, 1, 41, 41),
(534, 54, NULL, 206, 200, 'Main', 54, 1, 41, 41),
(535, 55, NULL, 206, 200, 'Main', 55, 1, 41, 41),
(536, 56, NULL, 206, 200, 'Main', 56, 1, 41, 41),
(537, 57, NULL, 206, 200, 'Main', 57, 1, 41, 41),
(538, 58, NULL, 206, 200, 'Main', 58, 1, 41, 41),
(539, 59, NULL, 206, 200, 'Main', 59, 1, 41, 41),
(540, 60, NULL, 206, 200, 'Main', 60, 1, 41, 41),
(541, 61, NULL, 206, 200, 'Main', 61, 1, 41, 41),
(542, 62, NULL, 206, 200, 'Main', 62, 1, 41, 41),
(543, 63, NULL, 206, 200, 'Main', 63, 1, 41, 41),
(544, 64, NULL, 206, 200, 'A', 63, 0, 65, 65),
(545, 65, NULL, 206, 200, 'Main', 64, 1, 41, 41),
(556, 4, NULL, 213, 210, 'Main', 4, 1, 3, 3),
(557, 5, NULL, 213, 210, 'Main', 5, 1, 3, 3),
(558, 6, NULL, 213, 210, 'Main', 6, 1, 3, 3),
(559, 7, NULL, 213, 210, 'Main', 7, 1, 3, 3),
(560, 8, NULL, 213, 210, 'Main', 8, 1, 3, 3),
(561, 66, NULL, 206, 200, 'Main', 65, 1, 0, 0),
(562, 67, NULL, 206, 200, 'Main', 66, 1, 0, 0),
(563, 4, NULL, 215, 212, 'Main', 4, 1, 3, 3),
(564, 5, NULL, 215, 212, 'Main', 5, 1, 3, 3),
(565, 6, NULL, 215, 212, 'Main', 6, 1, 3, 3),
(566, 7, NULL, 215, 212, 'Main', 7, 1, 3, 3),
(567, 8, NULL, 215, 212, 'Main', 8, 1, 3, 3),
(568, 9, NULL, 215, 212, 'Main', 9, 1, 3, 3),
(569, 10, NULL, 215, 212, 'Main', 10, 1, 3, 3),
(570, 11, NULL, 215, 212, 'Main', 11, 1, 3, 3),
(571, 12, NULL, 215, 212, 'Main', 12, 1, 3, 3),
(572, 13, NULL, 215, 212, 'Main', 13, 1, 3, 3),
(573, 14, NULL, 215, 212, 'Main', 14, 1, 3, 3),
(574, 15, NULL, 215, 212, 'Main', 15, 1, 3, 3),
(575, 16, NULL, 215, 212, 'Main', 16, 1, 3, 3),
(576, 17, NULL, 215, 212, 'Main', 17, 1, 3, 3),
(577, 18, NULL, 215, 212, 'Main', 18, 1, 3, 3),
(578, 19, NULL, 215, 212, 'Main', 19, 1, 3, 3),
(579, 20, NULL, 215, 212, 'Main', 20, 1, 3, 3),
(580, 21, NULL, 215, 212, 'Main', 21, 1, 3, 3),
(581, 22, NULL, 215, 212, 'Main', 22, 1, 3, 3),
(582, 23, NULL, 215, 212, 'Main', 23, 1, 3, 3),
(583, 24, NULL, 215, 212, 'Main', 24, 1, 3, 3),
(584, 25, NULL, 215, 212, 'Main', 25, 1, 3, 3),
(585, 26, NULL, 215, 212, 'A', 25, 0, 27, 27),
(586, 27, NULL, 215, 212, 'Main', 26, 1, 3, 3),
(587, 4, NULL, 215, 213, 'Main', 4, 1, 3, 3),
(588, 5, NULL, 215, 213, 'Main', 5, 1, 3, 3),
(589, 6, NULL, 215, 213, 'Main', 6, 1, 3, 3),
(590, 7, NULL, 215, 213, 'Main', 7, 1, 3, 3),
(591, 8, NULL, 215, 213, 'Main', 8, 1, 3, 3),
(592, 9, NULL, 215, 213, 'Main', 9, 1, 3, 3),
(593, 10, NULL, 215, 213, 'Main', 10, 1, 3, 3),
(594, 11, NULL, 215, 213, 'Main', 11, 1, 3, 3),
(595, 12, NULL, 215, 213, 'Main', 12, 1, 3, 3),
(596, 13, NULL, 215, 213, 'Main', 13, 1, 3, 3),
(597, 14, NULL, 215, 213, 'Main', 14, 1, 3, 3),
(598, 15, NULL, 215, 213, 'Main', 15, 1, 3, 3),
(599, 16, NULL, 215, 213, 'Main', 16, 1, 3, 3),
(600, 17, NULL, 215, 213, 'Main', 17, 1, 3, 3),
(601, 18, NULL, 215, 213, 'Main', 18, 1, 3, 3),
(602, 19, NULL, 215, 213, 'Main', 19, 1, 3, 3),
(603, 20, NULL, 215, 213, 'Main', 20, 1, 3, 3),
(604, 21, NULL, 215, 213, 'Main', 21, 1, 3, 3),
(605, 22, NULL, 215, 213, 'Main', 22, 1, 3, 3),
(606, 23, NULL, 215, 213, 'Main', 23, 1, 3, 3),
(607, 24, NULL, 215, 213, 'Main', 24, 1, 3, 3),
(608, 25, NULL, 215, 213, 'Main', 25, 1, 3, 3),
(609, 26, NULL, 215, 213, 'A', 25, 0, 27, 27),
(610, 27, NULL, 215, 213, 'Main', 26, 1, 3, 3),
(611, 7, NULL, 208, 203, 'A', 4, 0, 8, 8),
(612, 8, NULL, 208, 203, 'Main', 7, 1, 0, 0),
(613, 9, NULL, 208, 203, 'Main', 8, 1, 0, 0),
(614, 10, NULL, 208, 203, 'A', 5, 0, 14, 14),
(615, 11, NULL, 208, 203, 'Main', 9, 1, 0, 0),
(616, 12, NULL, 208, 203, 'A', 6, 0, 6, 18),
(617, 13, NULL, 208, 203, 'Main', 10, 1, 0, 0),
(618, 14, NULL, 208, 203, 'Main', 11, 1, 0, 0),
(620, 15, NULL, 208, 203, 'B', 5, 0, 14, 14),
(621, 16, NULL, 208, 203, 'A', 8, 0, 27, 27),
(622, 17, NULL, 208, 203, 'A', 9, 0, 22, 22),
(623, 4, NULL, 208, 214, 'Main', 4, 1, 3, 3),
(624, 5, NULL, 208, 214, 'Main', 5, 1, 3, 3),
(625, 6, NULL, 208, 214, 'Main', 6, 1, 3, 3),
(626, 7, NULL, 208, 214, 'A', 4, 0, 8, 8),
(627, 8, NULL, 208, 214, 'Main', 7, 1, 0, 0),
(628, 9, NULL, 208, 214, 'Main', 8, 1, 0, 0),
(629, 10, NULL, 208, 214, 'A', 5, 0, 14, 14),
(630, 11, NULL, 208, 214, 'Main', 9, 1, 0, 0),
(631, 12, NULL, 208, 214, 'A', 6, 0, 6, 18),
(632, 13, NULL, 208, 214, 'Main', 10, 1, 0, 0),
(633, 14, NULL, 208, 214, 'Main', 11, 1, 0, 0),
(634, 15, NULL, 208, 214, 'B', 5, 0, 14, 14),
(635, 16, NULL, 208, 214, 'A', 8, 0, 27, 27),
(636, 17, NULL, 208, 214, 'A', 9, 0, 22, 22),
(637, 1, NULL, 216, 215, 'Main', 1, 1, 0, 0),
(638, 4, NULL, 216, 215, 'Main', 4, 1, 3, 3),
(639, 5, NULL, 216, 215, 'Main', 5, 1, 3, 3),
(640, 6, NULL, 216, 215, 'Main', 6, 1, 3, 3),
(641, 7, NULL, 216, 215, 'Main', 7, 1, 3, 3),
(642, 8, NULL, 216, 215, 'Main', 8, 1, 3, 3),
(643, 9, NULL, 216, 215, 'A', 4, 0, 9, 9),
(664, 10, NULL, 216, 215, 'Main', 9, 1, 0, 0),
(665, 11, NULL, 216, 215, 'Main', 10, 1, 0, 0),
(666, 12, NULL, 216, 215, 'A', 5, 0, 13, 13),
(667, 1, NULL, 216, 216, 'Main', 1, 1, 0, 0),
(668, 4, NULL, 216, 216, 'Main', 4, 1, 3, 3),
(669, 5, NULL, 216, 216, 'Main', 5, 1, 3, 3),
(670, 6, NULL, 216, 216, 'Main', 6, 1, 3, 3),
(671, 7, NULL, 216, 216, 'Main', 7, 1, 3, 3),
(672, 8, NULL, 216, 216, 'Main', 8, 1, 3, 3),
(673, 9, NULL, 216, 216, 'A', 4, 0, 9, 9),
(674, 10, NULL, 216, 216, 'Main', 9, 1, 0, 0),
(675, 11, NULL, 216, 216, 'Main', 10, 1, 0, 0),
(676, 12, NULL, 216, 216, 'A', 5, 0, 13, 13),
(677, 4, NULL, 219, 219, 'Main', 4, 1, 3, 3),
(678, 5, NULL, 219, 219, 'Main', 5, 1, 3, 3),
(679, 6, NULL, 219, 219, 'Main', 6, 1, 3, 3),
(680, 7, NULL, 219, 219, 'A', 4, 0, 8, 8),
(681, 8, NULL, 219, 219, 'Main', 7, 1, 0, 0),
(682, 9, NULL, 219, 219, 'Main', 8, 1, 0, 0),
(683, 10, NULL, 219, 219, 'A', 5, 0, 13, 13),
(684, 11, NULL, 219, 219, 'Main', 9, 1, 0, 0),
(685, 12, NULL, 219, 219, 'A', 6, 0, 6, 18),
(686, 13, NULL, 219, 219, 'Main', 10, 1, 0, 0),
(687, 14, NULL, 219, 219, 'Main', 11, 1, 0, 0),
(688, 15, NULL, 219, 219, 'B', 5, 0, 13, 13),
(689, 16, NULL, 219, 219, 'A', 8, 0, 27, 27),
(690, 17, NULL, 219, 219, 'A', 9, 0, 22, 22),
(691, 18, NULL, 219, 219, 'Main', 12, 1, 0, 0),
(692, 19, NULL, 219, 219, 'Main', 13, 1, 0, 0),
(693, 20, NULL, 219, 219, 'Main', 14, 1, 0, 0),
(694, 21, NULL, 219, 219, 'A', 14, 0, 39, 39),
(695, 22, NULL, 219, 219, 'A', 13, 0, 23, 23),
(696, 4, NULL, 219, 220, 'Main', 4, 1, 3, 3),
(697, 5, NULL, 219, 220, 'Main', 5, 1, 3, 3),
(698, 6, NULL, 219, 220, 'Main', 6, 1, 3, 3),
(699, 7, NULL, 219, 220, 'A', 4, 0, 8, 8),
(700, 8, NULL, 219, 220, 'Main', 7, 1, 0, 0),
(701, 9, NULL, 219, 220, 'Main', 8, 1, 0, 0),
(702, 10, NULL, 219, 220, 'A', 5, 0, 13, 13),
(703, 11, NULL, 219, 220, 'Main', 9, 1, 0, 0),
(704, 12, NULL, 219, 220, 'A', 6, 0, 6, 18),
(705, 13, NULL, 219, 220, 'Main', 10, 1, 0, 0),
(706, 14, NULL, 219, 220, 'Main', 11, 1, 0, 0),
(707, 16, NULL, 219, 220, 'A', 8, 0, 27, 27),
(708, 17, NULL, 219, 220, 'A', 9, 0, 22, 22),
(709, 18, NULL, 219, 220, 'Main', 12, 1, 0, 0),
(710, 19, NULL, 219, 220, 'Main', 13, 1, 0, 0),
(711, 20, NULL, 219, 220, 'Main', 14, 1, 0, 0),
(712, 21, NULL, 219, 220, 'A', 14, 0, 39, 39),
(713, 22, NULL, 219, 220, 'A', 13, 0, 23, 23),
(714, 7, NULL, 220, 221, 'Main', 7, 1, 6, 6),
(715, 8, NULL, 220, 221, 'Main', 8, 1, 6, 6),
(716, 9, NULL, 220, 221, 'Main', 9, 1, 6, 6),
(717, 10, NULL, 220, 221, 'A', 7, 0, 11, 11),
(718, 11, NULL, 220, 221, 'Main', 10, 1, 3, 3),
(719, 12, NULL, 220, 221, 'Main', 11, 1, 3, 3),
(720, 13, NULL, 220, 221, 'A', 8, 0, 16, 16),
(721, 14, NULL, 220, 221, 'Main', 12, 1, 3, 3),
(722, 15, NULL, 220, 221, 'A', 9, 0, 9, 21),
(723, 16, NULL, 220, 221, 'Main', 13, 1, 3, 3),
(724, 17, NULL, 220, 221, 'Main', 14, 1, 3, 3),
(725, 19, NULL, 220, 221, 'A', 11, 0, 30, 30),
(726, 20, NULL, 220, 221, 'A', 12, 0, 25, 25),
(727, 21, NULL, 220, 221, 'Main', 15, 1, 3, 3),
(728, 22, NULL, 220, 221, 'Main', 16, 1, 3, 3),
(729, 23, NULL, 220, 221, 'Main', 17, 1, 3, 3),
(730, 24, NULL, 220, 221, 'A', 17, 0, 42, 42),
(731, 25, NULL, 220, 221, 'A', 16, 0, 26, 26),
(732, 13, NULL, 216, 215, 'Main', 11, 1, 0, 0),
(733, 1, NULL, 216, 222, 'Main', 1, 1, 0, 0),
(734, 4, NULL, 216, 222, 'Main', 4, 1, 3, 3),
(735, 5, NULL, 216, 222, 'Main', 5, 1, 3, 3),
(736, 6, NULL, 216, 222, 'Main', 6, 1, 3, 3),
(737, 7, NULL, 216, 222, 'Main', 7, 1, 3, 3),
(738, 8, NULL, 216, 222, 'Main', 8, 1, 3, 3),
(739, 9, NULL, 216, 222, 'A', 4, 0, 9, 9),
(740, 10, NULL, 216, 222, 'Main', 9, 1, 0, 0),
(741, 11, NULL, 216, 222, 'Main', 10, 1, 0, 0),
(742, 12, NULL, 216, 222, 'A', 5, 0, 13, 13),
(743, 13, NULL, 216, 222, 'Main', 11, 1, 0, 0),
(744, 14, NULL, 216, 215, 'Main', 12, 1, 0, 0),
(745, 15, NULL, 216, 215, 'Main', 13, 1, 0, 0),
(746, 16, NULL, 216, 215, 'Main', 14, 1, 0, 0),
(747, 17, NULL, 216, 215, 'Main', 15, 1, 0, 0),
(748, 1, NULL, 216, 223, 'Main', 1, 1, 0, 0),
(749, 4, NULL, 216, 223, 'Main', 4, 1, 3, 3),
(750, 5, NULL, 216, 223, 'Main', 5, 1, 3, 3),
(751, 6, NULL, 216, 223, 'Main', 6, 1, 3, 3),
(752, 7, NULL, 216, 223, 'Main', 7, 1, 3, 3),
(753, 8, NULL, 216, 223, 'Main', 8, 1, 3, 3),
(754, 9, NULL, 216, 223, 'A', 4, 0, 9, 9),
(755, 10, NULL, 216, 223, 'Main', 9, 1, 0, 0),
(756, 11, NULL, 216, 223, 'Main', 10, 1, 0, 0),
(757, 12, NULL, 216, 223, 'A', 5, 0, 13, 13),
(758, 13, NULL, 216, 223, 'Main', 11, 1, 0, 0),
(759, 14, NULL, 216, 223, 'Main', 12, 1, 0, 0),
(760, 15, NULL, 216, 223, 'Main', 13, 1, 0, 0),
(761, 16, NULL, 216, 223, 'Main', 14, 1, 0, 0),
(762, 17, NULL, 216, 223, 'Main', 15, 1, 0, 0),
(763, 4, NULL, 221, 224, 'Main', 4, 1, 3, 3),
(764, 7, NULL, 221, 224, 'Main', 7, 1, 6, 6),
(765, 8, NULL, 221, 224, 'Main', 8, 1, 6, 6),
(766, 9, NULL, 221, 224, 'Main', 9, 1, 6, 6),
(767, 10, NULL, 221, 224, 'Main', 10, 1, 6, 6),
(768, 11, NULL, 221, 224, 'Main', 11, 1, 6, 6),
(769, 12, NULL, 221, 224, 'A', 7, 0, 12, 12),
(770, 13, NULL, 221, 224, 'Main', 12, 1, 3, 3),
(771, 14, NULL, 221, 224, 'Main', 13, 1, 3, 3),
(772, 15, NULL, 221, 224, 'A', 8, 0, 16, 16),
(773, 16, NULL, 221, 224, 'Main', 14, 1, 3, 3),
(774, 17, NULL, 221, 224, 'Main', 15, 1, 3, 3),
(775, 18, NULL, 221, 224, 'Main', 16, 1, 3, 3),
(776, 19, NULL, 221, 224, 'Main', 17, 1, 3, 3),
(777, 20, NULL, 221, 224, 'Main', 18, 1, 3, 3),
(780, 1, NULL, 229, 232, 'Main', 1, 1, 0, 0),
(781, 2, NULL, 229, 232, 'Main', 2, 1, 0, 0),
(782, 3, NULL, 229, 232, 'A', 2, 0, 2, 4),
(783, 4, NULL, 229, 232, 'Main', 3, 1, 0, 0);

-- --------------------------------------------------------

--
-- Table structure for table `follower`
--

CREATE TABLE IF NOT EXISTS `follower` (
  `id` int(11) NOT NULL AUTO_INCREMENT,
  `contact_id` int(11) NOT NULL,
  `type` tinyint(2) NOT NULL COMMENT '1=project, 2=package',
  `foreign_key` int(11) NOT NULL,
  `confirmed` tinyint(4) NOT NULL DEFAULT '0',
  `upload` tinyint(2) NOT NULL DEFAULT '0',
  `role` tinyint(1) NOT NULL DEFAULT '0',
  `link` varchar(50) NOT NULL,
  `modified` int(11) NOT NULL,
  `modified_date` timestamp NOT NULL DEFAULT CURRENT_TIMESTAMP,
  PRIMARY KEY (`id`)
) ENGINE=InnoDB  DEFAULT CHARSET=utf8 AUTO_INCREMENT=20 ;

--
-- Dumping data for table `follower`
--

INSERT INTO `follower` (`id`, `contact_id`, `type`, `foreign_key`, `confirmed`, `upload`, `role`, `link`, `modified`, `modified_date`) VALUES
(4, 4, 1, 200, 1, 0, 1, '0', 113, '2014-05-05 05:19:33'),
(5, 5, 1, 208, 1, 0, 3, '0', 121, '2014-05-14 05:18:00'),
(8, 8, 1, 206, 0, 0, 1, '5373f8ef3bede3.43993867', 121, '2014-05-14 23:14:55'),
(12, 9, 1, 216, 1, 0, 1, '0', 121, '2014-07-08 01:33:47'),
(13, 6, 1, 208, 1, 0, 5, '0', 121, '2014-07-10 05:43:49'),
(14, 7, 1, 208, 1, 0, 5, '0', 121, '2014-07-10 05:58:41'),
(15, 12, 1, 221, 1, 0, 1, '0', 151, '2014-07-24 23:57:53'),
(16, 10, 1, 216, 0, 0, 1, '53d58eaf2b5175.67812638', 121, '2014-07-27 23:43:43'),
(17, 9, 1, 206, 1, 0, 1, '0', 154, '2014-07-28 01:35:15'),
(18, 13, 1, 220, 1, 0, 1, '0', 130, '2014-07-28 01:37:06'),
(19, 14, 1, 206, 1, 0, 1, '0', 121, '2014-07-28 01:45:29');

-- --------------------------------------------------------

--
-- Table structure for table `form`
--

CREATE TABLE IF NOT EXISTS `form` (
  `id` int(11) NOT NULL AUTO_INCREMENT,
  `form_id` int(11) NOT NULL,
  `number` varchar(30) NOT NULL,
  `name` varchar(255) NOT NULL,
  `project_id` int(11) NOT NULL,
  `release_id` int(11) NOT NULL,
  PRIMARY KEY (`id`),
  KEY `project_id` (`project_id`),
  KEY `form_id` (`form_id`),
  KEY `release_id` (`release_id`)
) ENGINE=InnoDB  DEFAULT CHARSET=utf8 AUTO_INCREMENT=168 ;

--
-- Dumping data for table `form`
--

INSERT INTO `form` (`id`, `form_id`, `number`, `name`, `project_id`, `release_id`) VALUES
(94, 1, '1', 'Create Account', 199, 186),
(95, 1, '1', 'Create Account', 199, 187),
(96, 1, '1', 'Register Form', 184, 165),
(99, 4, '1', 'Create Account', 200, 188),
(107, 2, '2', 'Forgot Password Form', 199, 187),
(108, 4, '1', 'Create Account', 202, 190),
(109, 5, '2', 'another', 202, 190),
(113, 4, '1', 'Create Account', 206, 199),
(114, 4, '1', 'Create Account', 206, 200),
(115, 5, '2', 'Substitute Actor', 206, 200),
(116, 6, '3', 'Create Package', 206, 200),
(117, 7, '4', 'Package Form', 206, 200),
(118, 2, '2', 'Test Run Create', 184, 165),
(119, 1, '1', 'Register Form', 184, 205),
(120, 2, '2', 'Test Run Create', 184, 205),
(121, 42, '4', 'Register Form', 206, 200),
(122, 43, '5', 'Test Run Create', 206, 200),
(123, 44, '6', 'Test Record Form', 206, 200),
(126, 4, '1', 'Create Account', 213, 210),
(127, 4, '1', 'Register Form', 215, 212),
(128, 5, '2', 'Test Run Create', 215, 212),
(129, 4, '1', 'Register Form', 215, 213),
(130, 5, '2', 'Test Run Create', 215, 213),
(131, 1, '1', 'Registration Form', 208, 203),
(132, 2, '2', 'Gift a Membership', 208, 203),
(133, 1, '1', 'Registration Form', 208, 214),
(134, 2, '2', 'Gift a Membership', 208, 214),
(135, 4, '1', 'Create Account', 216, 215),
(140, 5, '2', 'Log in Form', 216, 215),
(141, 6, '3', 'Add Store Form', 216, 215),
(142, 7, '4', 'Store Form', 216, 215),
(143, 4, '1', 'Create Account', 216, 216),
(144, 5, '2', 'Log in Form', 216, 216),
(145, 7, '4', 'Store Form', 216, 216),
(146, 1, '1', 'Registration Form', 219, 219),
(147, 2, '2', 'Gift a Membership', 219, 219),
(148, 3, '3', 'Log In Form', 219, 219),
(149, 4, '4', 'Member Profile Form', 219, 219),
(150, 1, '1', 'Registration Form', 219, 220),
(151, 3, '3', 'Log In Form', 219, 220),
(152, 4, '4', 'Member Profile Form', 219, 220),
(153, 4, '1', 'Registration Form', 220, 221),
(154, 6, '3', 'Log In Form', 220, 221),
(155, 7, '4', 'Member Profile Form', 220, 221),
(156, 4, '1', 'Create Account', 216, 222),
(157, 5, '2', 'Log in Form', 216, 222),
(158, 7, '4', 'Store Form', 216, 222),
(159, 5, '5', 'A New Form', 219, 219),
(160, 4, '1', 'Create Account', 216, 223),
(161, 5, '2', 'Log in Form', 216, 223),
(162, 7, '4', 'Store Form', 216, 223),
(163, 7, '1', 'Create Account', 221, 224),
(164, 8, '2', 'Log in Form', 221, 224),
(165, 10, '4', 'Store Form', 221, 224),
(167, 1, '1', 'Test forms', 229, 232);

-- --------------------------------------------------------

--
-- Table structure for table `formproperty`
--

CREATE TABLE IF NOT EXISTS `formproperty` (
  `id` int(11) NOT NULL AUTO_INCREMENT,
  `formproperty_id` int(11) NOT NULL,
  `project_id` int(11) NOT NULL,
  `release_id` int(11) NOT NULL,
  `form_id` int(11) NOT NULL,
  `number` int(5) NOT NULL,
  `name` varchar(255) NOT NULL,
  `description` text NOT NULL,
  `type` varchar(80) DEFAULT NULL,
  `valid` text,
  `required` tinyint(1) NOT NULL DEFAULT '0',
  PRIMARY KEY (`id`),
  KEY `form_id` (`form_id`),
  KEY `project_id` (`project_id`),
  KEY `release_id` (`release_id`)
) ENGINE=InnoDB  DEFAULT CHARSET=utf8 AUTO_INCREMENT=223 ;

--
-- Dumping data for table `formproperty`
--

INSERT INTO `formproperty` (`id`, `formproperty_id`, `project_id`, `release_id`, `form_id`, `number`, `name`, `description`, `type`, `valid`, `required`) VALUES
(50, 1, 199, 187, 2, 1, 'Email or Username', 'The account email or username is entered for the account requesting a forgot password reset.', 'text', 'Username must be validated with the same rules as creating username. Email must be a valid email format.  Entry is not validated against accounts at the time of submission.', 1),
(51, 2, 199, 187, 1, 1, 'First Name', 'First name of account owner', 'Text', 'must be at least one character between a-z (upper or lower case)', 1),
(52, 3, 199, 187, 1, 2, 'Last Name', 'Account owners last name', 'Text', 'At least one character between a and z (either case)', 1),
(53, 4, 199, 187, 1, 3, 'Email', 'the account holders email address.', 'text', 'valid email address', 1),
(54, 1, 206, 200, 7, 1, 'Name', 'Name of a package', '', '', 0),
(55, 2, 206, 200, 7, 2, 'Number', 'The number of a Package.', '', '', 0),
(56, 1, 184, 165, 2, 2, 'Select a Test Case', 'Multiple Test Cases can be selected from a list of all the test cases for a Release', 'Checkbox', 'None', 0),
(57, 2, 184, 165, 2, 3, 'Submit Button', 'The form can be submitted.', 'Submit', 'None', 1),
(58, 1, 184, 205, 2, 2, 'Select a Test Case', 'Multiple Test Cases can be selected from a list of all the test cases for a Release', 'Checkbox', 'None', 0),
(59, 2, 184, 205, 2, 3, 'Submit Button', 'The form can be submitted.', 'Submit', 'None', 1),
(60, 42, 206, 200, 43, 2, 'Select a Test Case', 'Multiple Test Cases can be selected from a list of all the test cases for a Release', 'Checkbox', 'None', 0),
(61, 43, 206, 200, 43, 3, 'Submit Button', 'The form can be submitted.', 'Submit', 'None', 1),
(64, 4, 215, 212, 5, 2, 'Select a Test Case', 'Multiple Test Cases can be selected from a list of all the test cases for a Release', 'Checkbox', 'None', 0),
(65, 5, 215, 212, 5, 3, 'Submit Button', 'The form can be submitted.', 'Submit', 'None', 1),
(66, 4, 215, 213, 5, 2, 'Select a Test Case', 'Multiple Test Cases can be selected from a list of all the test cases for a Release', 'Checkbox', 'None', 0),
(67, 5, 215, 213, 5, 3, 'Submit Button', 'The form can be submitted.', 'Submit', 'None', 1),
(68, 1, 208, 203, 1, 5, 'First Name', 'First Name', 'Text', 'At least one character.', 1),
(69, 2, 208, 203, 1, 6, 'Last Name', 'Last Name', 'Text', 'Must contain at least one character.', 1),
(70, 3, 208, 203, 1, 7, 'Country', 'Country where user lives.', 'Select list', 'Select list', 1),
(71, 4, 208, 203, 1, 8, 'Email', 'users email address', 'Text', 'must be a valid email address', 1),
(72, 5, 208, 203, 1, 9, 'Username', 'Display username used to identify user created content on the site.', 'Text', 'must contain at least one character.', 1),
(73, 6, 208, 203, 1, 10, 'Password', 'users chosen password', 'Password', 'See password validation rule.', 1),
(74, 7, 208, 203, 1, 11, 'Confirm password', 'confirmation of password', 'Password', 'must match ''Password'' field', 1),
(75, 8, 208, 203, 1, 12, 'Agree to terms and conditions', 'User indicates they accept terms and conditions.', 'Checkbox', 'Must be checked.', 1),
(76, 9, 208, 203, 2, 4, 'First Name (purchaser)', 'User making the purchase first name', 'Text', 'At least one character', 1),
(77, 10, 208, 203, 2, 5, 'Last Name (purchaser)', 'Last name of person making purchase.', 'Text', 'at least one character', 1),
(78, 11, 208, 203, 2, 6, 'email (purchaser)', 'Purchaser''s email address', 'Text', 'valid email address', 1),
(79, 12, 208, 203, 2, 7, 'First Name (recipient)', 'First name of recipient', 'Text', 'at least one character', 1),
(80, 13, 208, 203, 2, 8, 'Last Name (recipient)', 'Recipient''s last name', 'Text', 'at least one charater', 1),
(81, 14, 208, 203, 2, 9, 'email (recipient)', 'Email address for the recipient', 'Text', 'valid email address', 1),
(82, 15, 208, 203, 2, 10, 'Membership Type', 'A select list of membership types: Yearly, Monthly', 'Select list', 'Selection must be made', 1),
(83, 16, 208, 203, 2, 11, 'Personal Message', 'A message to the recipient', 'Text Area', 'at least one character', 1),
(84, 1, 208, 214, 1, 5, 'First Name', 'First Name', 'Text', 'At least one character.', 1),
(85, 2, 208, 214, 1, 6, 'Last Name', 'Last Name', 'Text', 'Must contain at least one character.', 1),
(86, 3, 208, 214, 1, 7, 'Country', 'Country where user lives.', 'Select list', 'Select list', 1),
(87, 4, 208, 214, 1, 8, 'Email', 'users email address', 'Text', 'must be a valid email address', 1),
(88, 5, 208, 214, 1, 9, 'Username', 'Display username used to identify user created content on the site.', 'Text', 'must contain at least one character.', 1),
(89, 6, 208, 214, 1, 10, 'Password', 'users chosen password', 'Password', 'See password validation rule.', 1),
(90, 7, 208, 214, 1, 11, 'Confirm password', 'confirmation of password', 'Password', 'must match ''Password'' field', 1),
(91, 8, 208, 214, 1, 12, 'Agree to terms and conditions', 'User indicates they accept terms and conditions.', 'Checkbox', 'Must be checked.', 1),
(92, 9, 208, 214, 2, 4, 'First Name (purchaser)', 'User making the purchase first name', 'Text', 'At least one character', 1),
(93, 10, 208, 214, 2, 5, 'Last Name (purchaser)', 'Last name of person making purchase.', 'Text', 'at least one character', 1),
(94, 11, 208, 214, 2, 6, 'email (purchaser)', 'Purchaser''s email address', 'Text', 'valid email address', 1),
(95, 12, 208, 214, 2, 7, 'First Name (recipient)', 'First name of recipient', 'Text', 'at least one character', 1),
(96, 13, 208, 214, 2, 8, 'Last Name (recipient)', 'Recipient''s last name', 'Text', 'at least one charater', 1),
(97, 14, 208, 214, 2, 9, 'email (recipient)', 'Email address for the recipient', 'Text', 'valid email address', 1),
(98, 15, 208, 214, 2, 10, 'Membership Type', 'A select list of membership types: Yearly, Monthly', 'Select list', 'Selection must be made', 1),
(99, 16, 208, 214, 2, 11, 'Personal Message', 'A message to the recipient', 'Text Area', 'at least one character', 1),
(100, 1, 216, 215, 4, 1, 'FirstName', 'Users first name', 'text', 'none', 1),
(101, 2, 216, 215, 4, 2, 'Last Name', 'Users last name', 'text', 'none', 1),
(102, 3, 216, 215, 4, 3, 'Email', 'Users email address', 'text', 'must be valid email address', 1),
(103, 4, 216, 215, 4, 4, 'Password', 'users password', 'Password', 'see password validation rule', 1),
(104, 5, 216, 215, 4, 5, 'Password confirm', 'confirm password', 'Password', 'must match Password', 1),
(105, 6, 216, 215, 6, 1, 'Store Name', 'Name of store', 'Text', 'Must be text', 1),
(106, 7, 216, 215, 7, 1, 'Name', 'Name of store', '', '', 0),
(107, 8, 216, 215, 7, 2, 'Street Address', 'Street address', '', '', 0),
(108, 9, 216, 215, 7, 3, 'Address City', 'Address city', '', '', 0),
(109, 10, 216, 215, 7, 4, 'Address State', 'State', '', '', 0),
(110, 11, 216, 215, 7, 5, 'Address Country', 'Country', '', '', 0),
(111, 12, 216, 215, 7, 6, '2', 'A Store belongs to a  Group.', '', '', 0),
(112, 1, 216, 216, 4, 1, 'FirstName', 'Users first name', 'text', 'none', 1),
(113, 2, 216, 216, 4, 2, 'Last Name', 'Users last name', 'text', 'none', 1),
(114, 3, 216, 216, 4, 3, 'Email', 'Users email address', 'text', 'must be valid email address', 1),
(115, 4, 216, 216, 4, 4, 'Password', 'users password', 'Password', 'see password validation rule', 1),
(116, 5, 216, 216, 4, 5, 'Password confirm', 'confirm password', 'Password', 'must match Password', 1),
(117, 6, 216, 216, 6, 1, 'Store Name', 'Name of store', 'Text', 'Must be text', 1),
(118, 7, 216, 216, 7, 1, 'Name', 'Name of store', '', '', 0),
(119, 8, 216, 216, 7, 2, 'Street Address', 'Street address', '', '', 0),
(120, 9, 216, 216, 7, 3, 'Address City', 'Address city', '', '', 0),
(121, 10, 216, 216, 7, 4, 'Address State', 'State', '', '', 0),
(122, 11, 216, 216, 7, 5, 'Address Country', 'Country', '', '', 0),
(123, 1, 219, 219, 1, 5, 'First Name', 'First Name', 'Text', 'At least one character.', 1),
(124, 2, 219, 219, 1, 6, 'Last Name', 'Last Name', 'Text', 'Must contain at least one character.', 1),
(125, 3, 219, 219, 1, 7, 'Country', 'Country where user lives.', 'Select list', 'Select list', 1),
(126, 4, 219, 219, 1, 8, 'Email', 'users email address', 'Text', 'must be a valid email address', 1),
(127, 5, 219, 219, 1, 9, 'Username', 'Display username used to identify user created content on the site.', 'Text', 'must contain at least one character.', 1),
(128, 6, 219, 219, 1, 10, 'Password', 'users chosen password', 'Password', 'See password validation rule.', 1),
(129, 7, 219, 219, 1, 11, 'Confirm password', 'confirmation of password', 'Password', 'must match ''Password'' field', 1),
(130, 8, 219, 219, 1, 12, 'Agree to terms and conditions', 'User indicates they accept terms and conditions.', 'Checkbox', 'Must be checked.', 1),
(131, 9, 219, 219, 2, 4, 'First Name (purchaser)', 'User making the purchase first name', 'Text', 'At least one character', 1),
(132, 10, 219, 219, 2, 5, 'Last Name (purchaser)', 'Last name of person making purchase.', 'Text', 'at least one character', 1),
(133, 11, 219, 219, 2, 6, 'email (purchaser)', 'Purchaser''s email address', 'Text', 'valid email address', 1),
(134, 12, 219, 219, 2, 7, 'First Name (recipient)', 'First name of recipient', 'Text', 'at least one character', 1),
(135, 13, 219, 219, 2, 8, 'Last Name (recipient)', 'Recipient''s last name', 'Text', 'at least one charater', 1),
(136, 14, 219, 219, 2, 9, 'email (recipient)', 'Email address for the recipient', 'Text', 'valid email address', 1),
(137, 15, 219, 219, 2, 10, 'Membership Type', 'A select list of membership types: Yearly, Monthly', 'Select list', 'Selection must be made', 1),
(138, 16, 219, 219, 2, 11, 'Personal Message', 'A message to the recipient', 'Text Area', 'at least one character', 1),
(139, 17, 219, 219, 3, 1, 'Username', 'Unique identifer', 'Text', 'Must match a registered accounts username.', 1),
(140, 18, 219, 219, 3, 2, 'Password', 'Users password', 'Password', 'length must be 8 characters', 1),
(141, 17, 219, 219, 3, 1, 'Username', 'Unique identifer', 'Text', 'At least one character.', 1),
(142, 19, 219, 219, 4, 6, 'First Name', 'Members first name', 'text', 'at least one character', 1),
(143, 20, 219, 219, 4, 7, 'Last Name', 'Members last name', 'text', 'at least one character', 1),
(144, 21, 219, 219, 4, 9, 'Avatar', 'Image to show on user account', 'Image upload', 'must be png or jpg and less than 1 MB', 0),
(145, 22, 219, 219, 4, 8, 'Email', 'Members email address', 'text', 'valid email address', 1),
(146, 1, 219, 220, 1, 5, 'First Name', 'First Name', 'Text', 'At least one character.', 1),
(147, 2, 219, 220, 1, 6, 'Last Name', 'Last Name', 'Text', 'Must contain at least one character.', 1),
(148, 3, 219, 220, 1, 7, 'Country', 'Country where user lives.', 'Select list', 'Select list', 1),
(149, 4, 219, 220, 1, 8, 'Email', 'users email address', 'Text', 'must be a valid email address', 1),
(150, 5, 219, 220, 1, 9, 'Username', 'Display username used to identify user created content on the site.', 'Text', 'must contain at least one character.', 1),
(151, 6, 219, 220, 1, 10, 'Password', 'users chosen password', 'Password', 'See password validation rule.', 1),
(152, 7, 219, 220, 1, 11, 'Confirm password', 'confirmation of password', 'Password', 'must match ''Password'' field', 1),
(153, 8, 219, 220, 1, 12, 'Agree to terms and conditions', 'User indicates they accept terms and conditions.', 'Checkbox', 'Must be checked.', 1),
(154, 9, 219, 220, 2, 4, 'First Name (purchaser)', 'User making the purchase first name', 'Text', 'At least one character', 1),
(155, 10, 219, 220, 2, 5, 'Last Name (purchaser)', 'Last name of person making purchase.', 'Text', 'at least one character', 1),
(156, 11, 219, 220, 2, 6, 'email (purchaser)', 'Purchaser''s email address', 'Text', 'valid email address', 1),
(157, 12, 219, 220, 2, 7, 'First Name (recipient)', 'First name of recipient', 'Text', 'at least one character', 1),
(158, 13, 219, 220, 2, 8, 'Last Name (recipient)', 'Recipient''s last name', 'Text', 'at least one charater', 1),
(159, 14, 219, 220, 2, 9, 'email (recipient)', 'Email address for the recipient', 'Text', 'valid email address', 1),
(160, 15, 219, 220, 2, 10, 'Membership Type', 'A select list of membership types: Yearly, Monthly', 'Select list', 'Selection must be made', 1),
(161, 16, 219, 220, 2, 11, 'Personal Message', 'A message to the recipient', 'Text Area', 'at least one character', 1),
(162, 18, 219, 220, 3, 2, 'Password', 'Users password', 'Password', 'length must be 8 characters', 1),
(163, 17, 219, 220, 3, 1, 'Username', 'Unique identifer', 'Text', 'At least one character.', 1),
(164, 19, 219, 220, 4, 6, 'First Name', 'Members first name', 'text', 'at least one character', 1),
(165, 20, 219, 220, 4, 7, 'Last Name', 'Members last name', 'text', 'at least one character', 1),
(166, 21, 219, 220, 4, 9, 'Avatar', 'Image to show on user account', 'Image upload', 'must be png or jpg and less than 1 MB', 0),
(167, 22, 219, 220, 4, 8, 'Email', 'Members email address', 'text', 'valid email address', 1),
(168, 4, 220, 221, 4, 5, 'First Name', 'First Name', 'Text', 'At least one character.', 1),
(169, 5, 220, 221, 4, 6, 'Last Name', 'Last Name', 'Text', 'Must contain at least one character.', 1),
(170, 6, 220, 221, 4, 7, 'Country', 'Country where user lives.', 'Select list', 'Select list', 1),
(171, 7, 220, 221, 4, 8, 'Email', 'users email address', 'Text', 'must be a valid email address', 1),
(172, 8, 220, 221, 4, 9, 'Username', 'Display username used to identify user created content on the site.', 'Text', 'must contain at least one character.', 1),
(173, 9, 220, 221, 4, 10, 'Password', 'users chosen password', 'Password', 'See password validation rule.', 1),
(174, 10, 220, 221, 4, 11, 'Confirm password', 'confirmation of password', 'Password', 'must match ''Password'' field', 1),
(175, 11, 220, 221, 4, 12, 'Agree to terms and conditions', 'User indicates they accept terms and conditions.', 'Checkbox', 'Must be checked.', 1),
(176, 12, 220, 221, 5, 4, 'First Name (purchaser)', 'User making the purchase first name', 'Text', 'At least one character', 1),
(177, 13, 220, 221, 5, 5, 'Last Name (purchaser)', 'Last name of person making purchase.', 'Text', 'at least one character', 1),
(178, 14, 220, 221, 5, 6, 'email (purchaser)', 'Purchaser''s email address', 'Text', 'valid email address', 1),
(179, 15, 220, 221, 5, 7, 'First Name (recipient)', 'First name of recipient', 'Text', 'at least one character', 1),
(180, 16, 220, 221, 5, 8, 'Last Name (recipient)', 'Recipient''s last name', 'Text', 'at least one charater', 1),
(181, 17, 220, 221, 5, 9, 'email (recipient)', 'Email address for the recipient', 'Text', 'valid email address', 1),
(182, 18, 220, 221, 5, 10, 'Membership Type', 'A select list of membership types: Yearly, Monthly', 'Select list', 'Selection must be made', 1),
(183, 19, 220, 221, 5, 11, 'Personal Message', 'A message to the recipient', 'Text Area', 'at least one character', 1),
(184, 21, 220, 221, 6, 2, 'Password', 'Users password', 'Password', 'length must be 8 characters', 1),
(185, 20, 220, 221, 6, 1, 'Username', 'Unique identifer', 'Text', 'At least one character.', 1),
(186, 22, 220, 221, 7, 6, 'First Name', 'Members first name', 'text', 'at least one character', 1),
(187, 23, 220, 221, 7, 7, 'Last Name', 'Members last name', 'text', 'at least one character', 1),
(188, 24, 220, 221, 7, 9, 'Avatar', 'Image to show on user account', 'Image upload', 'must be png or jpg and less than 1 MB', 0),
(189, 25, 220, 221, 7, 8, 'Email', 'Members email address', 'text', 'valid email address', 1),
(190, 1, 216, 222, 4, 1, 'FirstName', 'Users first name', 'text', 'none', 1),
(191, 2, 216, 222, 4, 2, 'Last Name', 'Users last name', 'text', 'none', 1),
(192, 3, 216, 222, 4, 3, 'Email', 'Users email address', 'text', 'must be valid email address', 1),
(193, 4, 216, 222, 4, 4, 'Password', 'users password', 'Password', 'see password validation rule', 1),
(194, 5, 216, 222, 4, 5, 'Password confirm', 'confirm password', 'Password', 'must match Password', 1),
(195, 6, 216, 222, 6, 1, 'Store Name', 'Name of store', 'Text', 'Must be text', 1),
(196, 7, 216, 222, 7, 1, 'Name', 'Name of store', '', '', 0),
(197, 8, 216, 222, 7, 2, 'Street Address', 'Street address', '', '', 0),
(198, 9, 216, 222, 7, 3, 'Address City', 'Address city', '', '', 0),
(199, 10, 216, 222, 7, 4, 'Address State', 'State', '', '', 0),
(200, 11, 216, 222, 7, 5, 'Address Country', 'Country', '', '', 0),
(201, 1, 216, 223, 4, 1, 'FirstName', 'Users first name', 'text', 'none', 1),
(202, 2, 216, 223, 4, 2, 'Last Name', 'Users last name', 'text', 'none', 1),
(203, 3, 216, 223, 4, 3, 'Email', 'Users email address', 'text', 'must be valid email address', 1),
(204, 4, 216, 223, 4, 4, 'Password', 'users password', 'Password', 'see password validation rule', 1),
(205, 5, 216, 223, 4, 5, 'Password confirm', 'confirm password', 'Password', 'must match Password', 1),
(206, 6, 216, 223, 6, 1, 'Store Name', 'Name of store', 'Text', 'Must be text', 1),
(207, 7, 216, 223, 7, 1, 'Name', 'Name of store', '', '', 0),
(208, 8, 216, 223, 7, 2, 'Street Address', 'Street address', '', '', 0),
(209, 9, 216, 223, 7, 3, 'Address City', 'Address city', '', '', 0),
(210, 10, 216, 223, 7, 4, 'Address State', 'State', '', '', 0),
(211, 11, 216, 223, 7, 5, 'Address Country', 'Country', '', '', 0),
(212, 4, 221, 224, 7, 1, 'FirstName', 'Users first name', 'text', 'none', 1),
(213, 5, 221, 224, 7, 2, 'Last Name', 'Users last name', 'text', 'none', 1),
(214, 6, 221, 224, 7, 3, 'Email', 'Users email address', 'text', 'must be valid email address', 1),
(215, 7, 221, 224, 7, 4, 'Password', 'users password', 'Password', 'see password validation rule', 1),
(216, 8, 221, 224, 7, 5, 'Password confirm', 'confirm password', 'Password', 'must match Password', 1),
(217, 9, 221, 224, 9, 1, 'Store Name', 'Name of store', 'Text', 'Must be text', 1),
(218, 10, 221, 224, 10, 1, 'Name', 'Name of store', '', '', 0),
(219, 11, 221, 224, 10, 2, 'Street Address', 'Street address', '', '', 0),
(220, 12, 221, 224, 10, 3, 'Address City', 'Address city', '', '', 0),
(221, 13, 221, 224, 10, 4, 'Address State', 'State', '', '', 0),
(222, 14, 221, 224, 10, 5, 'Address Country', 'Country', '', '', 0);

-- --------------------------------------------------------

--
-- Table structure for table `help`
--

CREATE TABLE IF NOT EXISTS `help` (
  `id` int(11) NOT NULL AUTO_INCREMENT,
  `scope` varchar(255) DEFAULT NULL,
  `name` varchar(255) DEFAULT NULL,
  `text` text,
  PRIMARY KEY (`id`)
) ENGINE=InnoDB  DEFAULT CHARSET=utf8 AUTO_INCREMENT=11 ;

--
-- Dumping data for table `help`
--

INSERT INTO `help` (`id`, `scope`, `name`, `text`) VALUES
(1, 'actors', 'Actors', 'Actors are people and systems that act on the system we are designing.  A user who views a website by clicking links to retrieve different content is acting on the system by clicking the links.  A user who receives an email from the system, on the other hand is not acting on the system, so they probably dont need to be modelled as an actor.'),
(2, 'usecase', 'Usecase', 'Use cases are simply things that the actors want to do,&nbsp; i.e. the motivation for the actor to be involved in the use case is internal to the actor.&nbsp; It can be useful to remember this as you decide if something is a use case or not.&nbsp;<p></p><p>All use cases are named with a strong verb statement.&nbsp; Use case names should not be wishy-washy or ambiguous.&nbsp; A bad use case name might be Manage details, it really doesnt mean much on its own, whereas Update member profile is much clearer.</p><p>Use cases can be roughly sorted them into a logical progression, mostly based on the order in which they will be carried out. &nbsp;Usually no other order would really make sense.&nbsp; Sorting them into a progression that forms a story helps the audience understand the requirements more easily.\r\n</p>'),
(4, 'rules', 'Business Rules', '<p>Business Rules are used to define the behaviour of the application. &nbsp;They may be simple, one line statements such as ''Fish are only available on Tuesdays'', or they can be quite complex. &nbsp;Rules do not involve Actor interactions, and therefore they do not form steps in use cases. &nbsp;Rules can define the conditions by which an alternative flow in a use case is followed rather than the main flow.</p>\r\n'),
(5, 'objects', 'Business Objects', '<p>Business objects are logical representations of the ''things'' that the application deals with. &nbsp;Business objects can be as low-level as database tables, or much higher level. &nbsp;ReqRap can automatically convert business objects into form definitions to save time. An object like ''User Profile'' can be used to create a ''Profile Update Form''.</p>\r\n'),
(6, 'interfaces', 'Interfaces', '<p>Interfaces are the way Actors interact with the system, or the system interacts with other systems. &nbsp;Typically they will include web pages, email formats and data exchange formats.</p>\r\n'),
(7, 'forms', 'Forms', '<p>Forms are definitions of user input interfaces. &nbsp;They are really a sub-type of interfaces, but ReqRap treats them individually as testing forms is a large part of testing effort for of websites. &nbsp;The more detailed form definition allows test instructions to be more specific.</p>\r\n'),
(8, 'packages', 'Packages', '<p><p>In creating a use case in ReqRap you will notice that a use case\r\nhas to belong to a package.&nbsp; Packages\r\nare simply a method of subdividing functionality into groupings that make sense\r\nto the reader.&nbsp; In our example, all the\r\nmembership features may be grouped into membership package that deals with\r\ncreating, updating and operating the users membership. There is no need\r\ninitially to worry about packaging up your use cases, you can always move them\r\naround later.</p></p>\r\n'),
(9, 'followers', 'Collaborators', '<p>ReqRap supports a collaboration model where a requirements model can be shared with other analysts, the client or project manager, testers and developers. &nbsp;Each type of collaborator gets a different view of the model and has access to tools and resources that help get their job done.</p>'),
(10, 'ifacetypes', 'Interface Types', '<p>Interface types are used to classify and group interfaces. &nbsp;Any grouping that makes sense can be used. Interfaces are numbered with the group number followed by the Interface number, and interface types are grouped in the requirements output.</p>\r\n');

-- --------------------------------------------------------

--
-- Table structure for table `iface`
--

CREATE TABLE IF NOT EXISTS `iface` (
  `id` int(11) NOT NULL AUTO_INCREMENT,
  `iface_id` int(11) NOT NULL,
  `number` int(4) NOT NULL,
  `name` varchar(255) NOT NULL,
  `text` text,
  `photo_id` int(11) NOT NULL DEFAULT '0',
  `interfacetype_id` int(11) NOT NULL,
  `project_id` int(11) NOT NULL,
  `release_id` int(11) NOT NULL,
  PRIMARY KEY (`id`),
  KEY `type_id` (`interfacetype_id`),
  KEY `project_id` (`project_id`),
  KEY `iface_id` (`iface_id`),
  KEY `release_id` (`release_id`)
) ENGINE=InnoDB  DEFAULT CHARSET=utf8 AUTO_INCREMENT=431 ;

--
-- Dumping data for table `iface`
--

INSERT INTO `iface` (`id`, `iface_id`, `number`, `name`, `text`, `photo_id`, `interfacetype_id`, `project_id`, `release_id`) VALUES
(121, 1, 1, 'Project List', NULL, 0, 1, 184, 165),
(122, 1, 1, 'Create Account', NULL, 0, 1, 199, 186),
(123, 1, 1, 'Create Account', NULL, 0, 1, 199, 187),
(126, 4, 1, 'Create Account', NULL, 0, 1, 200, 188),
(132, 2, 2, 'Login screen', NULL, 0, 1, 199, 187),
(133, 3, 3, 'Forgot Password Screen', NULL, 0, 1, 199, 187),
(134, 4, 4, 'Forgot Password Thank You Screen', NULL, 0, 1, 199, 187),
(135, 5, 5, 'Reset password email', NULL, 0, 1, 199, 187),
(136, 5, 5, 'Reset password email', NULL, 0, 3, 199, 187),
(137, 5, 5, 'Reset password email', 'This is a description of the interface.', 0, 3, 199, 187),
(138, 1, 1, 'Create Account', NULL, 0, 1, 199, 187),
(139, 2, 2, 'Login screen', NULL, 0, 1, 199, 187),
(140, 3, 3, 'Forgot Password Screen', NULL, 0, 1, 199, 187),
(141, 4, 4, 'Forgot Password Thank You Screen', NULL, 0, 1, 199, 187),
(142, 1, 1, 'Create Account', NULL, 0, 1, 199, 187),
(143, 2, 2, 'Login screen', NULL, 0, 1, 199, 187),
(144, 5, 2, 'test', 'test', 0, 1, 200, 188),
(145, 4, 1, 'Create Account', NULL, 0, 1, 200, 188),
(146, 3, 3, 'Forgot Password Screen', NULL, 0, 1, 199, 187),
(147, 6, 6, 'Something odd', 'happened', 0, 1, 199, 187),
(148, 4, 4, 'Forgot Password Thank You Screen', NULL, 1, 1, 199, 187),
(149, 7, 7, 'Test', 'Test', 0, 2, 199, 187),
(150, 8, 8, 'test', 'test', 0, 2, 199, 187),
(151, 4, 1, 'Create Account', NULL, 3, 1, 202, 190),
(152, 5, 2, 'Another', 'another', 0, 1, 202, 190),
(153, 4, 1, 'Create Account', NULL, 1, 1, 200, 188),
(154, 4, 1, 'Create Account', NULL, 2, 1, 200, 188),
(158, 4, 1, 'Create Account', NULL, 3, 1, 206, 199),
(159, 4, 1, 'Create Account', NULL, 3, 1, 206, 200),
(160, 1, 1, 'Membership option page', NULL, 0, 1, 207, 201),
(161, 2, 2, 'Payment screen', 'New screen to process PayPal and Credit Card payments.', 0, 2, 207, 201),
(162, 1, 1, 'Membership option page', '', 0, 2, 207, 201),
(163, 2, 2, 'Payment screen', 'New screen to process PayPal and Credit Card payments.', 0, 2, 207, 202),
(164, 1, 1, 'Membership option page', '', 0, 2, 207, 202),
(165, 5, 2, 'Payment screen', 'New screen to process PayPal and Credit Card payments.', 3, 2, 208, 203),
(166, 4, 1, 'Membership option page', '', 0, 2, 208, 203),
(167, 6, 3, 'Account profile page', NULL, 0, 1, 208, 203),
(168, 6, 3, 'Account profile page', '', 0, 2, 208, 203),
(169, 5, 2, 'Interface List', NULL, 0, 1, 206, 200),
(170, 6, 3, 'Interface detail page (no associated photo)', NULL, 0, 1, 206, 200),
(171, 7, 4, 'Interface detail page (with photo)', NULL, 0, 1, 206, 200),
(172, 6, 3, 'Interface detail page (no associated photo)', '', 0, 2, 206, 200),
(173, 8, 5, 'Actor List', NULL, 0, 1, 206, 200),
(174, 4, 1, 'Create Account', '', 0, 2, 206, 200),
(175, 8, 5, 'Actor List', '', 0, 2, 206, 200),
(176, 7, 4, 'Interface detail page (with photo)', '', 0, 2, 206, 200),
(177, 5, 2, 'Interface List', '', 0, 2, 206, 200),
(178, 9, 6, 'Package and Usecase List', NULL, 0, 1, 206, 200),
(179, 10, 7, 'History View', NULL, 0, 1, 206, 200),
(180, 10, 7, 'History View', '', 0, 2, 206, 200),
(181, 9, 6, 'Package and Usecase List', '', 0, 2, 206, 200),
(182, 2, 2, 'Test Case List', NULL, 0, 1, 184, 165),
(183, 3, 3, 'Test Run Create', NULL, 0, 1, 184, 165),
(184, 4, 4, 'Test Run List', NULL, 0, 1, 184, 165),
(185, 2, 2, 'Test Case List', '', 0, 2, 184, 165),
(186, 4, 4, 'Test Run List', '', 0, 2, 184, 165),
(187, 3, 3, 'Test Run Create', '', 0, 2, 184, 165),
(188, 1, 1, 'Project List', '', 0, 2, 184, 165),
(189, 2, 2, 'Test Case List', '', 0, 2, 184, 205),
(190, 4, 4, 'Test Run List', '', 0, 2, 184, 205),
(191, 3, 3, 'Test Run Create', '', 0, 2, 184, 205),
(192, 1, 1, 'Project List', '', 0, 2, 184, 205),
(193, 43, 9, 'Test Case List', '', 41, 2, 206, 200),
(194, 45, 11, 'Test Run List', '', 41, 2, 206, 200),
(195, 44, 10, 'Test Run Create', '', 41, 2, 206, 200),
(196, 42, 8, 'Project List', '', 41, 2, 206, 200),
(197, 46, 12, 'Test Result Page', NULL, 0, 1, 206, 200),
(199, 4, 1, 'Create Account', NULL, 3, 1, 213, 210),
(201, 5, 2, 'tttttttt', 'ttttttttttt', 0, 2, 213, 210),
(202, 1, 1, 'Membership option page', NULL, 1, 2, 207, 202),
(203, 5, 2, 'Test Case List', '', 3, 2, 215, 212),
(204, 7, 4, 'Test Run List', '', 3, 2, 215, 212),
(205, 6, 3, 'Test Run Create', '', 3, 2, 215, 212),
(206, 4, 1, 'Project List', '', 3, 2, 215, 212),
(207, 5, 2, 'Test Case List', '', 3, 2, 215, 213),
(208, 7, 4, 'Test Run List', '', 3, 2, 215, 213),
(209, 6, 3, 'Test Run Create', '', 3, 2, 215, 213),
(210, 4, 1, 'Project List', '', 3, 2, 215, 213),
(211, 4, 1, 'Membership option page', NULL, 3, 2, 208, 203),
(212, 5, 2, 'Payment screen', NULL, 0, 2, 208, 203),
(213, 5, 2, 'Payment screen', NULL, 1, 2, 208, 203),
(216, 4, 1, 'Membership option page', NULL, 0, 2, 208, 203),
(217, 5, 2, 'Payment screen', NULL, 0, 2, 208, 203),
(218, 6, 3, 'Account profile page', NULL, 4, 2, 208, 203),
(219, 6, 3, 'Account profile page', NULL, 0, 2, 208, 203),
(220, 6, 3, 'Account profile page', NULL, 5, 2, 208, 203),
(224, 6, 3, 'Account profile page', NULL, 3, 2, 208, 203),
(225, 4, 1, 'Membership option page', NULL, 4, 2, 208, 203),
(226, 5, 2, 'Payment screen', NULL, 5, 2, 208, 203),
(227, 7, 4, 'Member Welcome Page', NULL, 0, 1, 208, 203),
(228, 7, 4, 'Member Welcome Page', '', 0, 2, 208, 203),
(229, 8, 5, 'Membership expires in 30 days', NULL, 0, 1, 208, 203),
(230, 9, 6, 'Membership expires in 7 days', NULL, 0, 1, 208, 203),
(231, 10, 7, 'Trial Membership has expired', NULL, 0, 1, 208, 203),
(232, 11, 8, 'Paid Membership has expired', NULL, 0, 1, 208, 203),
(233, 8, 5, 'Membership expires in 30 days', '', 0, 6, 208, 203),
(234, 8, 5, 'Membership expires in 30 days', '', 0, 3, 208, 203),
(235, 9, 6, 'Membership expires in 7 days', '', 0, 3, 208, 203),
(236, 10, 7, 'Trial Membership has expired', 'Title  Your 30 day trial to Wine Genius has expired.\r\nDear <username>,\r\nYour 30 day free trial to Wine Genius has just expired. Please click the link provided below to continue your wine genius membership.\r\n<link> This membership should add twelve months onto the users membership from the date that it should expire, not from the date that the link is clicked.\r\nPlease feel free to contact Wine Genius should you have any questions.\r\nRegards,\r\n\r\nThe Wine Genius Team\r\nwww.winegenius.com\r\n', 0, 3, 208, 203),
(237, 11, 8, 'Paid Membership has expired', 'Title  Your Wine Genius membership has expired.\r\nDear <username>,\r\nYour annual membership to Wine Genius has just expired. Please click the link provided below to reactivate your account.\r\n<link> This membership should add twelve months onto the users membership from the date that it should expire, not from the date that the link is clicked.\r\nPlease feel free to contact Wine Genius should you have any questions.\r\nRegards,\r\n\r\nThe Wine Genius Team\r\nwww.winegenius.com\r\n', 0, 3, 208, 203),
(238, 9, 6, 'Membership expires in 7 days', 'Title  Your Wine Genius membership will expire in 7 days.\r\nDear <username>,\r\nYour annual membership to Wine Genius will expire in 7 days. Please click the link provided below to ensure that your membership does not expire. This will add another 12 months membership onto your existing account.\r\n<link> This membership should add twelve months onto the users membership from the date that it should expire, not from the date that the link is clicked.\r\nPlease feel free to contact Wine Genius should you have any questions.\r\nRegards,\r\n\r\nThe Wine Genius Team\r\nwww.winegenius.com\r\n', 0, 3, 208, 203),
(239, 12, 9, 'New paid account profile page', NULL, 0, 1, 208, 203),
(240, 13, 10, 'My Profile Page', NULL, 0, 1, 208, 203),
(241, 12, 9, 'New paid account profile page', '', 0, 2, 208, 203),
(242, 13, 10, 'My Profile Page', '', 0, 2, 208, 203),
(243, 14, 11, 'Gift a Membership', NULL, 0, 1, 208, 203),
(244, 9, 6, 'Membership expires in 7 days', '<p>Title  Your Wine Genius membership will expire in 7 days. Dear&nbsp;, Your annual membership to Wine Genius will expire in 7 days. Please click the link provided below to ensure that your membership does not expire. This will add another 12 months membership onto your existing account.&nbsp;This membership should add twelve months onto the users membership from the date that it should expire, not from the date that the link is clicked. Please feel free to contact Wine Genius should you have any questions. Regards, The Wine Genius Team www.winegenius.com<br></p>', 0, 3, 208, 203),
(245, 9, 6, 'Membership expires in 7 days', '<p><b>Title </b> Your Wine Genius membership will expire in 7 days.&nbsp;</p><p>Dear&nbsp;, Your annual membership to Wine Genius will expire in 7 days. Please click the link provided below to ensure that your membership does not expire. This will add another 12 months membership onto your existing account.&nbsp;This membership should add twelve months onto the users membership from the date that it should expire, not from the date that the link is clicked. Please feel free to contact Wine Genius should you have any questions. Regards, The Wine Genius Team <a href="http://www.winegenius.com">www.winegenius.com</a><br></p>', 0, 3, 208, 203),
(246, 9, 6, 'Membership expires in 7 days', '<p><b>Title </b> Your Wine Genius membership will expire in 7 days.&nbsp;</p><p>Dear&nbsp;,&nbsp;</p><p>Your annual membership to Wine Genius will expire in 7 days. Please click the link provided below to ensure that your membership does not expire. This will add another 12 months membership onto your existing account.&nbsp;This membership should add twelve months onto the users membership from the date that it should expire, not from the date that the link is clicked. Please feel free to contact Wine Genius should you have any questions.&nbsp;</p><p>Regards,&nbsp;</p><p>The Wine Genius Team <a href="http://www.winegenius.com">www.winegenius.com</a><br></p>\r\n', 0, 3, 208, 203),
(247, 9, 6, 'Membership expires in 7 days', '<p><b>Title </b> Your Wine Genius membership will expire in 7 days.&nbsp;</p><p>Dear&nbsp;,&nbsp;</p><p>Your annual membership to Wine Genius will expire in 7 days. Please click the link provided below to ensure that your membership does not expire. This will add another 12 months membership onto your existing account.&nbsp;</p><p>&lt;link&gt;This membership should add twelve months onto the users membership from the date that it should expire, not from the date that the link is clicked. Please feel free to contact Wine Genius should you have any questions.&nbsp;</p><p>Regards,&nbsp;</p><p>The Wine Genius Team&nbsp;</p><p><a href="http://www.winegenius.com">www.winegenius.com</a><br></p>\r\n', 0, 3, 208, 203),
(248, 9, 6, 'Membership expires in 7 days', '<p><b>Subject&nbsp;</b> Your Wine Genius membership will expire in 7 days.&nbsp;</p><p>Dear &lt;username&gt;,&nbsp;</p><p>Your annual membership to Wine Genius will expire in 7 days. Please click the link provided below to ensure that your membership does not expire. This will add another 12 months membership onto your existing account.&nbsp;</p><p>&lt;link&gt;This membership should add twelve months onto the users membership from the date that it should expire, not from the date that the link is clicked. Please feel free to contact Wine Genius should you have any questions.&nbsp;</p><p>Regards,&nbsp;</p><p>The Wine Genius Team&nbsp;</p><p><a href="http://www.winegenius.com">www.winegenius.com</a><br></p>\r\n', 0, 3, 208, 203),
(249, 10, 7, 'Trial Membership has expired', '<b>Title</b>  Your 30 day trial to Wine Genius has expired.&nbsp;<div>Dear &lt;username&gt;<username>,&nbsp;</username></div><div><username>Your 30 day free trial to Wine Genius has just expired. Please click the link provided below to continue your wine genius membership.\r\n<link> This membership should add twelve months onto the users membership from the date that it should expire, not from the date that the link is clicked.&nbsp;</username></div><div><username>Please feel free to contact Wine Genius should you have any questions.&nbsp;</username></div><div><username>Regards,&nbsp;</username></div><div><username>&nbsp;The Wine Genius Team&nbsp;</username></div><div><username><a href="http://www.winegenius.com">www.winegenius.com</a>\r\n</username></div>', 0, 3, 208, 203),
(250, 11, 8, 'Paid Membership has expired', '<b>Title </b> Your Wine Genius membership has expired.&nbsp;<div><br><div>Dear <username>,&nbsp;</username></div><div><username>Your annual membership to Wine Genius has just expired. Please click the link provided below to reactivate your account.\r\n<link> This membership should add twelve months onto the users membership from the date that it should expire, not from the date that the link is clicked.&nbsp;</username></div><div><username>Please feel free to contact Wine Genius should you have any questions.&nbsp;</username></div><div><username>Regards,&nbsp;</username></div><div><username>&nbsp;The Wine Genius Team&nbsp;</username></div><div><username><a href="http://www.winegenius.com">www.winegenius.com</a>\r\n</username></div></div>', 0, 3, 208, 203),
(251, 11, 8, 'Paid Membership has expired', '<b>Title </b> Your Wine Genius membership has expired.&nbsp;<p><br></p><div>Dear &lt;username&gt;<username>,&nbsp;</username><p></p><p><username>Your annual membership to Wine Genius has just expired. Please click the link provided below to reactivate your account.&nbsp;</username></p><p><username><span style="color: #c0504d;"><link> This membership should add twelve months onto the users membership from the date that it should expire, not from the date that the link is clicked.&nbsp;</span></username></p><p><username>Please feel free to contact Wine Genius should you have any questions.&nbsp;</username></p><p><username>Regards,&nbsp;</username></p><p><username>&nbsp;The Wine Genius Team&nbsp;</username></p><p><username><a href="http://www.winegenius.com">www.winegenius.com</a>\r\n</username></p></div>\r\n', 0, 3, 208, 203),
(252, 11, 8, 'Paid Membership has expired', '<b>Title </b> Your Wine Genius membership has expired.&nbsp;<p><br></p><p>Dear &lt;username&gt;<username>,&nbsp;</username></p><p></p><p><username>Your annual membership to Wine Genius has just expired. Please click the link provided below to reactivate your account.&nbsp;</username></p><p><username><span style="color: #c0504d;"><link><i> This membership should add twelve months onto the users membership from the date that it should expire, not from the date that the link is clicked.</i>&nbsp;</span></username></p><p><username>Please feel free to contact Wine Genius should you have any questions.&nbsp;</username></p><p><username>Regards,&nbsp;</username></p><p><username>&nbsp;The Wine Genius Team&nbsp;</username></p><p><username><a href="http://www.winegenius.com">www.winegenius.com</a>\r\n</username></p><p></p>\r\n', 0, 3, 208, 203),
(253, 10, 7, 'Trial Membership has expired', '<b>Title</b>  Your 30 day trial to Wine Genius has expired.&nbsp;<p>Dear &lt;username&gt;<username>,&nbsp;</username></p><p><username>Your 30 day free trial to Wine Genius has just expired. Please click the link provided below to continue your wine genius membership.&nbsp;</username></p><p><username><span style="color: #953734;"><i><link> This membership should add twelve months onto the users membership from the date that it should expire, not from the date that the link is clicked.&nbsp;</i></span></username></p><p><username>Please feel free to contact Wine Genius should you have any questions.&nbsp;</username></p><p><username>Regards,&nbsp;</username></p><p><username>&nbsp;The Wine Genius Team&nbsp;</username></p><p><username><a href="http://www.winegenius.com">www.winegenius.com</a>\r\n</username></p>\r\n', 0, 3, 208, 203),
(254, 9, 6, 'Membership expires in 7 days', '<p><b>Subject&nbsp;</b> Your Wine Genius membership will expire in 7 days.&nbsp;</p><p>Dear &lt;username&gt;,&nbsp;</p><p>Your annual membership to Wine Genius will expire in 7 days. Please click the link provided below to ensure that your membership does not expire. This will add another 12 months membership onto your existing account.&nbsp;</p><p>&lt;link&gt;<i><font color="#c0504d">This membership should add twelve months onto the users membership from the date that it should expire, not from the date that the link is clicked.</font><font color="#e36c09">&nbsp;</font></i></p><p>Please feel free to contact Wine Genius should you have any questions.&nbsp;</p><p>Regards,&nbsp;</p><p>The Wine Genius Team&nbsp;</p><p><a href="http://www.winegenius.com">www.winegenius.com</a><br></p>\r\n', 0, 3, 208, 203),
(255, 14, 11, 'Gift a Membership', '', 0, 2, 208, 203),
(256, 15, 12, 'Select Membership Type', NULL, 0, 1, 208, 203),
(257, 15, 12, 'Select Membership Type', NULL, 6, 1, 208, 203),
(258, 11, 8, 'Paid Membership Expired', '<b>Title </b> Your Wine Genius membership has expired.&nbsp;<p><br></p><p>Dear &lt;username&gt;<username>,&nbsp;</username></p><p></p><p><username>Your annual membership to Wine Genius has just expired. Please click the link provided below to reactivate your account.&nbsp;</username></p><p><username><span style="color: #c0504d;"><link><i> This membership should add twelve months onto the users membership from the date that it should expire, not from the date that the link is clicked.</i>&nbsp;</span></username></p><p><username>Please feel free to contact Wine Genius should you have any questions.&nbsp;</username></p><p><username>Regards,&nbsp;</username></p><p><username>&nbsp;The Wine Genius Team&nbsp;</username></p><p><username><a href="http://www.winegenius.com">www.winegenius.com</a>\r\n</username></p><p></p>\r\n', 0, 3, 208, 203),
(259, 8, 5, 'Membership expires in 30 days', '<p><p><b><i>Title</i></b>  Your Wine Genius membership will expire in 30 days.</p>\r\n\r\n<p>Dear &lt;username&gt;,</p>\r\n\r\n<p>Your annual membership to Wine Genius will expire in 30\r\ndays. Please click the link provided below to ensure that your membership does\r\nnot expire. This will add another 12 months membership onto your existing\r\naccount.</p>\r\n\r\n<p>&lt;link&gt; <i><font color="#c0504d">This membership\r\nshould add twelve months onto the users membership from the date that it should\r\nexpire, not from the date that the link is clicked.</font></i></p>\r\n\r\n<p>Please feel free to contact Wine Genius should you have any\r\nquestions.</p>\r\n\r\n<p>Regards,</p>\r\n<p>The Wine Genius Team<br>\r\n<a href="http://www.winegenius.com/">www.winegenius.com</a></p><br></p>', 0, 3, 208, 203),
(260, 12, 9, 'New paid account profile page', NULL, 7, 2, 208, 203),
(261, 5, 2, 'Payment screen', NULL, 0, 2, 208, 203),
(262, 7, 4, 'Member Welcome Page', NULL, 0, 2, 208, 203),
(263, 7, 4, 'Email Validation Page', '', 0, 2, 208, 203),
(264, 7, 4, 'Email Validation Page', '<p>A page that tells the new user they will have to validate their email.</p>', 0, 2, 208, 203),
(265, 16, 13, 'Gift purchase confirmation email', NULL, 0, 1, 208, 203),
(266, 17, 14, 'Gift Certificate pdf attachment', NULL, 0, 1, 208, 203),
(267, 13, 10, 'My Profile Page', NULL, 8, 2, 208, 203),
(268, 13, 10, 'My Profile Page', NULL, 0, 2, 208, 203),
(269, 13, 10, 'My Profile Page', NULL, 9, 2, 208, 203),
(270, 18, 15, 'Membership option page (trial active)', NULL, 0, 1, 208, 203),
(271, 18, 15, 'Membership option page (trial active)', NULL, 10, 1, 208, 203),
(272, 15, 12, 'Select Membership Type', '', 0, 2, 208, 203),
(273, 16, 13, 'Gift purchase confirmation email', '', 0, 3, 208, 203),
(274, 17, 14, 'Gift Certificate pdf attachment', '', 0, 3, 208, 203),
(275, 18, 15, 'Membership option page (trial active)', '', 0, 2, 208, 203),
(276, 15, 12, 'Select Membership Type', NULL, 6, 2, 208, 203),
(277, 18, 15, 'Membership option page (trial active)', NULL, 10, 2, 208, 203),
(278, 15, 12, 'Select Membership Type', '', 0, 2, 208, 203),
(279, 15, 12, 'Select Membership Type', NULL, 6, 2, 208, 203),
(280, 14, 11, 'Gift a Membership', NULL, 11, 2, 208, 203),
(281, 12, 9, 'New paid account profile page', NULL, 0, 2, 208, 203),
(282, 12, 9, 'New paid account profile page', NULL, 12, 2, 208, 203),
(283, 18, 15, 'Membership option page (trial active)', NULL, 0, 2, 208, 203),
(284, 18, 15, 'Membership option page (trial active)', NULL, 13, 2, 208, 203),
(285, 16, 13, 'Gift purchase confirmation email', '<p><p><b><i>Title</i></b>  Thank you for purchasing a Wine Genius gift membership.</p>\r\n\r\n<p>Dear &lt;gift_giver(first&amp;last_name)&gt;,</p>\r\n\r\n<p>Thank you for purchasing a Wine Genius gift membership.\r\nAttached is your gift certificate to give to\r\n&lt;recipient(first&amp;last_name)&gt; with their unique gift code.</p>\r\n\r\n<p>Please feel free to contact Wine Genius should you have any\r\nquestions.</p>\r\n\r\n<p>Regards,</p>\r\n<p>The Wine Genius Team<br>\r\n<a href="http://www.winegenius.com/">www.winegenius.com</a></p><br></p>', 0, 3, 208, 203),
(286, 15, 12, 'Select Membership Type', NULL, 0, 2, 208, 203),
(287, 15, 12, 'Select Membership Type', NULL, 14, 2, 208, 203),
(288, 14, 11, 'Gift a Membership', NULL, 0, 2, 208, 203),
(289, 14, 11, 'Gift a Membership', NULL, 15, 2, 208, 203),
(290, 17, 14, 'Gift Certificate pdf attachment', NULL, 16, 3, 208, 203),
(291, 17, 14, 'Gift Certificate pdf attachment', '<p><p>WINE GENIUS\r\n<br>\r\nGIFT MEMBERSHIP</p>\r\n<p><span>&lt;RECIPIENTS NAME&gt;</span></p>\r\n\r\n<p>FROM<br>\r\n&lt;GIVERS\r\nNAME&gt;</p>\r\n<p>\r\n\r\n</p><p>Redemption\r\nCode: &lt;code&gt;</p>\r\n\r\n<p></p>\r\n\r\n<p>Message from: &lt;gift giver&gt;</p>\r\n<p>&lt;Insert\r\nMessage&gt;</p>\r\n<p>To redeem your gift\r\ngo to <a href="http://www.winegenius.com/">www.winegenius.com</a> and click\r\nregister (in the page headers).<br>\r\nNext, enter your redemption code in the top right corner.<br>\r\n</p><p>If you experience any issues redeeming\r\nyour gift membership. <br>\r\nPlease email Wine Genius at: <a href="mailto:info@winegenius.com">info@winegenius.com</a></p><br></p>', 0, 3, 208, 203),
(292, 17, 14, 'Gift Certificate pdf attachment', NULL, 16, 3, 208, 203),
(293, 6, 3, 'Account profile page', NULL, 3, 2, 208, 214),
(294, 4, 1, 'Membership option page', NULL, 4, 2, 208, 214),
(295, 10, 7, 'Trial Membership has expired', '<b>Title</b>  Your 30 day trial to Wine Genius has expired.&nbsp;<p>Dear &lt;username&gt;<username>,&nbsp;</username></p><p><username>Your 30 day free trial to Wine Genius has just expired. Please click the link provided below to continue your wine genius membership.&nbsp;</username></p><p><username><span style="color: #953734;"><i><link> This membership should add twelve months onto the users membership from the date that it should expire, not from the date that the link is clicked.&nbsp;</i></span></username></p><p><username>Please feel free to contact Wine Genius should you have any questions.&nbsp;</username></p><p><username>Regards,&nbsp;</username></p><p><username>&nbsp;The Wine Genius Team&nbsp;</username></p><p><username><a href="http://www.winegenius.com">www.winegenius.com</a>\r\n</username></p>\r\n', 0, 3, 208, 214),
(296, 9, 6, 'Membership expires in 7 days', '<p><b>Subject&nbsp;</b> Your Wine Genius membership will expire in 7 days.&nbsp;</p><p>Dear &lt;username&gt;,&nbsp;</p><p>Your annual membership to Wine Genius will expire in 7 days. Please click the link provided below to ensure that your membership does not expire. This will add another 12 months membership onto your existing account.&nbsp;</p><p>&lt;link&gt;<i><font color="#c0504d">This membership should add twelve months onto the users membership from the date that it should expire, not from the date that the link is clicked.</font><font color="#e36c09">&nbsp;</font></i></p><p>Please feel free to contact Wine Genius should you have any questions.&nbsp;</p><p>Regards,&nbsp;</p><p>The Wine Genius Team&nbsp;</p><p><a href="http://www.winegenius.com">www.winegenius.com</a><br></p>\r\n', 0, 3, 208, 214),
(297, 11, 8, 'Paid Membership Expired', '<b>Title </b> Your Wine Genius membership has expired.&nbsp;<p><br></p><p>Dear &lt;username&gt;<username>,&nbsp;</username></p><p></p><p><username>Your annual membership to Wine Genius has just expired. Please click the link provided below to reactivate your account.&nbsp;</username></p><p><username><span style="color: #c0504d;"><link><i> This membership should add twelve months onto the users membership from the date that it should expire, not from the date that the link is clicked.</i>&nbsp;</span></username></p><p><username>Please feel free to contact Wine Genius should you have any questions.&nbsp;</username></p><p><username>Regards,&nbsp;</username></p><p><username>&nbsp;The Wine Genius Team&nbsp;</username></p><p><username><a href="http://www.winegenius.com">www.winegenius.com</a>\r\n</username></p><p></p>\r\n', 0, 3, 208, 214),
(298, 8, 5, 'Membership expires in 30 days', '<p><p><b><i>Title</i></b>  Your Wine Genius membership will expire in 30 days.</p>\r\n\r\n<p>Dear &lt;username&gt;,</p>\r\n\r\n<p>Your annual membership to Wine Genius will expire in 30\r\ndays. Please click the link provided below to ensure that your membership does\r\nnot expire. This will add another 12 months membership onto your existing\r\naccount.</p>\r\n\r\n<p>&lt;link&gt; <i><font color="#c0504d">This membership\r\nshould add twelve months onto the users membership from the date that it should\r\nexpire, not from the date that the link is clicked.</font></i></p>\r\n\r\n<p>Please feel free to contact Wine Genius should you have any\r\nquestions.</p>\r\n\r\n<p>Regards,</p>\r\n<p>The Wine Genius Team<br>\r\n<a href="http://www.winegenius.com/">www.winegenius.com</a></p><br></p>', 0, 3, 208, 214),
(299, 7, 4, 'Email Validation Page', '<p>A page that tells the new user they will have to validate their email.</p>', 0, 2, 208, 214),
(300, 13, 10, 'My Profile Page', NULL, 9, 2, 208, 214),
(301, 12, 9, 'New paid account profile page', NULL, 12, 2, 208, 214),
(302, 18, 15, 'Membership option page (trial active)', NULL, 13, 2, 208, 214),
(303, 16, 13, 'Gift purchase confirmation email', '<p><p><b><i>Title</i></b>  Thank you for purchasing a Wine Genius gift membership.</p>\r\n\r\n<p>Dear &lt;gift_giver(first&amp;last_name)&gt;,</p>\r\n\r\n<p>Thank you for purchasing a Wine Genius gift membership.\r\nAttached is your gift certificate to give to\r\n&lt;recipient(first&amp;last_name)&gt; with their unique gift code.</p>\r\n\r\n<p>Please feel free to contact Wine Genius should you have any\r\nquestions.</p>\r\n\r\n<p>Regards,</p>\r\n<p>The Wine Genius Team<br>\r\n<a href="http://www.winegenius.com/">www.winegenius.com</a></p><br></p>', 0, 3, 208, 214),
(304, 15, 12, 'Select Membership Type', NULL, 14, 2, 208, 214),
(305, 14, 11, 'Gift a Membership', NULL, 15, 2, 208, 214),
(306, 17, 14, 'Gift Certificate pdf attachment', NULL, 16, 3, 208, 214),
(307, 4, 1, 'Create Account', NULL, 3, 1, 216, 215),
(308, 5, 2, 'Error highlight style', NULL, 0, 1, 216, 215),
(309, 4, 1, 'Create Account', '', 3, 3, 216, 215),
(314, 6, 3, 'Welcome Email', NULL, 0, 1, 216, 215),
(315, 5, 2, 'Error highlight style', '', 0, 7, 216, 215),
(316, 6, 3, 'Welcome Email', '', 0, 7, 216, 215),
(317, 6, 3, 'Welcome Email', NULL, 0, 7, 216, 215),
(318, 6, 3, 'Welcome Email', '<p>welcome to DPos Online</p>', 0, 3, 216, 215),
(319, 4, 1, 'Create Account', '', 3, 7, 216, 215),
(320, 7, 4, 'Public Home Page', NULL, 0, 1, 216, 215),
(321, 7, 4, 'Public Home Page', '', 0, 7, 216, 215),
(322, 8, 5, 'Store Group Page', NULL, 0, 1, 216, 215),
(323, 7, 4, 'Public Home Page', NULL, 1, 7, 216, 215),
(324, 8, 5, 'Store Group Page', '<p>This page will be the central point for administering the store group.</p>', 0, 7, 216, 215),
(325, 5, 2, 'Error highlight style', '', 0, 7, 216, 216),
(326, 6, 3, 'Welcome Email', '<p>welcome to DPos Online</p>', 0, 3, 216, 216),
(327, 4, 1, 'Create Account', '', 3, 7, 216, 216),
(328, 7, 4, 'Public Home Page', NULL, 1, 7, 216, 216),
(329, 8, 5, 'Store Group Page', '<p>This page will be the central point for administering the store group.</p>', 0, 7, 216, 216),
(330, 6, 3, 'Account profile page', NULL, 3, 2, 219, 219),
(331, 4, 1, 'Membership option page', NULL, 4, 2, 219, 219),
(332, 10, 7, 'Trial Membership has expired', '<b>Title</b>  Your 30 day trial to Wine Genius has expired.&nbsp;<p>Dear &lt;username&gt;<username>,&nbsp;</username></p><p><username>Your 30 day free trial to Wine Genius has just expired. Please click the link provided below to continue your wine genius membership.&nbsp;</username></p><p><username><span style="color: #953734;"><i><link> This membership should add twelve months onto the users membership from the date that it should expire, not from the date that the link is clicked.&nbsp;</i></span></username></p><p><username>Please feel free to contact Wine Genius should you have any questions.&nbsp;</username></p><p><username>Regards,&nbsp;</username></p><p><username>&nbsp;The Wine Genius Team&nbsp;</username></p><p><username><a href="http://www.winegenius.com">www.winegenius.com</a>\r\n</username></p>\r\n', 0, 3, 219, 219),
(333, 9, 6, 'Membership expires in 7 days', '<p><b>Subject&nbsp;</b> Your Wine Genius membership will expire in 7 days.&nbsp;</p><p>Dear &lt;username&gt;,&nbsp;</p><p>Your annual membership to Wine Genius will expire in 7 days. Please click the link provided below to ensure that your membership does not expire. This will add another 12 months membership onto your existing account.&nbsp;</p><p>&lt;link&gt;<i><font color="#c0504d">This membership should add twelve months onto the users membership from the date that it should expire, not from the date that the link is clicked.</font><font color="#e36c09">&nbsp;</font></i></p><p>Please feel free to contact Wine Genius should you have any questions.&nbsp;</p><p>Regards,&nbsp;</p><p>The Wine Genius Team&nbsp;</p><p><a href="http://www.winegenius.com">www.winegenius.com</a><br></p>\r\n', 0, 3, 219, 219),
(334, 11, 8, 'Paid Membership Expired', '<b>Title </b> Your Wine Genius membership has expired.&nbsp;<p><br></p><p>Dear &lt;username&gt;<username>,&nbsp;</username></p><p></p><p><username>Your annual membership to Wine Genius has just expired. Please click the link provided below to reactivate your account.&nbsp;</username></p><p><username><span style="color: #c0504d;"><link><i> This membership should add twelve months onto the users membership from the date that it should expire, not from the date that the link is clicked.</i>&nbsp;</span></username></p><p><username>Please feel free to contact Wine Genius should you have any questions.&nbsp;</username></p><p><username>Regards,&nbsp;</username></p><p><username>&nbsp;The Wine Genius Team&nbsp;</username></p><p><username><a href="http://www.winegenius.com">www.winegenius.com</a>\r\n</username></p><p></p>\r\n', 0, 3, 219, 219),
(335, 8, 5, 'Membership expires in 30 days', '<p><p><b><i>Title</i></b>  Your Wine Genius membership will expire in 30 days.</p>\r\n\r\n<p>Dear &lt;username&gt;,</p>\r\n\r\n<p>Your annual membership to Wine Genius will expire in 30\r\ndays. Please click the link provided below to ensure that your membership does\r\nnot expire. This will add another 12 months membership onto your existing\r\naccount.</p>\r\n\r\n<p>&lt;link&gt; <i><font color="#c0504d">This membership\r\nshould add twelve months onto the users membership from the date that it should\r\nexpire, not from the date that the link is clicked.</font></i></p>\r\n\r\n<p>Please feel free to contact Wine Genius should you have any\r\nquestions.</p>\r\n\r\n<p>Regards,</p>\r\n<p>The Wine Genius Team<br>\r\n<a href="http://www.winegenius.com/">www.winegenius.com</a></p><br></p>', 0, 3, 219, 219),
(336, 7, 4, 'Email Validation Page', '<p>A page that tells the new user they will have to validate their email.</p>', 0, 2, 219, 219),
(337, 13, 10, 'My Profile Page', NULL, 9, 2, 219, 219),
(338, 12, 9, 'New paid account profile page', NULL, 12, 2, 219, 219),
(339, 18, 15, 'Membership option page (trial active)', NULL, 13, 2, 219, 219),
(340, 16, 13, 'Gift purchase confirmation email', '<p><p><b><i>Title</i></b>  Thank you for purchasing a Wine Genius gift membership.</p>\r\n\r\n<p>Dear &lt;gift_giver(first&amp;last_name)&gt;,</p>\r\n\r\n<p>Thank you for purchasing a Wine Genius gift membership.\r\nAttached is your gift certificate to give to\r\n&lt;recipient(first&amp;last_name)&gt; with their unique gift code.</p>\r\n\r\n<p>Please feel free to contact Wine Genius should you have any\r\nquestions.</p>\r\n\r\n<p>Regards,</p>\r\n<p>The Wine Genius Team<br>\r\n<a href="http://www.winegenius.com/">www.winegenius.com</a></p><br></p>', 0, 3, 219, 219),
(341, 15, 12, 'Select Membership Type', NULL, 14, 2, 219, 219),
(342, 14, 11, 'Gift a Membership', NULL, 15, 2, 219, 219),
(343, 17, 14, 'Gift Certificate pdf attachment', NULL, 16, 3, 219, 219),
(344, 19, 16, 'Home Page', NULL, 0, 4, 219, 219),
(345, 20, 17, 'log-in pop-up', NULL, 0, 4, 219, 219),
(346, 18, 15, 'Register Page', '', 13, 2, 219, 219),
(347, 21, 18, 'Welcome Page', NULL, 0, 4, 219, 219),
(348, 9, 6, 'Member Welcome Email', '<p><b>Subject&nbsp;</b> Verify your new membership.&nbsp;</p><p>Dear &lt;username&gt;,&nbsp;</p><p>Welcome to &lt;web site&gt;. Please click the link below to verify your account.</p>\r\n', 0, 3, 219, 219),
(349, 19, 16, 'Home Page', '', 0, 2, 219, 219),
(350, 20, 17, 'log-in pop-up', NULL, 0, 1, 219, 219),
(351, 21, 18, 'Welcome Page', NULL, 0, 1, 219, 219),
(352, 20, 17, 'log-in pop-up', '', 0, 2, 219, 219),
(353, 21, 18, 'Welcome Page', '', 0, 2, 219, 219),
(354, 22, 19, 'Error highlight style', NULL, 0, 1, 219, 219),
(355, 22, 19, 'Error highlight style', '', 0, 2, 219, 219),
(356, 6, 3, 'Account profile page', NULL, 0, 2, 219, 219),
(357, 13, 10, 'My Profile Page', NULL, 0, 2, 219, 219),
(358, 18, 15, 'Register Page', NULL, 0, 2, 219, 219),
(359, 7, 4, 'Email Validation Page', NULL, 17, 2, 219, 219),
(360, 13, 10, 'My Profile Page', NULL, 18, 2, 219, 219),
(361, 7, 4, 'Email Validation Page', NULL, 0, 2, 219, 219),
(362, 7, 4, 'Email Validation Page', NULL, 19, 2, 219, 219),
(363, 19, 16, 'Home Page', NULL, 20, 2, 219, 219),
(364, 20, 17, 'log-in pop-up', NULL, 21, 2, 219, 219),
(365, 21, 18, 'Welcome Page', NULL, 22, 2, 219, 219),
(366, 18, 15, 'Register Page', NULL, 23, 2, 219, 219),
(367, 22, 19, 'Error highlight style', NULL, 24, 2, 219, 219),
(368, 23, 20, 'Sorry Page', NULL, 0, 1, 219, 219),
(369, 9, 6, 'Member Welcome Email', '<p><b>Subject&nbsp;</b> Verify your new membership.&nbsp;</p><p>Dear &lt;username&gt;,&nbsp;</p><p>Welcome to &lt;web site&gt;. Please click the link below to verify your account.</p>\r\n', 0, 3, 219, 220),
(370, 13, 10, 'My Profile Page', NULL, 18, 2, 219, 220),
(371, 7, 4, 'Email Validation Page', NULL, 19, 2, 219, 220),
(372, 19, 16, 'Home Page', NULL, 20, 2, 219, 220),
(373, 20, 17, 'log-in pop-up', NULL, 21, 2, 219, 220),
(374, 21, 18, 'Welcome Page', NULL, 22, 2, 219, 220),
(375, 18, 15, 'Register Page', NULL, 23, 2, 219, 220),
(376, 22, 19, 'Error highlight style', NULL, 24, 2, 219, 220),
(377, 23, 20, 'Sorry Page', NULL, 0, 1, 219, 220),
(378, 12, 6, 'Member Welcome Email', '<p><b>Subject&nbsp;</b> Verify your new membership.&nbsp;</p><p>Dear &lt;username&gt;,&nbsp;</p><p>Welcome to &lt;web site&gt;. Please click the link below to verify your account.</p>\r\n', 3, 3, 220, 221),
(379, 16, 10, 'My Profile Page', NULL, 21, 2, 220, 221),
(380, 10, 4, 'Email Validation Page', NULL, 22, 2, 220, 221),
(381, 22, 16, 'Home Page', NULL, 23, 2, 220, 221),
(382, 23, 17, 'log-in pop-up', NULL, 24, 2, 220, 221),
(383, 24, 18, 'Welcome Page', NULL, 25, 2, 220, 221),
(384, 21, 15, 'Register Page', NULL, 26, 2, 220, 221),
(385, 25, 19, 'Error highlight style', NULL, 27, 2, 220, 221),
(386, 26, 20, 'Sorry Page', NULL, 3, 1, 220, 221),
(387, 5, 2, 'Error highlight style', '', 0, 7, 216, 222),
(388, 6, 3, 'Welcome Email', '<p>welcome to DPos Online</p>', 0, 3, 216, 222),
(389, 4, 1, 'Create Account', '', 3, 7, 216, 222),
(390, 7, 4, 'Public Home Page', NULL, 1, 7, 216, 222),
(391, 8, 5, 'Store Group Page', '<p>This page will be the central point for administering the store group.</p>', 0, 7, 216, 222),
(392, 9, 6, 'System Admin', '', 0, 1, 216, 215),
(393, 9, 6, 'System Admin', '<p>DPos Adminstrator dashboard with access to all system maintenance</p>', 0, 7, 216, 215),
(394, 24, 21, 'a new user interface', NULL, 0, 1, 219, 219),
(395, 10, 7, 'Home dashboard', NULL, 0, 1, 216, 215),
(396, 14, 11, 'Gift a Membership', NULL, 0, 2, 208, 203),
(397, 14, 11, 'Gift a Membership', NULL, 17, 2, 208, 203),
(398, 11, 8, 'Account List Page', NULL, 0, 1, 216, 215),
(399, 12, 9, 'Admin Dashboard', NULL, 0, 1, 216, 215),
(400, 13, 10, 'Store Maintenance Screen', NULL, 0, 1, 216, 215),
(401, 13, 10, 'Store Maintenance Screen', '', 0, 7, 216, 215),
(402, 5, 2, 'Error highlight style', '', 0, 7, 216, 223),
(403, 6, 3, 'Welcome Email', '<p>welcome to DPos Online</p>', 0, 3, 216, 223),
(404, 4, 1, 'Create Account', '', 3, 7, 216, 223),
(405, 7, 4, 'Public Home Page', NULL, 1, 7, 216, 223),
(406, 8, 5, 'Store Group Page', '<p>This page will be the central point for administering the store group.</p>', 0, 7, 216, 223),
(407, 9, 6, 'System Admin', '<p>DPos Adminstrator dashboard with access to all system maintenance</p>', 0, 7, 216, 223),
(408, 10, 7, 'Home dashboard', NULL, 0, 1, 216, 223),
(409, 11, 8, 'Account List Page', NULL, 0, 1, 216, 223),
(410, 12, 9, 'Admin Dashboard', NULL, 0, 1, 216, 223),
(411, 13, 10, 'Store Maintenance Screen', '', 0, 7, 216, 223),
(412, 8, 2, 'Error highlight style', '', 3, 7, 221, 224),
(413, 9, 3, 'Welcome Email', '<p>welcome to DPos Online</p>', 3, 3, 221, 224),
(414, 7, 1, 'Create Account', '', 6, 7, 221, 224),
(415, 10, 4, 'Public Home Page', NULL, 4, 7, 221, 224),
(416, 11, 5, 'Store Group Page', '<p>This page will be the central point for administering the store group.</p>', 3, 7, 221, 224),
(417, 12, 6, 'System Admin', '<p>DPos Adminstrator dashboard with access to all system maintenance</p>', 3, 7, 221, 224),
(418, 13, 7, 'Home dashboard', NULL, 3, 1, 221, 224),
(419, 14, 8, 'Account List Page', NULL, 3, 1, 221, 224),
(420, 15, 9, 'Admin Dashboard', NULL, 3, 1, 221, 224),
(421, 16, 10, 'Store Maintenance Screen', '', 3, 7, 221, 224),
(422, 13, 7, 'Home dashboard', '', 3, 11, 221, 224),
(423, 14, 8, 'Account List Page', '', 3, 11, 221, 224),
(424, 15, 9, 'Admin Dashboard', '', 3, 11, 221, 224),
(425, 9, 3, 'Welcome Email', '<p>welcome to DPos Online</p>', 3, 1, 221, 224),
(426, 9, 3, 'Welcome Email', '<p>welcome to DPos Online</p>', 3, 3, 221, 224),
(429, 1, 1, 'Test iface', NULL, 0, 1, 229, 232),
(430, 1, 1, 'Test iface', NULL, 1, 1, 229, 232);

-- --------------------------------------------------------

--
-- Table structure for table `interfacetype`
--

CREATE TABLE IF NOT EXISTS `interfacetype` (
  `id` int(11) NOT NULL AUTO_INCREMENT,
  `interfacetype_id` int(11) NOT NULL,
  `number` varchar(30) NOT NULL DEFAULT '0',
  `name` varchar(255) NOT NULL,
  `project_id` int(11) NOT NULL,
  `release_id` int(11) NOT NULL,
  PRIMARY KEY (`id`),
  KEY `project_id` (`project_id`),
  KEY `interfacetype_id` (`interfacetype_id`),
  KEY `release_id` (`release_id`)
) ENGINE=InnoDB  DEFAULT CHARSET=utf8 AUTO_INCREMENT=629 ;

--
-- Dumping data for table `interfacetype`
--

INSERT INTO `interfacetype` (`id`, `interfacetype_id`, `number`, `name`, `project_id`, `release_id`) VALUES
(363, 1, '1', 'Not Classified', 184, 165),
(364, 2, '2', 'Web interface', 184, 165),
(365, 3, '3', 'Email', 184, 165),
(408, 1, '1', 'Not Classified', 193, 177),
(409, 2, '2', 'Web interface', 193, 177),
(410, 3, '3', 'Email', 193, 177),
(441, 1, '1', 'Not Classified', 199, 186),
(442, 2, '2', 'Web interface', 199, 186),
(443, 3, '3', 'Email', 199, 186),
(444, 1, '1', 'Not Classified', 199, 187),
(445, 2, '2', 'Web interface', 199, 187),
(446, 3, '3', 'Email', 199, 187),
(447, 1, '1', 'Not Classified', 200, 188),
(448, 2, '2', 'Web interface', 200, 188),
(449, 3, '3', 'Email', 200, 188),
(450, 4, '1', 'Not Classified', 200, 188),
(451, 5, '2', 'Web interface', 200, 188),
(452, 6, '3', 'Email', 200, 188),
(453, 1, '1', 'Not Classified', 201, 189),
(454, 2, '2', 'Web interface', 201, 189),
(455, 3, '3', 'Email', 201, 189),
(456, 1, '1', 'Not Classified', 202, 190),
(457, 2, '2', 'Web interface', 202, 190),
(458, 3, '3', 'Email', 202, 190),
(459, 4, '4', 'Not Classified', 202, 190),
(460, 5, '5', 'Web interface', 202, 190),
(461, 6, '6', 'Email', 202, 190),
(480, 1, '1', 'Not Classified', 206, 199),
(481, 2, '2', 'Web interface', 206, 199),
(482, 3, '3', 'Email', 206, 199),
(483, 4, '4', 'Not Classified', 206, 199),
(484, 5, '5', 'Web interface', 206, 199),
(485, 6, '6', 'Email', 206, 199),
(486, 1, '1', 'Not Classified', 206, 200),
(487, 2, '2', 'Web interface', 206, 200),
(488, 3, '3', 'Email', 206, 200),
(489, 4, '4', 'Not Classified', 206, 200),
(490, 5, '5', 'Web interface', 206, 200),
(491, 6, '6', 'Email', 206, 200),
(492, 1, '1', 'Not Classified', 207, 201),
(493, 2, '2', 'Web interface', 207, 201),
(494, 3, '3', 'Email', 207, 201),
(495, 1, '1', 'Not Classified', 207, 202),
(496, 2, '2', 'Web interface', 207, 202),
(497, 3, '3', 'Email', 207, 202),
(498, 1, '1', 'Not Classified', 208, 203),
(499, 2, '2', 'Web interface', 208, 203),
(500, 3, '3', 'Email', 208, 203),
(501, 4, '4', 'Not Classified', 208, 203),
(502, 5, '5', 'Web interface', 208, 203),
(503, 6, '6', 'Email', 208, 203),
(504, 1, '1', 'Not Classified', 209, 204),
(505, 2, '2', 'Web interface', 209, 204),
(506, 3, '3', 'Email', 209, 204),
(507, 1, '1', 'Not Classified', 184, 205),
(508, 2, '2', 'Web interface', 184, 205),
(509, 3, '3', 'Email', 184, 205),
(510, 42, '7', 'Not Classified', 206, 200),
(511, 43, '8', 'Web interface', 206, 200),
(512, 44, '9', 'Email', 206, 200),
(519, 1, '1', 'Not Classified', 211, 208),
(520, 2, '2', 'Web interface', 211, 208),
(521, 3, '3', 'Email', 211, 208),
(522, 1, '1', 'Not Classified', 212, 209),
(523, 2, '2', 'Web interface', 212, 209),
(524, 3, '3', 'Email', 212, 209),
(525, 1, '1', 'Not Classified', 213, 210),
(526, 2, '2', 'Web interface', 213, 210),
(527, 3, '3', 'Email', 213, 210),
(528, 4, '4', 'Not Classified', 213, 210),
(529, 5, '5', 'Web interface', 213, 210),
(530, 6, '6', 'Email', 213, 210),
(531, 1, '1', 'Not Classified', 215, 212),
(532, 2, '2', 'Web interface', 215, 212),
(533, 3, '3', 'Email', 215, 212),
(534, 4, '4', 'Not Classified', 215, 212),
(535, 5, '5', 'Web interface', 215, 212),
(536, 6, '6', 'Email', 215, 212),
(537, 1, '1', 'Not Classified', 215, 213),
(538, 2, '2', 'Web interface', 215, 213),
(539, 3, '3', 'Email', 215, 213),
(540, 4, '4', 'Not Classified', 215, 213),
(541, 5, '5', 'Web interface', 215, 213),
(542, 6, '6', 'Email', 215, 213),
(543, 1, '1', 'Not Classified', 208, 214),
(544, 2, '2', 'Web interface', 208, 214),
(545, 3, '3', 'Email', 208, 214),
(546, 4, '4', 'Not Classified', 208, 214),
(547, 5, '5', 'Web interface', 208, 214),
(548, 6, '6', 'Email', 208, 214),
(549, 1, '1', 'Not Classified', 216, 215),
(550, 2, '2', 'Web interface', 216, 215),
(551, 3, '3', 'Email', 216, 215),
(552, 4, '4', 'Not Classified', 216, 215),
(553, 5, '5', 'Web interface', 216, 215),
(554, 6, '6', 'Email', 216, 215),
(567, 7, '4', 'Web interface', 216, 215),
(568, 1, '1', 'Not Classified', 216, 216),
(569, 3, '3', 'Email', 216, 216),
(570, 7, '4', 'Web interface', 216, 216),
(571, 1, '1', 'Not Classified', 217, 217),
(572, 2, '2', 'Web interface', 217, 217),
(573, 3, '3', 'Email', 217, 217),
(574, 1, '1', 'Not Classified', 218, 218),
(575, 2, '2', 'Web interface', 218, 218),
(576, 3, '3', 'Email', 218, 218),
(577, 1, '1', 'Not Classified', 219, 219),
(578, 2, '2', 'Web interface', 219, 219),
(579, 3, '3', 'Email', 219, 219),
(580, 4, '4', 'Not Classified', 219, 219),
(581, 5, '5', 'Web interface', 219, 219),
(582, 6, '6', 'Email', 219, 219),
(583, 1, '1', 'Not Classified', 219, 220),
(584, 2, '2', 'Web interface', 219, 220),
(585, 3, '3', 'Email', 219, 220),
(586, 1, '1', 'Not Classified', 220, 221),
(587, 2, '2', 'Web interface', 220, 221),
(588, 3, '3', 'Email', 220, 221),
(589, 4, '4', 'Not Classified', 220, 221),
(590, 5, '5', 'Web interface', 220, 221),
(591, 6, '6', 'Email', 220, 221),
(592, 1, '1', 'Not Classified', 216, 222),
(593, 3, '3', 'Email', 216, 222),
(594, 7, '4', 'Web interface', 216, 222),
(595, 1, '1', 'Not Classified', 216, 223),
(596, 3, '3', 'Email', 216, 223),
(597, 7, '4', 'Web interface', 216, 223),
(598, 1, '1', 'Not Classified', 221, 224),
(599, 2, '2', 'Web interface', 221, 224),
(600, 3, '3', 'Email', 221, 224),
(601, 4, '4', 'Not Classified', 221, 224),
(602, 6, '6', 'Email', 221, 224),
(603, 10, '7', 'Web interface', 221, 224),
(604, 1, '1', 'Not Classified', 222, 225),
(605, 2, '2', 'Web interface', 222, 225),
(606, 3, '3', 'Email', 222, 225),
(607, 11, '4', 'Web interface', 221, 224),
(626, 1, '1', 'Not Classified', 229, 232),
(627, 2, '2', 'Web interface', 229, 232),
(628, 3, '3', 'Email', 229, 232);

-- --------------------------------------------------------

--
-- Table structure for table `library`
--

CREATE TABLE IF NOT EXISTS `library` (
  `id` int(11) NOT NULL AUTO_INCREMENT,
  `name` varchar(255) NOT NULL,
  `description` text NOT NULL,
  `public` tinyint(1) NOT NULL DEFAULT '0',
  `release_id` int(11) NOT NULL,
  `owner_id` int(11) NOT NULL,
  PRIMARY KEY (`id`),
  KEY `owner_id` (`owner_id`),
  KEY `release_id` (`release_id`)
) ENGINE=InnoDB  DEFAULT CHARSET=utf8 AUTO_INCREMENT=15 ;

--
-- Dumping data for table `library`
--

INSERT INTO `library` (`id`, `name`, `description`, `public`, `release_id`, `owner_id`) VALUES
(9, 'Module for import', 'A test module for import into an existing project.  Could by used to make a new project if you wanted.', 0, 177, 507),
(10, 'Membership Module', 'A Complete set of use cases for creating, managing and accessing a web member account.', 0, 186, 507),
(11, 'WG Members', 'WG Members', 0, 201, 505),
(12, 'Test Component', 'Use Cases for Test Cases', 0, 165, 505),
(13, 'Website Membership Module', 'A complete, simple non-paid membership system applicable to many web sites.', 1, 220, 514),
(14, 'DPos', 'temp for transfer', 0, 223, 514);

-- --------------------------------------------------------

--
-- Table structure for table `link`
--

CREATE TABLE IF NOT EXISTS `link` (
  `id` int(11) NOT NULL AUTO_INCREMENT,
  `sourcetype` int(4) NOT NULL,
  `source_id` int(11) NOT NULL,
  `targettype` int(4) NOT NULL,
  `target_id` int(11) NOT NULL,
  PRIMARY KEY (`id`)
) ENGINE=InnoDB DEFAULT CHARSET=utf8 AUTO_INCREMENT=1 ;

-- --------------------------------------------------------

--
-- Table structure for table `log`
--

CREATE TABLE IF NOT EXISTS `log` (
  `id` int(11) NOT NULL AUTO_INCREMENT,
  `object` varchar(60) NOT NULL,
  `action` varchar(60) NOT NULL,
  `data` varchar(60) NOT NULL,
  `modified_date` timestamp NOT NULL DEFAULT CURRENT_TIMESTAMP,
  `modified_user` int(11) NOT NULL,
  `version_id` int(11) NOT NULL,
  PRIMARY KEY (`id`)
) ENGINE=InnoDB DEFAULT CHARSET=utf8 AUTO_INCREMENT=1 ;

-- --------------------------------------------------------

--
-- Table structure for table `messages`
--

CREATE TABLE IF NOT EXISTS `messages` (
  `id` int(11) NOT NULL AUTO_INCREMENT,
  `message` text COLLATE utf8_unicode_ci NOT NULL,
  `message_type` tinyint(1) NOT NULL DEFAULT '0',
  `scope` varchar(100) COLLATE utf8_unicode_ci NOT NULL,
  `exclude` varchar(100) COLLATE utf8_unicode_ci NOT NULL,
  `condition` text COLLATE utf8_unicode_ci NOT NULL,
  `show_once` tinyint(1) NOT NULL,
  `type` tinyint(2) NOT NULL,
  PRIMARY KEY (`id`)
) ENGINE=InnoDB  DEFAULT CHARSET=utf8 COLLATE=utf8_unicode_ci AUTO_INCREMENT=3 ;

--
-- Dumping data for table `messages`
--

INSERT INTO `messages` (`id`, `message`, `message_type`, `scope`, `exclude`, `condition`, `show_once`, `type`) VALUES
(1, 'Please complete your profile', 0, '*/*', '', '', 0, 0),
(2, 'You have created a Use Case, well done.  Next job is to add some steps to it.', 1, 'usecase/view', '', '', 0, 0);

-- --------------------------------------------------------

--
-- Table structure for table `note`
--

CREATE TABLE IF NOT EXISTS `note` (
  `id` int(11) NOT NULL AUTO_INCREMENT,
  `meta_type` varchar(30) NOT NULL,
  `subject` varchar(255) NOT NULL,
  `text` text NOT NULL,
  `object` int(11) NOT NULL,
  `instance` int(11) NOT NULL,
  `release_id` int(11) NOT NULL,
  `owner_id` int(11) NOT NULL,
  `create_date` timestamp NOT NULL DEFAULT CURRENT_TIMESTAMP,
  PRIMARY KEY (`id`),
  KEY `release_id` (`release_id`),
  KEY `owner_id` (`owner_id`),
  KEY `object` (`object`)
) ENGINE=InnoDB  DEFAULT CHARSET=utf8 AUTO_INCREMENT=20 ;

--
-- Dumping data for table `note`
--

INSERT INTO `note` (`id`, `meta_type`, `subject`, `text`, `object`, `instance`, `release_id`, `owner_id`, `create_date`) VALUES
(14, 'analyst', 'Eway integration kit', '<p>CB to find Eway integration info from Westpac</p>', 0, 0, 203, 121, '2014-06-18 05:02:56'),
(15, 'analyst', 'Test general note', '<p>A general note.</p>', 0, 0, 200, 121, '2014-07-10 13:37:11'),
(16, 'analyst', 'This rule doesn''t make sense', '<p>No sense at all.</p>', 1, 1, 200, 121, '2014-07-10 13:37:49'),
(17, 'analyst', 'This looks a bit simple', '<p>we need more complexity in passwords.</p>', 1, 1, 215, 121, '2014-07-16 05:32:06'),
(18, 'analyst', 'oei', '<p>oeiiueui</p>', 5, 1, 230, 159, '2014-07-28 05:44:11'),
(19, 'analyst', 'Test Note about a usecase', '<p>test</p>', 10, 4, 203, 121, '2014-07-30 06:31:14');

-- --------------------------------------------------------

--
-- Table structure for table `object`
--

CREATE TABLE IF NOT EXISTS `object` (
  `id` int(11) NOT NULL AUTO_INCREMENT,
  `object_id` int(11) NOT NULL,
  `number` int(6) NOT NULL,
  `name` varchar(255) NOT NULL,
  `description` text NOT NULL,
  `project_id` int(11) NOT NULL,
  `release_id` int(11) NOT NULL,
  PRIMARY KEY (`id`),
  KEY `project_id` (`project_id`),
  KEY `object_id` (`object_id`),
  KEY `release_id` (`release_id`)
) ENGINE=InnoDB  DEFAULT CHARSET=utf8 AUTO_INCREMENT=140 ;

--
-- Dumping data for table `object`
--

INSERT INTO `object` (`id`, `object_id`, `number`, `name`, `description`, `project_id`, `release_id`) VALUES
(19, 1, 1, 'Import test', 'e', 193, 177),
(21, 1, 1, 'Import test', 'e', 193, 177),
(22, 1, 1, 'Import test', 'e', 193, 177),
(26, 1, 1, 'Object', 'A model of a business object', 184, 165),
(27, 2, 2, 'Object Property', 'A property of a Business Object.', 184, 165),
(28, 3, 3, 'Rule', 'A business rule that can be applied to a usecase.', 184, 165),
(29, 4, 4, 'Actor', 'An actor who acts within use cases. May be a person or an external system.', 184, 165),
(30, 5, 5, 'Interface', 'An interface of the system defined with either text or an image.', 184, 165),
(31, 6, 6, 'Form', 'An input form with a number of fields and their associated validations and definitions', 184, 165),
(32, 1, 1, 'Test object', 'Testing', 200, 188),
(35, 1, 1, 'Member Account', 'A member account', 199, 187),
(36, 1, 1, 'oaeu', 'aoeu', 202, 190),
(37, 1, 1, 'Order', 'aoeu make a new version of this', 202, 190),
(38, 1, 2, 'Order', 'aoeu make a new version of this and another', 202, 190),
(39, 2, 3, 'Another', 'two of everything at least', 202, 190),
(40, 3, 1, 'Three', 'Three', 202, 190),
(41, 4, 4, 'Four', 'of', 202, 190),
(42, 5, 6, 'four', 'ou', 202, 190),
(43, 6, 5, 'ouath', 'oeuaoeu', 202, 190),
(44, 1, 9, 'Interface', 'A definition of an application interface, including a web interface or an email message.', 206, 200),
(45, 2, 8, 'Form', 'An input form definition with fields, validations and data types.', 206, 200),
(46, 3, 3, 'Package', 'A categorisation of Usecases around a business process or functional area.', 206, 200),
(47, 4, 4, 'Usecase', 'A process that an Actor wants to carry out.  Usecases must be named with strong verb statements e.g. Create a Usecase.', 206, 200),
(48, 5, 2, 'Actor', 'A person or system that acts upon the system.  An Actor is capable of independent actions and is not entirely predictable. ', 206, 200),
(49, 6, 1, 'Object', 'A definition of a business object with a number of object properties.', 206, 200),
(50, 7, 7, 'Rules', 'A business rule that defines the behaviour of the application.  Rules are related to Usecase steps.', 206, 200),
(51, 8, 5, 'Flow', 'A series of Usecase Steps that are executed by an Actor under a specific circumstance.', 206, 200),
(52, 9, 6, 'Step', 'A Step is a specific action taken by an Actor resulting in a response from the system.', 206, 200),
(53, 7, 7, 'Test Case', 'A set of test steps that test a set of functions, typically grouped by Usecase.', 184, 165),
(54, 8, 8, 'Test Step', 'A single testing instruction that forms part of a Test Case.', 184, 165),
(55, 9, 9, 'Test Run', 'A set of Test Cases that will be executed and the Test Results recorded.', 184, 165),
(56, 10, 10, 'Test Result', 'The recorded result of the execution of a Test Step as part of a Test Run.', 184, 165),
(57, 1, 1, 'Object', 'A model of a business object', 184, 205),
(58, 2, 2, 'Object Property', 'A property of a Business Object.', 184, 205),
(59, 3, 3, 'Rule', 'A business rule that can be applied to a usecase.', 184, 205),
(60, 4, 4, 'Actor', 'An actor who acts within use cases. May be a person or an external system.', 184, 205),
(61, 5, 5, 'Interface', 'An interface of the system defined with either text or an image.', 184, 205),
(62, 6, 6, 'Form', 'An input form with a number of fields and their associated validations and definitions', 184, 205),
(63, 7, 7, 'Test Case', 'A set of test steps that test a set of functions, typically grouped by Usecase.', 184, 205),
(64, 8, 8, 'Test Step', 'A single testing instruction that forms part of a Test Case.', 184, 205),
(65, 9, 9, 'Test Run', 'A set of Test Cases that will be executed and the Test Results recorded.', 184, 205),
(66, 10, 10, 'Test Result', 'The recorded result of the execution of a Test Step as part of a Test Run.', 184, 205),
(67, 42, 10, 'Object', 'A model of a business object', 206, 200),
(68, 43, 10, 'Object Property', 'A property of a Business Object.', 206, 200),
(69, 44, 12, 'Rule', 'A business rule that can be applied to a usecase.', 206, 200),
(70, 45, 13, 'Actor', 'An actor who acts within use cases. May be a person or an external system.', 206, 200),
(71, 46, 14, 'Interface', 'An interface of the system defined with either text or an image.', 206, 200),
(72, 47, 15, 'Form', 'An input form with a number of fields and their associated validations and definitions', 206, 200),
(73, 48, 16, 'Test Case', 'A set of test steps that test a set of functions, typically grouped by Usecase.', 206, 200),
(74, 49, 17, 'Test Step', 'A single testing instruction that forms part of a Test Case.', 206, 200),
(75, 50, 18, 'Test Run', 'A set of Test Cases that will be executed and the Test Results recorded.', 206, 200),
(76, 51, 19, 'Test Result', 'The recorded result of the execution of a Test Step as part of a Test Run.', 206, 200),
(81, 52, 11, 'Alert', '<p>A message shown to a user on certain conditions.</p>', 206, 200),
(82, 53, 10, 'oaeu', '<p>oeu</p>', 206, 200),
(83, 54, 10, 'oeauoeu', '<p>oeuoeu</p>', 206, 200),
(84, 55, 10, 'oeu', '<p>oeu</p>', 206, 200),
(85, 56, 20, 'Alert', '<p>A configurable user alert</p>', 206, 200),
(86, 4, 1, 'Object', 'A model of a business object', 215, 212),
(87, 5, 2, 'Object Property', 'A property of a Business Object.', 215, 212),
(88, 6, 3, 'Rule', 'A business rule that can be applied to a usecase.', 215, 212),
(89, 7, 4, 'Actor', 'An actor who acts within use cases. May be a person or an external system.', 215, 212),
(90, 8, 5, 'Interface', 'An interface of the system defined with either text or an image.', 215, 212),
(91, 9, 6, 'Form', 'An input form with a number of fields and their associated validations and definitions', 215, 212),
(92, 10, 7, 'Test Case', 'A set of test steps that test a set of functions, typically grouped by Usecase.', 215, 212),
(93, 11, 8, 'Test Step', 'A single testing instruction that forms part of a Test Case.', 215, 212),
(94, 12, 9, 'Test Run', 'A set of Test Cases that will be executed and the Test Results recorded.', 215, 212),
(95, 13, 10, 'Test Result', 'The recorded result of the execution of a Test Step as part of a Test Run.', 215, 212),
(96, 14, 11, 'oaeu', '<p>oaeu</p>', 215, 212),
(97, 4, 1, 'Object', 'A model of a business object', 215, 213),
(98, 5, 2, 'Object Property', 'A property of a Business Object.', 215, 213),
(99, 6, 3, 'Rule', 'A business rule that can be applied to a usecase.', 215, 213),
(100, 7, 4, 'Actor', 'An actor who acts within use cases. May be a person or an external system.', 215, 213),
(101, 8, 5, 'Interface', 'An interface of the system defined with either text or an image.', 215, 213),
(102, 9, 6, 'Form', 'An input form with a number of fields and their associated validations and definitions', 215, 213),
(103, 10, 7, 'Test Case', 'A set of test steps that test a set of functions, typically grouped by Usecase.', 215, 213),
(104, 11, 8, 'Test Step', 'A single testing instruction that forms part of a Test Case.', 215, 213),
(105, 12, 9, 'Test Run', 'A set of Test Cases that will be executed and the Test Results recorded.', 215, 213),
(106, 13, 10, 'Test Result', 'The recorded result of the execution of a Test Step as part of a Test Run.', 215, 213),
(107, 14, 11, 'oaeu', '<p>oaeu</p>', 215, 213),
(108, 1, 1, 'Discount Coupon', '<p>A prepaid amount that can be redeemed during a purchase. &nbsp;Coupons are either created by the Administrator or purchased as a gift by members.</p>', 208, 203),
(109, 2, 2, 'Membership Type', '<p>A type of membership with a unique price, expiry time and access rights managed by the Paid Membership Pro plug-in.</p>', 208, 203),
(110, 1, 1, 'Discount Coupon', '<p>A prepaid amount that can be redeemed during a purchase. &nbsp;Coupons are either created by the Administrator or purchased as a gift by members.</p>', 208, 214),
(111, 2, 2, 'Membership Type', '<p>A type of membership with a unique price, expiry time and access rights managed by the Paid Membership Pro plug-in.</p>', 208, 214),
(112, 1, 1, 'User Account', '<p>A container for the user profile and access credentials.</p>', 216, 215),
(113, 2, 2, 'Group', '<p>A collection of one or more stores belonging to\r\nan Owner.<br></p>', 216, 215),
(114, 3, 3, 'Store', '<p><span lang="EN-US" style="font-size: 10pt; line-height: 115%; font-family: Verdana, sans-serif;">A food outlet using the Deliverit POS system.</span><br></p>', 216, 215),
(115, 4, 4, 'Transaction', '<p>A record of a sales transaction that belongs to\r\na store<br></p>', 216, 215),
(116, 1, 1, 'User Account', '<p>A container for the user profile and access credentials.</p>', 216, 216),
(117, 2, 2, 'Group', '<p>A collection of one or more stores belonging to\r\nan Owner.<br></p>', 216, 216),
(118, 3, 3, 'Store', '<p><span lang="EN-US" style="font-size: 10pt; line-height: 115%; font-family: Verdana, sans-serif;">A food outlet using the Deliverit POS system.</span><br></p>', 216, 216),
(119, 4, 4, 'Transaction', '<p>A record of a sales transaction that belongs to\r\na store<br></p>', 216, 216),
(120, 1, 1, 'Discount Coupon', '<p>A prepaid amount that can be redeemed during a purchase. &nbsp;Coupons are either created by the Administrator or purchased as a gift by members.</p>', 219, 219),
(121, 2, 2, 'Membership Type', '<p>A type of membership with a unique price, expiry time and access rights managed by the Paid Membership Pro plug-in.</p>', 219, 219),
(122, 3, 3, 'Member Account', '<p>An account for a member who can log into the website</p>', 219, 219),
(123, 3, 3, 'Member Account', '<p>An account for a member who can log into the website</p>', 219, 220),
(124, 6, 3, 'Member Account', '<p>An account for a member who can log into the website</p>', 220, 221),
(125, 1, 1, 'User Account', '<p>A container for the user profile and access credentials.</p>', 216, 222),
(126, 2, 2, 'Group', '<p>A collection of one or more stores belonging to\r\nan Owner.<br></p>', 216, 222),
(127, 3, 3, 'Store', '<p><span lang="EN-US" style="font-size: 10pt; line-height: 115%; font-family: Verdana, sans-serif;">A food outlet using the Deliverit POS system.</span><br></p>', 216, 222),
(128, 4, 4, 'Transaction', '<p>A record of a sales transaction that belongs to\r\na store<br></p>', 216, 222),
(129, 1, 1, 'User Account', '<p>A container for the user profile and access credentials.</p>', 216, 223),
(130, 2, 2, 'Group', '<p>A collection of one or more stores belonging to\r\nan Owner.<br></p>', 216, 223),
(131, 3, 3, 'Store', '<p><span lang="EN-US" style="font-size: 10pt; line-height: 115%; font-family: Verdana, sans-serif;">A food outlet using the Deliverit POS system.</span><br></p>', 216, 223),
(132, 4, 4, 'Transaction', '<p>A record of a sales transaction that belongs to\r\na store<br></p>', 216, 223),
(133, 4, 1, 'User Account', '<p>A container for the user profile and access credentials.</p>', 221, 224),
(134, 5, 2, 'Group', '<p>A collection of one or more stores belonging to\r\nan Owner.<br></p>', 221, 224),
(135, 6, 3, 'Store', '<p><span lang="EN-US" style="font-size: 10pt; line-height: 115%; font-family: Verdana, sans-serif;">A food outlet using the Deliverit POS system.</span><br></p>', 221, 224),
(136, 7, 4, 'Transaction', '<p>A record of a sales transaction that belongs to\r\na store<br></p>', 221, 224);

-- --------------------------------------------------------

--
-- Table structure for table `objectproperty`
--

CREATE TABLE IF NOT EXISTS `objectproperty` (
  `id` int(11) NOT NULL AUTO_INCREMENT,
  `objectproperty_id` int(11) NOT NULL,
  `project_id` int(11) NOT NULL,
  `release_id` int(11) NOT NULL,
  `number` int(6) NOT NULL,
  `object_id` int(11) NOT NULL,
  `name` varchar(255) NOT NULL,
  `description` text NOT NULL,
  `type` tinyint(1) NOT NULL DEFAULT '1' COMMENT '1 property, 2 relationship',
  PRIMARY KEY (`id`),
  KEY `object_id` (`object_id`),
  KEY `objectproperty_id` (`objectproperty_id`),
  KEY `release_id` (`release_id`),
  KEY `project_id` (`project_id`)
) ENGINE=InnoDB  DEFAULT CHARSET=utf8 AUTO_INCREMENT=207 ;

--
-- Dumping data for table `objectproperty`
--

INSERT INTO `objectproperty` (`id`, `objectproperty_id`, `project_id`, `release_id`, `number`, `object_id`, `name`, `description`, `type`) VALUES
(16, 1, 184, 165, 1, 1, 'Name', 'Name of the Object Property', 1),
(17, 2, 184, 165, 2, 1, 'Description', 'Description of the Object Property', 1),
(18, 3, 184, 165, 1, 3, 'Name', 'Name of the Business Rule', 1),
(19, 4, 184, 165, 2, 3, 'Rule Text', 'The definition of the business rule in a text form.', 1),
(30, 1, 200, 188, 1, 1, 'First property', 'of the test object', 1),
(31, 2, 200, 188, 2, 1, 'Two', 'And now there are two', 1),
(34, 1, 199, 187, 1, 1, 'Username', 'A string used to identify a user, each username is unique.', 1),
(35, 2, 199, 187, 2, 1, 'First Name', 'The user''s first name.', 1),
(36, 3, 199, 187, 3, 1, 'Last Name', 'The user''s last name.', 1),
(37, 4, 199, 187, 4, 1, 'email address', 'The user''s email address.', 1),
(38, 1, 202, 190, 1, 1, 'Property one', 'the first', 1),
(39, 2, 202, 190, 2, 1, 'Property two ', 'the second', 1),
(40, 2, 202, 190, 2, 1, 'Property two ', 'the second updated', 1),
(41, 1, 184, 165, 1, 1, 'Name', 'Name of the Object', 1),
(42, 2, 184, 165, 2, 1, 'Description', 'Description of the Object', 1),
(43, 5, 184, 165, 1, 4, 'Name', 'The name of the actor.', 1),
(44, 6, 184, 165, 2, 4, 'Description', 'Description of the Actor', 1),
(45, 7, 184, 165, 3, 4, 'Type', 'Type of Actor, either a person, or an external system.', 1),
(46, 8, 184, 165, 4, 4, 'Aliases', 'Other names the Actor may be known by.', 1),
(47, 9, 184, 165, 5, 4, 'Inherits', 'If this actor inherits the properties of another actor, a relationship to the other actor is recorded. An Actor may BELONG_TO another Actor.', 1),
(48, 1, 206, 200, 1, 1, 'Number', 'The interface number, sequential zero padded three digit number.', 1),
(49, 2, 206, 200, 2, 1, 'Name', 'Name of the interface.', 1),
(50, 3, 206, 200, 3, 1, 'Description', 'Description of the interface as text.', 1),
(51, 4, 206, 200, 4, 1, 'Photo', 'An image file associated with the interface.  An interface HAS ONE photo.', 1),
(52, 5, 206, 200, 5, 1, 'Type', 'A classification of the interface, e.g. web interface, console interface.', 1),
(53, 6, 206, 200, 6, 1, 'Release', 'An interface BELONGS TO a Release.', 1),
(54, 7, 206, 200, 1, 5, 'Name', 'Actor name', 1),
(55, 8, 206, 200, 2, 5, 'Description', 'Description of the Actor.', 1),
(56, 9, 206, 200, 3, 5, 'Aliases', 'Other names that the Actor may be known by.', 1),
(57, 10, 206, 200, 4, 5, 'Type', 'The Actor may be a Person or an External System', 1),
(58, 11, 206, 200, 5, 5, 'Inherits', 'An Actor may inherit the role of another Actor, e.g. an authenticated user may inherit the role of an un-authenticated user.  I.e. an authenticated user can do everything an un-authenticated user can do, plus some extra things. An Actor HAS ONE Inherits', 1),
(59, 12, 206, 200, 1, 3, 'Name', 'Name of a package', 1),
(60, 13, 206, 200, 2, 3, 'Number', 'The number of a Package.', 1),
(61, 14, 206, 200, 1, 6, 'Name', 'Name of the Object.', 1),
(62, 15, 206, 200, 2, 6, 'Number', 'The number of the Object.', 1),
(63, 16, 206, 200, 3, 6, 'Description', 'A description of the Object', 1),
(64, 17, 206, 200, 1, 7, 'Name', 'The name of the Business Rule', 1),
(65, 18, 206, 200, 2, 7, 'Number', 'The number of the Business Rule', 1),
(66, 1, 184, 205, 1, 1, 'Name', 'Name of the Object', 1),
(67, 2, 184, 205, 2, 1, 'Description', 'Description of the Object', 1),
(68, 3, 184, 205, 1, 3, 'Name', 'Name of the Business Rule', 1),
(69, 4, 184, 205, 2, 3, 'Rule Text', 'The definition of the business rule in a text form.', 1),
(70, 5, 184, 205, 1, 4, 'Name', 'The name of the actor.', 1),
(71, 6, 184, 205, 2, 4, 'Description', 'Description of the Actor', 1),
(72, 7, 184, 205, 3, 4, 'Type', 'Type of Actor, either a person, or an external system.', 1),
(73, 8, 184, 205, 4, 4, 'Aliases', 'Other names the Actor may be known by.', 1),
(74, 9, 184, 205, 5, 4, 'Inherits', 'If this actor inherits the properties of another actor, a relationship to the other actor is recorded. An Actor may BELONG_TO another Actor.', 1),
(75, 42, 206, 200, 1, 42, 'Name', 'Name of the Object', 1),
(76, 43, 206, 200, 2, 42, 'Description', 'Description of the Object', 1),
(77, 44, 206, 200, 1, 44, 'Name', 'Name of the Business Rule', 1),
(78, 45, 206, 200, 2, 44, 'Rule Text', 'The definition of the business rule in a text form.', 1),
(79, 46, 206, 200, 1, 45, 'Name', 'The name of the actor.', 1),
(80, 47, 206, 200, 2, 45, 'Description', 'Description of the Actor', 1),
(81, 48, 206, 200, 3, 45, 'Type', 'Type of Actor, either a person, or an external system.', 1),
(82, 49, 206, 200, 4, 45, 'Aliases', 'Other names the Actor may be known by.', 1),
(83, 50, 206, 200, 5, 45, 'Inherits', 'If this actor inherits the properties of another actor, a relationship to the other actor is recorded. An Actor may BELONG_TO another Actor.', 1),
(86, 51, 206, 200, 1, 52, 'Identifier', 'e.g. first_view_home for the first view of the home page.', 1),
(87, 52, 206, 200, 2, 52, 'Type', 'An alert type (success, info, warning, error)', 1),
(88, 53, 206, 200, 3, 52, 'Content', 'The Alert content to be displayed.', 1),
(89, 54, 206, 200, 4, 52, 'Condition', 'The display condition value', 1),
(90, 4, 215, 212, 1, 4, 'Name', 'Name of the Object', 1),
(91, 5, 215, 212, 2, 4, 'Description', 'Description of the Object', 1),
(92, 6, 215, 212, 1, 6, 'Name', 'Name of the Business Rule', 1),
(93, 7, 215, 212, 2, 6, 'Rule Text', 'The definition of the business rule in a text form.', 1),
(94, 8, 215, 212, 1, 7, 'Name', 'The name of the actor.', 1),
(95, 9, 215, 212, 2, 7, 'Description', 'Description of the Actor', 1),
(96, 10, 215, 212, 3, 7, 'Type', 'Type of Actor, either a person, or an external system.', 1),
(97, 11, 215, 212, 4, 7, 'Aliases', 'Other names the Actor may be known by.', 1),
(98, 12, 215, 212, 5, 7, 'Inherits', 'If this actor inherits the properties of another actor, a relationship to the other actor is recorded. An Actor may BELONG_TO another Actor.', 1),
(99, 4, 215, 213, 1, 4, 'Name', 'Name of the Object', 1),
(100, 5, 215, 213, 2, 4, 'Description', 'Description of the Object', 1),
(101, 6, 215, 213, 1, 6, 'Name', 'Name of the Business Rule', 1),
(102, 7, 215, 213, 2, 6, 'Rule Text', 'The definition of the business rule in a text form.', 1),
(103, 8, 215, 213, 1, 7, 'Name', 'The name of the actor.', 1),
(104, 9, 215, 213, 2, 7, 'Description', 'Description of the Actor', 1),
(105, 10, 215, 213, 3, 7, 'Type', 'Type of Actor, either a person, or an external system.', 1),
(106, 11, 215, 213, 4, 7, 'Aliases', 'Other names the Actor may be known by.', 1),
(107, 12, 215, 213, 5, 7, 'Inherits', 'If this actor inherits the properties of another actor, a relationship to the other actor is recorded. An Actor may BELONG_TO another Actor.', 1),
(108, 1, 208, 203, 1, 1, 'Amount', 'The dollar value of the coupon.', 1),
(109, 2, 208, 203, 2, 1, 'Unique code', 'A unique, long, random string used to identify the coupon.', 1),
(110, 1, 208, 203, 1, 1, 'Membership Types', 'Relationship to the membership type(s) this coupon can be used to purchase.\r\nONE Coupon HAS MANY Membership Types', 1),
(111, 2, 208, 214, 2, 1, 'Unique code', 'A unique, long, random string used to identify the coupon.', 1),
(112, 1, 208, 214, 1, 1, 'Membership Types', 'Relationship to the membership type(s) this coupon can be used to purchase.\r\nONE Coupon HAS MANY Membership Types', 1),
(113, 1, 216, 215, 1, 1, 'Username', 'unique identifier used in log-in pair', 1),
(114, 2, 216, 215, 2, 1, 'Password', 'secret password that forms part of the log in credentials.  Stored encrypted in the database.', 1),
(115, 3, 216, 215, 3, 1, 'email address', 'Email address of user', 1),
(116, 4, 216, 215, 4, 1, 'Firstname', 'Users first name', 1),
(117, 5, 216, 215, 5, 1, 'Lastname', 'Users last name', 1),
(118, 2, 216, 215, 2, 1, 'Password', 'Secret password that forms part of the log in credentials.  Stored encrypted in the database.', 1),
(119, 6, 216, 215, 1, 2, 'Name', 'Name of store group.', 1),
(120, 7, 216, 215, 1, 3, 'Name', 'Name of store', 1),
(121, 8, 216, 215, 2, 3, 'Street Address', 'Street address', 1),
(122, 9, 216, 215, 3, 3, 'Address City', 'Address city', 1),
(123, 10, 216, 215, 4, 3, 'Address State', 'State', 1),
(124, 11, 216, 215, 5, 3, 'Address Country', 'Country', 1),
(125, 12, 216, 215, 6, 3, '2', 'A Store belongs to a  Group.', 2),
(126, 1, 216, 216, 1, 1, 'Username', 'unique identifier used in log-in pair', 1),
(127, 3, 216, 216, 3, 1, 'email address', 'Email address of user', 1),
(128, 4, 216, 216, 4, 1, 'Firstname', 'Users first name', 1),
(129, 5, 216, 216, 5, 1, 'Lastname', 'Users last name', 1),
(130, 2, 216, 216, 2, 1, 'Password', 'Secret password that forms part of the log in credentials.  Stored encrypted in the database.', 1),
(131, 6, 216, 216, 1, 2, 'Name', 'Name of store group.', 1),
(132, 7, 216, 216, 1, 3, 'Name', 'Name of store', 1),
(133, 8, 216, 216, 2, 3, 'Street Address', 'Street address', 1),
(134, 9, 216, 216, 3, 3, 'Address City', 'Address city', 1),
(135, 10, 216, 216, 4, 3, 'Address State', 'State', 1),
(136, 11, 216, 216, 5, 3, 'Address Country', 'Country', 1),
(137, 12, 216, 216, 6, 3, '2', 'A Store belongs to a  Group.', 2),
(138, 2, 219, 219, 2, 1, 'Unique code', 'A unique, long, random string used to identify the coupon.', 1),
(139, 1, 219, 219, 1, 1, 'Membership Types', 'Relationship to the membership type(s) this coupon can be used to purchase.\r\nONE Coupon HAS MANY Membership Types', 1),
(140, 3, 219, 219, 1, 3, 'First Name', 'First name of member', 1),
(141, 4, 219, 219, 2, 3, 'Last Name', 'Last name of member.', 1),
(142, 5, 219, 219, 3, 3, 'Email Address', 'Members email address', 1),
(143, 6, 219, 219, 4, 3, 'Avatar', 'Image use to represent user ', 1),
(144, 7, 219, 219, 5, 3, 'Password', 'secret password used to authenticate log on', 1),
(145, 8, 219, 219, 6, 3, 'Join Date', 'Date member joined the website', 1),
(146, 2, 219, 220, 2, 1, 'Unique code', 'A unique, long, random string used to identify the coupon.', 1),
(147, 1, 219, 220, 1, 1, 'Membership Types', 'Relationship to the membership type(s) this coupon can be used to purchase.\r\nONE Coupon HAS MANY Membership Types', 1),
(148, 3, 219, 220, 1, 3, 'First Name', 'First name of member', 1),
(149, 4, 219, 220, 2, 3, 'Last Name', 'Last name of member.', 1),
(150, 5, 219, 220, 3, 3, 'Email Address', 'Members email address', 1),
(151, 6, 219, 220, 4, 3, 'Avatar', 'Image use to represent user ', 1),
(152, 7, 219, 220, 5, 3, 'Password', 'secret password used to authenticate log on', 1),
(153, 8, 219, 220, 6, 3, 'Join Date', 'Date member joined the website', 1),
(154, 5, 220, 221, 2, 4, 'Unique code', 'A unique, long, random string used to identify the coupon.', 1),
(155, 4, 220, 221, 1, 4, 'Membership Types', 'Relationship to the membership type(s) this coupon can be used to purchase.\r\nONE Coupon HAS MANY Membership Types', 1),
(156, 6, 220, 221, 1, 6, 'First Name', 'First name of member', 1),
(157, 7, 220, 221, 2, 6, 'Last Name', 'Last name of member.', 1),
(158, 8, 220, 221, 3, 6, 'Email Address', 'Members email address', 1),
(159, 9, 220, 221, 4, 6, 'Avatar', 'Image use to represent user ', 1),
(160, 10, 220, 221, 5, 6, 'Password', 'secret password used to authenticate log on', 1),
(161, 11, 220, 221, 6, 6, 'Join Date', 'Date member joined the website', 1),
(162, 1, 216, 222, 1, 1, 'Username', 'unique identifier used in log-in pair', 1),
(163, 3, 216, 222, 3, 1, 'email address', 'Email address of user', 1),
(164, 4, 216, 222, 4, 1, 'Firstname', 'Users first name', 1),
(165, 5, 216, 222, 5, 1, 'Lastname', 'Users last name', 1),
(166, 2, 216, 222, 2, 1, 'Password', 'Secret password that forms part of the log in credentials.  Stored encrypted in the database.', 1),
(167, 6, 216, 222, 1, 2, 'Name', 'Name of store group.', 1),
(168, 7, 216, 222, 1, 3, 'Name', 'Name of store', 1),
(169, 8, 216, 222, 2, 3, 'Street Address', 'Street address', 1),
(170, 9, 216, 222, 3, 3, 'Address City', 'Address city', 1),
(171, 10, 216, 222, 4, 3, 'Address State', 'State', 1),
(172, 11, 216, 222, 5, 3, 'Address Country', 'Country', 1),
(173, 12, 216, 222, 6, 3, '2', 'A Store belongs to a  Group.', 2),
(174, 13, 216, 215, 6, 1, 'Online Ordering', 'A client that used DPos online ordering system', 1),
(175, 14, 216, 215, 1, 4, 'Last Updated', 'To show user when live feed was last successfully updated.', 1),
(176, 15, 216, 215, 2, 4, 'Client ID', 'identify which store transaction belongs to.', 1),
(177, 1, 216, 223, 1, 1, 'Username', 'unique identifier used in log-in pair', 1),
(178, 3, 216, 223, 3, 1, 'email address', 'Email address of user', 1),
(179, 4, 216, 223, 4, 1, 'Firstname', 'Users first name', 1),
(180, 5, 216, 223, 5, 1, 'Lastname', 'Users last name', 1),
(181, 2, 216, 223, 2, 1, 'Password', 'Secret password that forms part of the log in credentials.  Stored encrypted in the database.', 1),
(182, 6, 216, 223, 1, 2, 'Name', 'Name of store group.', 1),
(183, 7, 216, 223, 1, 3, 'Name', 'Name of store', 1),
(184, 8, 216, 223, 2, 3, 'Street Address', 'Street address', 1),
(185, 9, 216, 223, 3, 3, 'Address City', 'Address city', 1),
(186, 10, 216, 223, 4, 3, 'Address State', 'State', 1),
(187, 11, 216, 223, 5, 3, 'Address Country', 'Country', 1),
(188, 12, 216, 223, 6, 3, '2', 'A Store belongs to a  Group.', 2),
(189, 13, 216, 223, 6, 1, 'Online Ordering', 'A client that used DPos online ordering system', 1),
(190, 14, 216, 223, 1, 4, 'Last Updated', 'To show user when live feed was last successfully updated.', 1),
(191, 15, 216, 223, 2, 4, 'Client ID', 'identify which store transaction belongs to.', 1),
(192, 4, 221, 224, 1, 4, 'Username', 'unique identifier used in log-in pair', 1),
(193, 6, 221, 224, 3, 4, 'email address', 'Email address of user', 1),
(194, 7, 221, 224, 4, 4, 'Firstname', 'Users first name', 1),
(195, 8, 221, 224, 5, 4, 'Lastname', 'Users last name', 1),
(196, 5, 221, 224, 2, 4, 'Password', 'Secret password that forms part of the log in credentials.  Stored encrypted in the database.', 1),
(197, 9, 221, 224, 1, 5, 'Name', 'Name of store group.', 1),
(198, 10, 221, 224, 1, 6, 'Name', 'Name of store', 1),
(199, 11, 221, 224, 2, 6, 'Street Address', 'Street address', 1),
(200, 12, 221, 224, 3, 6, 'Address City', 'Address city', 1),
(201, 13, 221, 224, 4, 6, 'Address State', 'State', 1),
(202, 14, 221, 224, 5, 6, 'Address Country', 'Country', 1),
(203, 15, 221, 224, 6, 6, '2', 'A Store belongs to a  Group.', 2),
(204, 16, 221, 224, 6, 4, 'Online Ordering', 'A client that used DPos online ordering system', 1),
(205, 17, 221, 224, 1, 7, 'Last Updated', 'To show user when live feed was last successfully updated.', 1),
(206, 18, 221, 224, 2, 7, 'Client ID', 'identify which store transaction belongs to.', 1);

-- --------------------------------------------------------

--
-- Table structure for table `organisationtype`
--

CREATE TABLE IF NOT EXISTS `organisationtype` (
  `id` int(11) NOT NULL AUTO_INCREMENT,
  `name` varchar(60) NOT NULL,
  PRIMARY KEY (`id`)
) ENGINE=InnoDB  DEFAULT CHARSET=utf8 AUTO_INCREMENT=2 ;

--
-- Dumping data for table `organisationtype`
--

INSERT INTO `organisationtype` (`id`, `name`) VALUES
(1, 'Analyst');

-- --------------------------------------------------------

--
-- Table structure for table `package`
--

CREATE TABLE IF NOT EXISTS `package` (
  `id` int(11) NOT NULL AUTO_INCREMENT,
  `package_id` int(11) NOT NULL,
  `name` varchar(255) NOT NULL,
  `stage` tinyint(1) NOT NULL DEFAULT '1',
  `number` int(6) NOT NULL,
  `project_id` int(11) NOT NULL,
  `release_id` int(11) NOT NULL,
  `budget` decimal(10,2) NOT NULL DEFAULT '0.00',
  `contract_amount` decimal(10,2) NOT NULL DEFAULT '0.00',
  `extlink` varchar(50) DEFAULT NULL,
  PRIMARY KEY (`id`),
  KEY `project_id` (`project_id`),
  KEY `package_id` (`package_id`),
  KEY `release_id` (`release_id`)
) ENGINE=InnoDB  DEFAULT CHARSET=utf8 AUTO_INCREMENT=1030 ;

--
-- Dumping data for table `package`
--

INSERT INTO `package` (`id`, `package_id`, `name`, `stage`, `number`, `project_id`, `release_id`, `budget`, `contract_amount`, `extlink`) VALUES
(884, 1, 'Membership', 1, 1, 184, 165, '0.00', '0.00', NULL),
(885, 2, 'Requirements', 1, 2, 184, 165, '0.00', '0.00', NULL),
(886, 3, 'Library', 1, 3, 184, 165, '0.00', '0.00', NULL),
(887, 4, 'Testing', 1, 4, 184, 165, '0.00', '0.00', NULL),
(903, 1, 'System', 1, 1, 193, 177, '0.00', '0.00', NULL),
(909, 1, 'System', 1, 1, 193, 177, '0.00', '0.00', NULL),
(910, 1, 'System', 1, 1, 193, 177, '0.00', '0.00', NULL),
(915, 1, 'System', 1, 1, 199, 186, '0.00', '0.00', NULL),
(916, 2, 'Membership', 1, 1, 199, 186, '0.00', '0.00', NULL),
(917, 2, 'Membership', 1, 1, 199, 187, '0.00', '0.00', NULL),
(921, 1, 'System', 1, 1, 200, 188, '0.00', '0.00', NULL),
(922, 1, 'Test system', 1, 1, 200, 188, '0.00', '0.00', NULL),
(923, 5, 'Membership', 1, 1, 200, 188, '0.00', '0.00', NULL),
(924, 5, 'Membership import', 1, 1, 200, 188, '0.00', '0.00', NULL),
(925, 5, 'Membership test', 1, 1, 200, 188, '0.00', '0.00', NULL),
(926, 5, 'Membershipaoeu', 1, 1, 200, 188, '0.00', '0.00', NULL),
(927, 5, 'Membershiphh', 1, 1, 200, 188, '0.00', '0.00', NULL),
(928, 1, 'Test system et', 1, 1, 200, 188, '0.00', '0.00', NULL),
(929, 5, 'Membership hhth', 1, 1, 200, 188, '0.00', '0.00', NULL),
(930, 5, 'Membership hhth eeeeee', 1, 1, 200, 188, '0.00', '0.00', NULL),
(931, 5, 'Membership .....aoueaeou', 1, 1, 200, 188, '0.00', '0.00', NULL),
(932, 5, 'Membershipeoueou', 1, 1, 200, 188, '0.00', '0.00', NULL),
(933, 1, 'System', 1, 1, 201, 189, '0.00', '0.00', NULL),
(934, 1, 'System', 1, 1, 202, 190, '0.00', '0.00', NULL),
(935, 5, 'Membership', 1, 2, 202, 190, '0.00', '0.00', NULL),
(936, 6, 'Numbers', 1, 3, 202, 190, '0.00', '0.00', NULL),
(943, 1, 'System', 1, 1, 206, 199, '0.00', '0.00', NULL),
(944, 5, 'Membership', 1, 2, 206, 199, '0.00', '0.00', NULL),
(945, 1, 'System', 1, 1, 206, 200, '0.00', '0.00', NULL),
(946, 5, 'Membership', 1, 1, 206, 200, '0.00', '0.00', NULL),
(947, 1, 'System', 1, 1, 207, 201, '0.00', '0.00', NULL),
(948, 1, 'Membership', 1, 1, 207, 201, '0.00', '0.00', NULL),
(949, 1, 'Membership', 1, 1, 207, 202, '0.00', '0.00', NULL),
(950, 1, 'System', 1, 1, 208, 203, '0.00', '0.00', NULL),
(951, 4, 'Membership', 1, 2, 208, 203, '0.00', '0.00', NULL),
(952, 1, 'Interfaces', 1, 7, 206, 200, '0.00', '0.00', NULL),
(953, 6, 'Actors', 1, 3, 206, 200, '0.00', '0.00', NULL),
(954, 7, 'Objects', 1, 2, 206, 200, '0.00', '0.00', NULL),
(955, 8, 'Versions', 1, 10, 206, 200, '0.00', '0.00', NULL),
(956, 9, 'Photos', 1, 8, 206, 200, '0.00', '0.00', NULL),
(957, 10, 'Rules', 1, 6, 206, 200, '0.00', '0.00', NULL),
(958, 11, 'Forms', 1, 9, 206, 200, '0.00', '0.00', NULL),
(959, 12, 'Packages', 1, 4, 206, 200, '0.00', '0.00', NULL),
(960, 13, 'Usecases', 1, 5, 206, 200, '0.00', '0.00', NULL),
(961, 1, 'System', 1, 1, 209, 204, '0.00', '0.00', NULL),
(962, 4, 'Test Planning', 1, 4, 184, 165, '0.00', '0.00', NULL),
(963, 5, 'Test Execution', 1, 5, 184, 165, '0.00', '0.00', NULL),
(964, 4, 'Test Planning', 1, 4, 184, 205, '0.00', '0.00', NULL),
(965, 5, 'Test Execution', 1, 5, 184, 205, '0.00', '0.00', NULL),
(966, 45, 'Test Planning', 1, 11, 206, 200, '0.00', '0.00', NULL),
(967, 46, 'Test Execution', 1, 12, 206, 200, '0.00', '0.00', NULL),
(971, 1, 'System', 1, 1, 211, 208, '0.00', '0.00', NULL),
(972, 1, 'System', 1, 1, 212, 209, '0.00', '0.00', NULL),
(973, 1, 'System', 1, 1, 213, 210, '0.00', '0.00', NULL),
(974, 5, 'Membership', 1, 2, 213, 210, '0.00', '0.00', NULL),
(975, 47, 'Alerts', 1, 13, 206, 200, '0.00', '0.00', NULL),
(976, 1, 'System', 1, 1, 215, 212, '0.00', '0.00', NULL),
(977, 7, 'Test Planning', 1, 2, 215, 212, '0.00', '0.00', NULL),
(978, 8, 'Test Execution', 1, 3, 215, 212, '0.00', '0.00', NULL),
(979, 1, 'System', 1, 1, 215, 213, '0.00', '0.00', NULL),
(980, 7, 'Test Planning', 1, 2, 215, 213, '0.00', '0.00', NULL),
(981, 8, 'Test Execution', 1, 3, 215, 213, '0.00', '0.00', NULL),
(982, 5, 'Payments', 1, 3, 208, 203, '0.00', '0.00', NULL),
(983, 4, 'Membership', 1, 2, 208, 214, '0.00', '0.00', NULL),
(984, 5, 'Payments', 1, 3, 208, 214, '0.00', '0.00', NULL),
(985, 1, 'System', 1, 1, 216, 215, '0.00', '0.00', NULL),
(986, 1, 'User Management', 1, 2, 216, 215, '0.00', '0.00', NULL),
(987, 5, 'Membership', 1, 1, 216, 215, '0.00', '0.00', NULL),
(988, 1, 'Store Feeds', 1, 2, 216, 215, '0.00', '0.00', NULL),
(993, 1, 'Store Feeds', 1, 2, 216, 215, '0.00', '0.00', NULL),
(994, 1, 'Store Groups', 1, 2, 216, 215, '0.00', '0.00', NULL),
(995, 6, 'Reporting', 1, 4, 216, 215, '0.00', '0.00', NULL),
(996, 5, 'Membership', 1, 1, 216, 216, '0.00', '0.00', NULL),
(997, 1, 'Store Groups', 1, 2, 216, 216, '0.00', '0.00', NULL),
(998, 6, 'Reporting', 1, 3, 216, 216, '0.00', '0.00', NULL),
(999, 1, 'System', 1, 1, 217, 217, '0.00', '0.00', NULL),
(1000, 1, 'System', 1, 1, 218, 218, '0.00', '0.00', NULL),
(1001, 4, 'Membership', 1, 2, 219, 219, '0.00', '0.00', NULL),
(1002, 5, 'Payments', 1, 3, 219, 219, '0.00', '0.00', NULL),
(1003, 4, 'Membership', 1, 2, 219, 220, '0.00', '0.00', NULL),
(1004, 1, 'System', 1, 1, 220, 221, '0.00', '0.00', NULL),
(1005, 7, 'Membership', 1, 2, 220, 221, '0.00', '0.00', NULL),
(1006, 5, 'Membership', 1, 1, 216, 222, '0.00', '0.00', NULL),
(1007, 1, 'Store Groups', 1, 2, 216, 222, '0.00', '0.00', NULL),
(1008, 6, 'Reporting', 1, 3, 216, 222, '0.00', '0.00', NULL),
(1009, 7, 'System Maintenance', 1, 3, 216, 215, '0.00', '0.00', NULL),
(1010, 5, 'Membership', 1, 1, 216, 223, '0.00', '0.00', NULL),
(1011, 1, 'Store Groups', 1, 2, 216, 223, '0.00', '0.00', NULL),
(1012, 6, 'Reporting', 1, 4, 216, 223, '0.00', '0.00', NULL),
(1013, 7, 'System Maintenance', 1, 3, 216, 223, '0.00', '0.00', NULL),
(1014, 1, 'System', 1, 1, 221, 224, '0.00', '0.00', NULL),
(1015, 8, 'Membership', 1, 2, 221, 224, '0.00', '0.00', NULL),
(1016, 4, 'Store Groups', 1, 3, 221, 224, '0.00', '0.00', NULL),
(1017, 9, 'Reporting', 1, 5, 221, 224, '0.00', '0.00', NULL),
(1018, 10, 'System Maintenance', 1, 4, 221, 224, '0.00', '0.00', NULL),
(1019, 1, 'System', 1, 1, 222, 225, '0.00', '0.00', NULL),
(1027, 1, 'System', 1, 1, 229, 232, '0.00', '0.00', NULL),
(1028, 48, 'test empty', 1, 14, 206, 200, '0.00', '0.00', NULL),
(1029, 8, 'oeiuoeiu', 1, 5, 216, 215, '0.00', '0.00', NULL);

-- --------------------------------------------------------

--
-- Table structure for table `photo`
--

CREATE TABLE IF NOT EXISTS `photo` (
  `id` int(11) NOT NULL AUTO_INCREMENT,
  `photo_id` int(11) NOT NULL,
  `file` varchar(60) NOT NULL,
  `description` text,
  `project_id` int(11) NOT NULL,
  `release_id` int(11) NOT NULL,
  `user_id` int(11) NOT NULL,
  `create_date` timestamp NOT NULL DEFAULT CURRENT_TIMESTAMP,
  PRIMARY KEY (`id`),
  KEY `project_id` (`project_id`),
  KEY `user_id` (`user_id`),
  KEY `release_id` (`release_id`)
) ENGINE=InnoDB  DEFAULT CHARSET=utf8 AUTO_INCREMENT=107 ;

--
-- Dumping data for table `photo`
--

INSERT INTO `photo` (`id`, `photo_id`, `file`, `description`, `project_id`, `release_id`, `user_id`, `create_date`) VALUES
(22, 1, '5366d29252d6e.png', 'Uploaded file with filename freeway_tunnel.png', 199, 187, 114, '2014-05-04 23:51:47'),
(23, 1, '536c93793fbbe.png', 'Uploaded file with filename WG-wine_note2.png', 200, 188, 113, '2014-05-09 08:36:10'),
(24, 2, '536c93c6abbfc.png', 'Uploaded file with filename smart_part.png', 200, 188, 113, '2014-05-09 08:37:27'),
(25, 1, '5373075b36edc.jpg', '$40 Membership', 208, 203, 129, '2014-05-14 06:04:11'),
(26, 2, '5373077535f3e.jpg', 'Uploaded file with filename Member_Options_v1.jpg', 208, 203, 129, '2014-05-14 06:04:37'),
(27, 1, '537b123cc2f92.jpg', 'Uploaded file with filename Clipboard01.jpg', 184, 205, 113, '2014-05-20 08:28:44'),
(28, 2, '537b1317b165a.jpg', 'Uploaded file with filename login_popup.jpg', 184, 205, 113, '2014-05-20 08:32:23'),
(30, 3, '537b132bdb252.jpg', 'Uploaded file with filename register_form.jpg', 184, 205, 113, '2014-05-20 08:32:43'),
(34, 1, '537c34c48014a.jpg', 'Uploaded file with filename 733880_637667422957727_1351645901_n.jpg', 213, 210, 131, '2014-05-21 05:08:20'),
(35, 2, '537c355294583.jpg', 'Uploaded file with filename 733880_637667422957727_1351645901_n.jpg', 213, 210, 131, '2014-05-21 05:10:42'),
(36, 1, '539694b6508d9.png', 'Uploaded file with filename WG-wine_note3.png', 207, 202, 113, '2014-06-10 05:16:38'),
(42, 3, 'xxxxxxxx539e6b5d022ed.png', 'Profile form', 208, 203, 121, '2014-06-16 03:58:21'),
(43, 4, 'xxxxxxxx539e6b99821cf.jpg', 'Membership main Trial Expired', 208, 203, 121, '2014-06-16 03:59:21'),
(44, 5, 'xxxxxxxx539e6be2c7b14.jpg', '$40 Membership Sign Up', 208, 203, 121, '2014-06-16 04:00:34'),
(45, 6, 'xxxxxxxx539f79e977dbe.png', 'select membership type', 208, 203, 121, '2014-06-16 23:12:41'),
(46, 7, 'xxxxxxxx539fb4343823a.jpg', '$40 Membership Sign Up page', 208, 203, 121, '2014-06-17 03:21:24'),
(47, 8, 'xxxxxxxx539fc83fb6d90.png', 'Uploaded file with filename profile_page.png', 208, 203, 121, '2014-06-17 04:46:55'),
(48, 9, 'xxxxxxxx539fc8ab37a5d.png', 'Uploaded file with filename profile_page.png', 208, 203, 121, '2014-06-17 04:48:43'),
(49, 10, 'xxxxxxxx539fc9911c0fd.png', 'Uploaded file with filename membership option trial active.png', 208, 203, 121, '2014-06-17 04:52:33'),
(50, 11, 'xxxxxxxx53a1164c8b63c.jpg', 'Uploaded file with filename Gift a membership - tab clicked.jpg', 208, 203, 121, '2014-06-18 04:32:12'),
(51, 12, 'xxxxxxxx53a19b3b8aa7d.jpg', 'Uploaded file with filename Payment Buttons.jpg', 208, 203, 121, '2014-06-18 13:59:23'),
(52, 13, 'xxxxxxxx53a19b6f2d269.jpg', 'Product options with Trial active', 208, 203, 121, '2014-06-18 14:00:15'),
(53, 14, 'xxxxxxxx53a19c3f314d5.jpg', 'Uploaded file with filename My_Account_Membership_Expired.jpg', 208, 203, 121, '2014-06-18 14:03:43'),
(54, 15, 'xxxxxxxx53a7bcd0821cb.jpg', 'Uploaded file with filename Payment Buttons.jpg', 208, 203, 121, '2014-06-23 05:36:16'),
(55, 16, 'xxxxxxxx53a7bd36aae25.png', 'Uploaded file with filename Gift Certificate Complete.png', 208, 203, 121, '2014-06-23 05:37:58'),
(56, 3, '00000214539e6b5d022ed.png', 'Profile form', 208, 214, 121, '2014-06-16 03:58:21'),
(57, 4, '00000214539e6b99821cf.jpg', 'Membership main Trial Expired', 208, 214, 121, '2014-06-16 03:59:21'),
(58, 6, '00000214539f79e977dbe.png', 'select membership type', 208, 214, 121, '2014-06-16 23:12:41'),
(59, 8, '00000214539fc83fb6d90.png', 'Uploaded file with filename profile_page.png', 208, 214, 121, '2014-06-17 04:46:55'),
(60, 9, '00000214539fc8ab37a5d.png', 'Uploaded file with filename profile_page.png', 208, 214, 121, '2014-06-17 04:48:43'),
(61, 11, '0000021453a1164c8b63c.jpg', 'Uploaded file with filename Gift a membership - tab clicked.jpg', 208, 214, 121, '2014-06-18 04:32:12'),
(62, 12, '0000021453a19b3b8aa7d.jpg', 'Uploaded file with filename Payment Buttons.jpg', 208, 214, 121, '2014-06-18 13:59:23'),
(63, 13, '0000021453a19b6f2d269.jpg', 'Product options with Trial active', 208, 214, 121, '2014-06-18 14:00:15'),
(64, 14, '0000021453a19c3f314d5.jpg', 'Uploaded file with filename My_Account_Membership_Expired.jpg', 208, 214, 121, '2014-06-18 14:03:43'),
(65, 15, '0000021453a7bcd0821cb.jpg', 'Uploaded file with filename Payment Buttons.jpg', 208, 214, 121, '2014-06-23 05:36:16'),
(66, 16, '0000021453a7bd36aae25.png', 'Uploaded file with filename Gift Certificate Complete.png', 208, 214, 121, '2014-06-23 05:37:58'),
(67, 1, 'xxxxxxxx53bb8e14eeff6.png', 'Public home page', 216, 215, 121, '2014-07-08 06:22:13'),
(68, 1, '0000021653bb8e14eeff6.png', 'Public home page', 216, 216, 121, '2014-07-08 06:22:13'),
(69, 3, '00000219539e6b5d022ed.png', 'Profile form', 219, 219, 121, '2014-06-16 03:58:21'),
(70, 4, '00000219539e6b99821cf.jpg', 'Membership main Trial Expired', 219, 219, 121, '2014-06-16 03:59:21'),
(71, 6, '00000219539f79e977dbe.png', 'select membership type', 219, 219, 121, '2014-06-16 23:12:41'),
(72, 8, '00000219539fc83fb6d90.png', 'Uploaded file with filename profile_page.png', 219, 219, 121, '2014-06-17 04:46:55'),
(73, 9, '00000219539fc8ab37a5d.png', 'Uploaded file with filename profile_page.png', 219, 219, 121, '2014-06-17 04:48:43'),
(74, 11, '0000021953a1164c8b63c.jpg', 'Uploaded file with filename Gift a membership - tab clicked.jpg', 219, 219, 121, '2014-06-18 04:32:12'),
(75, 12, '0000021953a19b3b8aa7d.jpg', 'Uploaded file with filename Payment Buttons.jpg', 219, 219, 121, '2014-06-18 13:59:23'),
(76, 13, '0000021953a19b6f2d269.jpg', 'Product options with Trial active', 219, 219, 121, '2014-06-18 14:00:15'),
(77, 14, '0000021953a19c3f314d5.jpg', 'Uploaded file with filename My_Account_Membership_Expired.jpg', 219, 219, 121, '2014-06-18 14:03:43'),
(78, 15, '0000021953a7bcd0821cb.jpg', 'Uploaded file with filename Payment Buttons.jpg', 219, 219, 121, '2014-06-23 05:36:16'),
(79, 16, '0000021953a7bd36aae25.png', 'Uploaded file with filename Gift Certificate Complete.png', 219, 219, 121, '2014-06-23 05:37:58'),
(80, 17, 'xxxxxxxx53c7cf6394aae.png', 'Uploaded file with filename user_profile.png', 219, 219, 121, '2014-07-17 13:28:03'),
(81, 18, 'xxxxxxxx53c7cf9ddde85.png', 'Uploaded file with filename user_profile.png', 219, 219, 121, '2014-07-17 13:29:01'),
(82, 19, 'xxxxxxxx53c7cfbc8b259.png', 'Uploaded file with filename email_validate.png', 219, 219, 121, '2014-07-17 13:29:32'),
(83, 20, 'xxxxxxxx53c7d1a3bb7bf.png', 'Uploaded file with filename home_page.png', 219, 219, 121, '2014-07-17 13:37:39'),
(84, 21, 'xxxxxxxx53c7d3adc1969.png', 'Uploaded file with filename loginpopup.png', 219, 219, 121, '2014-07-17 13:46:21'),
(85, 22, 'xxxxxxxx53c7d45930530.png', 'Uploaded file with filename welcomepage.png', 219, 219, 121, '2014-07-17 13:49:13'),
(86, 23, 'xxxxxxxx53c7d51e172dc.png', 'Uploaded file with filename register.png', 219, 219, 121, '2014-07-17 13:52:30'),
(87, 24, 'xxxxxxxx53c7d5d71bd14.png', 'Uploaded file with filename highlight.png', 219, 219, 121, '2014-07-17 13:55:35'),
(88, 18, '0000022053c7cf9ddde85.png', 'Uploaded file with filename user_profile.png', 219, 220, 121, '2014-07-17 13:29:01'),
(89, 19, '0000022053c7cfbc8b259.png', 'Uploaded file with filename email_validate.png', 219, 220, 121, '2014-07-17 13:29:32'),
(90, 20, '0000022053c7d1a3bb7bf.png', 'Uploaded file with filename home_page.png', 219, 220, 121, '2014-07-17 13:37:39'),
(91, 21, '0000022053c7d3adc1969.png', 'Uploaded file with filename loginpopup.png', 219, 220, 121, '2014-07-17 13:46:21'),
(92, 22, '0000022053c7d45930530.png', 'Uploaded file with filename welcomepage.png', 219, 220, 121, '2014-07-17 13:49:13'),
(93, 23, '0000022053c7d51e172dc.png', 'Uploaded file with filename register.png', 219, 220, 121, '2014-07-17 13:52:30'),
(94, 24, '0000022053c7d5d71bd14.png', 'Uploaded file with filename highlight.png', 219, 220, 121, '2014-07-17 13:55:35'),
(95, 21, '0000022153c7cf9ddde85.png', 'Uploaded file with filename user_profile.png', 220, 221, 121, '2014-07-17 13:29:01'),
(96, 22, '0000022153c7cfbc8b259.png', 'Uploaded file with filename email_validate.png', 220, 221, 121, '2014-07-17 13:29:32'),
(97, 23, '0000022153c7d1a3bb7bf.png', 'Uploaded file with filename home_page.png', 220, 221, 121, '2014-07-17 13:37:39'),
(98, 24, '0000022153c7d3adc1969.png', 'Uploaded file with filename loginpopup.png', 220, 221, 121, '2014-07-17 13:46:21'),
(99, 25, '0000022153c7d45930530.png', 'Uploaded file with filename welcomepage.png', 220, 221, 121, '2014-07-17 13:49:13'),
(100, 26, '0000022153c7d51e172dc.png', 'Uploaded file with filename register.png', 220, 221, 121, '2014-07-17 13:52:30'),
(101, 27, '0000022153c7d5d71bd14.png', 'Uploaded file with filename highlight.png', 220, 221, 121, '2014-07-17 13:55:35'),
(102, 1, '0000022253bb8e14eeff6.png', 'Public home page', 216, 222, 121, '2014-07-08 06:22:13'),
(103, 17, 'xxxxxxxx53d03c6325d40.png', 'Uploaded file with filename Gift a membership - tab clicked.png', 208, 203, 121, '2014-07-23 22:51:15'),
(104, 1, '0000022353bb8e14eeff6.png', 'Public home page', 216, 223, 121, '2014-07-08 06:22:13'),
(105, 4, '0000022453bb8e14eeff6.png', 'Public home page', 221, 224, 121, '2014-07-08 06:22:13'),
(106, 1, 'xxxxxxxx53d8920451869.png', 'Uploaded file with filename home_page.png', 229, 232, 121, '2014-07-30 06:34:44');

-- --------------------------------------------------------

--
-- Table structure for table `project`
--

CREATE TABLE IF NOT EXISTS `project` (
  `id` int(11) NOT NULL AUTO_INCREMENT,
  `name` varchar(255) NOT NULL,
  `description` text,
  `company_id` int(11) NOT NULL,
  `budget` decimal(10,2) NOT NULL DEFAULT '0.00',
  `stage` int(4) NOT NULL DEFAULT '1' COMMENT '1=bidding, 2=const, 3=finish, 4=tender',
  `extlink` varchar(50) DEFAULT NULL,
  PRIMARY KEY (`id`),
  UNIQUE KEY `extlink` (`extlink`),
  KEY `company_id` (`company_id`)
) ENGINE=InnoDB  DEFAULT CHARSET=utf8 AUTO_INCREMENT=230 ;

--
-- Dumping data for table `project`
--

INSERT INTO `project` (`id`, `name`, `description`, `company_id`, `budget`, `stage`, `extlink`) VALUES
(184, 'Reqrap', 'A cloud system for rapidly developing web application requirements.', 505, '0.00', 1, '3fb2cbb25041c763f8a81f07914dd981'),
(193, 'Module', 'import', 507, '0.00', 1, '8492734542034b33a87db95d2fa8c10f'),
(199, 'Membership Module', 'A web member module for inclusion in other projects', 507, '0.00', 1, '5d5ae9f427f2315403eaffae87c22658'),
(200, 'Testing Project', 'Project for testing', 505, '0.00', 1, '3c173720914aace24a7ad9cf63940a6e'),
(201, 'aoeu', 'aoeu', 512, '0.00', 1, '2ba2ac9a53d0960d3df3df188725f5f5'),
(202, 'Test', 'Test', 513, '0.00', 1, '2d28de7f84b042ddeb3548ecc60b5544'),
(206, 'ReqRap', 'Requirements for the ReqRap system.', 514, '0.00', 1, '91bbc3fb32392c883b0a7686905a0662'),
(207, 'Wine Genius Membership', 'Subscription purchasing', 505, '0.00', 1, '5d223405f957b2993f01ce1874947bd2'),
(208, 'WG Membership', 'WG Membership', 514, '0.00', 1, 'a24692b690370a87fae9575ff57dc7d1'),
(209, 'Tim Percy Test', 'Blah', 524, '100.00', 2, '6ef13df32a7d5446ff0a4c938de8c2d6'),
(211, 'Food Compliance', 'Compliance requirements', 525, '20000.00', 1, '19f1e32b95c72fac852a62b2c740b82f'),
(212, 'Compliance', 'Compliance framework', 525, '20000.00', 1, '4a335469c63bc09dcb39d7c6582f96f2'),
(213, 'test', 'test', 526, '100.00', 1, '3fb0e19e6114a5fb57a8662819a0e122'),
(214, 'Copy of Reqrap', 'Copied from Reqrap.', 505, '0.00', 1, '27380823a0115572f7c76fffd321769a'),
(215, 'test new release', 'aoeu', 505, '0.00', 1, 'bddba33bc11b25bfe9d605b570cc1ffd'),
(216, 'DPos Online Reporting', 'A web based reporting system using data from individual store based installations of Deliverit software.', 514, '0.00', 1, 'd398588c99471d24728ba4108294fc20'),
(217, 'euou', 'oeuoeu', 531, '0.00', 1, 'c3a49c942a9f6d9bbadb4a25613ba9bd'),
(218, 'gcrgcr', 'tgctcg', 531, '0.00', 1, '5b476bbdda8cce2ee6728b99ef6d6c94'),
(219, 'Web Site Membership', 'Generic web membership model.', 514, '0.00', 1, '9c242e97174d0c0bc240668b35636927'),
(220, 'A new project', 'test import of library.', 521, '0.00', 1, '8691424be1e2876b732e8c4cda5a618e'),
(221, 'DPos Online Reporting', 'Dpos online reporting portal', 530, '0.00', 1, '268e821cc11f501be96d2a040b88f14c'),
(222, 'TEST', 'TEST', 534, '0.00', 1, '4c13ea46d02eeb8bbb20a64f591d93a7'),
(229, 'Test Project 86', 'aojaoe uoe u', 514, '0.00', 1, '44f466ec324dafc01458244fbc2e126c');

-- --------------------------------------------------------

--
-- Table structure for table `projectstatus`
--

CREATE TABLE IF NOT EXISTS `projectstatus` (
  `id` int(11) NOT NULL AUTO_INCREMENT,
  `created` timestamp NOT NULL DEFAULT CURRENT_TIMESTAMP,
  `createdby` int(11) NOT NULL,
  `note` varchar(255) NOT NULL,
  `status` int(11) NOT NULL,
  PRIMARY KEY (`id`)
) ENGINE=InnoDB DEFAULT CHARSET=utf8 AUTO_INCREMENT=1 ;

-- --------------------------------------------------------

--
-- Table structure for table `projectstatustype`
--

CREATE TABLE IF NOT EXISTS `projectstatustype` (
  `id` int(11) NOT NULL AUTO_INCREMENT,
  `name` varchar(255) NOT NULL,
  PRIMARY KEY (`id`)
) ENGINE=InnoDB DEFAULT CHARSET=utf8 AUTO_INCREMENT=1 ;

-- --------------------------------------------------------

--
-- Table structure for table `release`
--

CREATE TABLE IF NOT EXISTS `release` (
  `id` int(11) NOT NULL AUTO_INCREMENT,
  `number` decimal(8,4) NOT NULL,
  `status` tinyint(1) NOT NULL,
  `project_id` int(11) NOT NULL,
  `offset` int(6) NOT NULL DEFAULT '0',
  `create_date` timestamp NOT NULL DEFAULT CURRENT_TIMESTAMP ON UPDATE CURRENT_TIMESTAMP,
  `create_user` int(11) NOT NULL,
  PRIMARY KEY (`id`),
  KEY `create_user` (`create_user`),
  KEY `project_id` (`project_id`)
) ENGINE=InnoDB  DEFAULT CHARSET=utf8 AUTO_INCREMENT=233 ;

--
-- Dumping data for table `release`
--

INSERT INTO `release` (`id`, `number`, `status`, `project_id`, `offset`, `create_date`, `create_user`) VALUES
(165, '1.0000', 2, 184, 0, '2014-05-19 09:39:09', 113),
(177, '1.0000', 2, 193, 0, '2014-04-28 03:38:33', 114),
(178, '1.0001', 1, 193, 0, '2014-04-28 03:38:33', 114),
(186, '1.0000', 2, 199, 0, '2014-04-28 07:35:54', 114),
(187, '1.0066', 1, 199, 0, '2014-05-05 00:38:31', 114),
(188, '0.0035', 1, 200, 0, '2014-05-09 08:37:43', 113),
(189, '0.0004', 1, 201, 0, '2014-05-05 05:31:22', 118),
(190, '0.0059', 1, 202, 0, '2014-05-07 05:06:32', 120),
(199, '1.0000', 2, 206, 0, '2014-05-14 02:47:48', 121),
(200, '1.0246', 1, 206, 0, '2014-07-29 12:15:36', 121),
(201, '1.0000', 2, 207, 0, '2014-05-14 05:11:20', 113),
(202, '1.0002', 1, 207, 0, '2014-06-10 05:16:38', 113),
(203, '1.0006', 1, 208, 305, '2014-07-24 09:12:58', 121),
(204, '0.0004', 1, 209, 0, '2014-05-15 03:01:43', 132),
(205, '1.0004', 1, 184, 0, '2014-05-20 08:32:43', 113),
(208, '0.0004', 1, 211, 0, '2014-05-21 02:25:20', 133),
(209, '0.0004', 1, 212, 0, '2014-05-21 02:30:29', 133),
(210, '0.0007', 1, 213, 0, '2014-05-21 05:10:42', 131),
(211, '0.0000', 1, 214, 0, '2014-06-10 09:51:48', 113),
(212, '1.0000', 2, 215, 0, '2014-06-10 09:56:14', 113),
(213, '1.0001', 1, 215, 0, '2014-06-10 09:56:14', 113),
(214, '-8.0295', 2, 208, 305, '2014-07-10 06:24:11', 121),
(215, '3.0001', 1, 216, 196, '2014-07-24 06:18:22', 121),
(216, '1.0000', 2, 216, 136, '2014-07-16 05:27:20', 121),
(217, '0.0004', 1, 217, 0, '2014-07-16 12:39:29', 145),
(218, '0.0004', 1, 218, 0, '2014-07-16 12:39:55', 145),
(219, '1.0009', 1, 219, 181, '2014-07-21 06:36:01', 121),
(220, '1.0000', 2, 219, 181, '2014-07-18 01:27:59', 121),
(221, '0.0005', 1, 220, 0, '2014-07-18 01:30:58', 130),
(222, '2.0000', 2, 216, 146, '2014-07-18 05:37:48', 142),
(223, '3.0000', 2, 216, 196, '2014-07-24 23:50:33', 121),
(224, '0.0015', 1, 221, 0, '2014-07-27 23:52:02', 151),
(225, '0.0004', 1, 222, 0, '2014-07-25 15:22:54', 152),
(232, '0.0044', 1, 229, 0, '2014-07-30 07:12:02', 121);

-- --------------------------------------------------------

--
-- Table structure for table `rule`
--

CREATE TABLE IF NOT EXISTS `rule` (
  `id` int(11) NOT NULL AUTO_INCREMENT,
  `rule_id` int(11) NOT NULL,
  `number` smallint(4) NOT NULL,
  `name` varchar(255) NOT NULL,
  `text` text NOT NULL,
  `project_id` int(11) NOT NULL,
  `release_id` int(11) NOT NULL,
  PRIMARY KEY (`id`),
  KEY `project_id` (`project_id`),
  KEY `rule_id` (`rule_id`),
  KEY `release_id` (`release_id`)
) ENGINE=InnoDB  DEFAULT CHARSET=utf8 AUTO_INCREMENT=227 ;

--
-- Dumping data for table `rule`
--

INSERT INTO `rule` (`id`, `rule_id`, `number`, `name`, `text`, `project_id`, `release_id`) VALUES
(101, 1, 1, 'Version control', 'All requirements are version controlled. When a requirement is updated, an updated copy of the requirement is saved and set to be ''active'', and the previous version is set to ''inactive''.', 184, 165),
(102, 2, 2, 'Test delete rule', 'This is a sacrificial rule', 184, 165),
(103, 3, 3, 'Number of log on attempts', 'stub', 184, 165),
(109, 1, 1, 'No confirmation message on forgot password thank you.', 'stub', 199, 187),
(110, 1, 1, 'No confirmation message on forgot password thank you.', 'No confirmation message that the email account/user account requested in the password confirmation is correct or not correct is displayed.  The same message is displayed whether or not the details entered are correct.', 199, 187),
(111, 2, 2, 'Password Complexity', 'Passwords must be at least 8 characters with at least one of each of: lower case alphabetic character, upper case alphabetic character and a special character or number.', 199, 187),
(112, 1, 1, 'one', 'one', 202, 190),
(113, 2, 2, 'two', 'two', 202, 190),
(114, 1, 1, 'Image detail display with no photo', 'stub', 206, 200),
(115, 1, 1, 'Interface detail display with no photo', 'If an interface has no associated photo, the interface detail page shows a carousel of photos that are not associated to interfaces, and an upload option to add a new photo.', 206, 200),
(116, 2, 2, 'Release must be ''release'' status to be added to library.', 'Release must be ''release'' status to be added to library.', 206, 200),
(117, 3, 3, 'Changing active version of an object', 'When a previous or later version is chosen as the ''active'' version of an object, the starting ''active'' version is made ''inactive'' and the target version is made ''active''.', 206, 200),
(118, 4, 4, 'Actor must be replaced as default actor', 'stub', 206, 200),
(119, 4, 4, 'Actor must be replaced as default actor', 'When an Actor is deleted, that Actor must be substituted for another Actor where the actor is the default Actor for any Usecases, or where the Actor is related to a specific step of any Usecase.', 206, 200),
(120, 5, 5, 'Active versions of objects displayed', 'stub', 206, 200),
(121, 5, 5, 'Active versions of objects displayed', 'Display of objects in all views except the ''Version History'' view only displays the current ''active'' version of those objects.', 206, 200),
(122, 4, 4, 'Test Run must have at least one Test Case', 'stub', 184, 165),
(123, 4, 4, 'Test Run must have at least one Test Case', 'A Test Run must have at least one Test Case.', 184, 165),
(124, 1, 1, 'Version control', 'All requirements are version controlled. When a requirement is updated, an updated copy of the requirement is saved and set to be ''active'', and the previous version is set to ''inactive''.', 184, 205),
(125, 3, 3, 'Number of log on attempts', 'stub', 184, 205),
(126, 4, 4, 'Test Run must have at least one Test Case', 'A Test Run must have at least one Test Case.', 184, 205),
(127, 42, 6, 'Version control', 'All requirements are version controlled. When a requirement is updated, an updated copy of the requirement is saved and set to be ''active'', and the previous version is set to ''inactive''.', 206, 200),
(128, 44, 8, 'Number of log on attempts', 'stub', 206, 200),
(129, 45, 9, 'Test Run must have at least one Test Case', 'A Test Run must have at least one Test Case.', 206, 200),
(130, 46, 10, 'Status of Test Run', 'stub', 206, 200),
(131, 46, 10, 'Status of Test Run', 'A Test Run can either be ''Running'' or ''Complete''.  All test results are set to ''Not Tested'' at the time the Run is created, and the Test Run is set to Running.  When the Tester is finished with the Run, the status is updated to ''Complete''.', 206, 200),
(136, 47, 11, 'Match Alert Rules', 'stub', 206, 200),
(137, 4, 1, 'Version control', 'All requirements are version controlled. When a requirement is updated, an updated copy of the requirement is saved and set to be ''active'', and the previous version is set to ''inactive''.', 215, 212),
(138, 6, 3, 'Number of log on attempts', 'stub', 215, 212),
(139, 7, 4, 'Test Run must have at least one Test Case', 'A Test Run must have at least one Test Case.', 215, 212),
(140, 4, 1, 'Version control', 'All requirements are version controlled. When a requirement is updated, an updated copy of the requirement is saved and set to be ''active'', and the previous version is set to ''inactive''.', 215, 213),
(141, 6, 3, 'Number of log on attempts', 'stub', 215, 213),
(142, 7, 4, 'Test Run must have at least one Test Case', 'A Test Run must have at least one Test Case.', 215, 213),
(143, 1, 1, 'Send email reminder 7 days before membership expires', 'stub', 208, 203),
(144, 2, 2, 'Send email reminder 30 days before membership expires', 'stub', 208, 203),
(145, 3, 3, 'Send email notice when a paid account has expired', 'stub', 208, 203),
(146, 4, 4, 'Send email notice when a trial account has expired', 'stub', 208, 203),
(147, 5, 5, 'One trial account per email address', 'stub', 208, 203),
(148, 5, 5, 'One trial membership per account.', '<p>An account can only have one Trial Membership.</p>', 208, 203),
(149, 4, 4, 'Send email notice when a trial account has expired', 'When a Trial Membership has expired, a ''Trial Membership Expired'' email is sent to the account email address.', 208, 203),
(150, 3, 3, 'Send email notice when a paid account has expired', 'If a paid account has expired a single ''Paid Membership Expired'' email is sent to the account email on the day the account expires.', 208, 203),
(151, 2, 2, 'Send email reminder 30 days before membership expires', 'If the current date is 30 days prior to the expiry date for a paid account, the ''Membership expires in 30 days'' email is sent once to the account address.', 208, 203),
(152, 2, 2, 'Send email reminder 30 days before membership expires', 'If the current date is 30 days prior to the expiry date for a paid account, the ''Membership expires in 30 days'' email is sent once to the account address.', 208, 203),
(153, 1, 1, 'Send email reminder 7 days before membership expires', 'If the current date is 7 days prior to the expiry date for a paid account, the ''Membership expires in 7 days'' email is sent once to the account address.\r\n', 208, 203),
(154, 6, 6, 'No payment buttons show if no payment required.', 'stub', 208, 203),
(155, 6, 6, 'No payment buttons show if a coupon is used.', 'If a coupon is used, no payment buttons are shown on the registration form.', 208, 203),
(156, 7, 7, 'Coupon has a unique number', 'stub', 208, 203),
(157, 7, 7, 'Coupon has a unique number', 'The coupon number generated for a gift certificate is unique and hard to guess, e.g. a uniqid plus with a pre-pended random hash. &nbsp;It should be no more than 16 characters long.', 208, 203),
(158, 8, 8, 'Trial membership option inactive', 'stub', 208, 203),
(159, 8, 8, 'Trial membership option inactive', 'If the user is logged in the trial membership option is shown as inactive.', 208, 203),
(160, 9, 9, 'Personalised message included in pdf', 'stub', 208, 203),
(161, 9, 9, 'Personalised message included in pdf', 'The personalised message added by the Gift purchaser is added to the pdf Gift Certificate.', 208, 203),
(162, 6, 6, 'No payment buttons show if a coupon is used.', 'If a coupon is used, no payment buttons are shown on the registration form, instead a ''Submit'' button is displayed.', 208, 203),
(163, 10, 10, 'Membership type has expired warning', 'stub', 208, 203),
(164, 1, 1, 'Send email reminder 7 days before membership expires', 'If the current date is 7 days prior to the expiry date for a paid account, the ''Membership expires in 7 days'' email is sent once to the account address. This is sent for both Trial and Paid Yearly memberships', 208, 203),
(165, 2, 2, 'Send email reminder 30 days before membership expires', 'If the current date is 30 days prior to the expiry date for a paid account, the ''Membership expires in 30 days'' email is sent once to the account address for Paid Yearly memberships only.', 208, 203),
(166, 5, 5, 'One trial membership per account.', '<p>An account can only have one Trial Membership.</p>', 208, 214),
(167, 4, 4, 'Send email notice when a trial account has expired', 'When a Trial Membership has expired, a ''Trial Membership Expired'' email is sent to the account email address.', 208, 214),
(168, 3, 3, 'Send email notice when a paid account has expired', 'If a paid account has expired a single ''Paid Membership Expired'' email is sent to the account email on the day the account expires.', 208, 214),
(169, 7, 7, 'Coupon has a unique number', 'The coupon number generated for a gift certificate is unique and hard to guess, e.g. a uniqid plus with a pre-pended random hash. &nbsp;It should be no more than 16 characters long.', 208, 214),
(170, 8, 8, 'Trial membership option inactive', 'If the user is logged in the trial membership option is shown as inactive.', 208, 214),
(171, 9, 9, 'Personalised message included in pdf', 'The personalised message added by the Gift purchaser is added to the pdf Gift Certificate.', 208, 214),
(172, 6, 6, 'No payment buttons show if a coupon is used.', 'If a coupon is used, no payment buttons are shown on the registration form, instead a ''Submit'' button is displayed.', 208, 214),
(173, 10, 10, 'Membership type has expired warning', 'stub', 208, 214),
(174, 1, 1, 'Send email reminder 7 days before membership expires', 'If the current date is 7 days prior to the expiry date for a paid account, the ''Membership expires in 7 days'' email is sent once to the account address. This is sent for both Trial and Paid Yearly memberships', 208, 214),
(175, 2, 2, 'Send email reminder 30 days before membership expires', 'If the current date is 30 days prior to the expiry date for a paid account, the ''Membership expires in 30 days'' email is sent once to the account address for Paid Yearly memberships only.', 208, 214),
(176, 10, 10, 'Membership type has expired warning', 'Annual membership sends an expiry warning 30 days before expiry date, and a warning 7 days before the expiry date.', 208, 203),
(177, 11, 11, 'Recurring membership cannot be a gift', 'stub', 208, 203),
(178, 12, 12, 'Gift is for total price of single membership', 'stub', 208, 203),
(179, 12, 12, 'Gift is for total price of single membership', 'A gift certificate can only be for the full price of a single membership. &nbsp;', 208, 214),
(180, 11, 11, 'Recurring membership cannot be a gift', 'A gift membership cannot be recurring.', 208, 214),
(181, 1, 1, 'Password complexity', '<p>Passwords must have 8 characters.</p>', 216, 215),
(182, 5, 5, 'One trial membership per account.', '<p>An account can only have one Trial Membership.</p>', 219, 219),
(183, 4, 4, 'Send email notice when a trial account has expired', 'When a Trial Membership has expired, a ''Trial Membership Expired'' email is sent to the account email address.', 219, 219),
(184, 3, 3, 'Send email notice when a paid account has expired', 'If a paid account has expired a single ''Paid Membership Expired'' email is sent to the account email on the day the account expires.', 219, 219),
(185, 7, 7, 'Coupon has a unique number', 'The coupon number generated for a gift certificate is unique and hard to guess, e.g. a uniqid plus with a pre-pended random hash. &nbsp;It should be no more than 16 characters long.', 219, 219),
(186, 8, 8, 'Trial membership option inactive', 'If the user is logged in the trial membership option is shown as inactive.', 219, 219),
(187, 9, 9, 'Personalised message included in pdf', 'The personalised message added by the Gift purchaser is added to the pdf Gift Certificate.', 219, 219),
(188, 6, 6, 'No payment buttons show if a coupon is used.', 'If a coupon is used, no payment buttons are shown on the registration form, instead a ''Submit'' button is displayed.', 219, 219),
(189, 10, 10, 'Membership type has expired warning', 'stub', 219, 219),
(190, 1, 1, 'Send email reminder 7 days before membership expires', 'If the current date is 7 days prior to the expiry date for a paid account, the ''Membership expires in 7 days'' email is sent once to the account address. This is sent for both Trial and Paid Yearly memberships', 219, 219),
(191, 2, 2, 'Send email reminder 30 days before membership expires', 'If the current date is 30 days prior to the expiry date for a paid account, the ''Membership expires in 30 days'' email is sent once to the account address for Paid Yearly memberships only.', 219, 219),
(192, 12, 12, 'Gift is for total price of single membership', 'A gift certificate can only be for the full price of a single membership. &nbsp;', 219, 219),
(193, 11, 11, 'Recurring membership cannot be a gift', 'A gift membership cannot be recurring.', 219, 219),
(194, 13, 13, 'Password and Password Confirm must match', 'stub', 219, 219),
(195, 13, 13, 'Password and Password Confirm must match', 'The password and password confirm fields entered on sign up must match.', 219, 219),
(196, 14, 14, 'Password complexity', 'stub', 219, 219),
(197, 14, 14, 'Password complexity', 'Passwords must be at least 8 characters long and contain at least one upper case, one lower case and one special character.', 219, 219),
(198, 15, 15, 'Passwords stored encrypted', 'stub', 219, 219),
(199, 15, 15, 'Passwords stored encrypted', 'Passwords must be stored with a suitable one way encryption.', 219, 219),
(200, 16, 16, 'Verify link format', 'stub', 219, 219),
(201, 17, 17, 'Log out link display', 'stub', 219, 219),
(202, 16, 16, '''Verify link'' format', 'The verify link emailed to new members must be unique, at least 16 characters long and non sequential to prevent guessing or injection attacks.', 219, 219),
(203, 17, 17, 'Log out link display', 'Log Out link displays in the page header when a logged in session is in progress.', 219, 219),
(204, 13, 13, 'Password and Password Confirm must match', 'The password and password confirm fields entered on sign up must match.', 219, 220),
(205, 14, 14, 'Password complexity', 'Passwords must be at least 8 characters long and contain at least one upper case, one lower case and one special character.', 219, 220),
(206, 15, 15, 'Passwords stored encrypted', 'Passwords must be stored with a suitable one way encryption.', 219, 220),
(207, 16, 16, '''Verify link'' format', 'The verify link emailed to new members must be unique, at least 16 characters long and non sequential to prevent guessing or injection attacks.', 219, 220),
(208, 17, 17, 'Log out link display', 'Log Out link displays in the page header when a logged in session is in progress.', 219, 220),
(209, 16, 13, 'Password and Password Confirm must match', 'The password and password confirm fields entered on sign up must match.', 220, 221),
(210, 17, 14, 'Password complexity', 'Passwords must be at least 8 characters long and contain at least one upper case, one lower case and one special character.', 220, 221),
(211, 18, 15, 'Passwords stored encrypted', 'Passwords must be stored with a suitable one way encryption.', 220, 221),
(212, 19, 16, '''Verify link'' format', 'The verify link emailed to new members must be unique, at least 16 characters long and non sequential to prevent guessing or injection attacks.', 220, 221),
(213, 20, 17, 'Log out link display', 'Log Out link displays in the page header when a logged in session is in progress.', 220, 221),
(214, 1, 1, 'Password complexity', '<p>Passwords must have 8 characters.</p>', 216, 222),
(215, 2, 2, 'Valid Login required', 'stub', 216, 215),
(216, 3, 3, 'Show last updated Rec time', 'stub', 216, 215),
(217, 1, 1, 'Password complexity', '<p>Passwords must have 8 characters.</p>', 216, 223),
(218, 2, 2, 'Valid Login required', 'stub', 216, 223),
(219, 3, 3, 'Show last updated Rec time', 'stub', 216, 223),
(220, 4, 1, 'Password complexity', '<p>Passwords must have 8 characters.</p>', 221, 224),
(221, 5, 2, 'Valid Login required', 'stub', 221, 224),
(222, 6, 3, 'Show last updated Rec time', 'stub', 221, 224),
(225, 1, 1, 'oeioei ', '<p>oe iuoe iueui</p>', 229, 232),
(226, 2, 2, 'jaoeaoej ', '<p>oaje aoej eaoj&nbsp;</p>', 229, 232);

-- --------------------------------------------------------

--
-- Table structure for table `simple`
--

CREATE TABLE IF NOT EXISTS `simple` (
  `id` int(11) NOT NULL AUTO_INCREMENT,
  `simple_id` int(11) NOT NULL,
  `project_id` int(11) NOT NULL,
  `release_id` int(11) NOT NULL,
  `number` varchar(30) NOT NULL,
  `category_id` int(11) NOT NULL,
  `name` varchar(255) NOT NULL,
  `description` text NOT NULL,
  PRIMARY KEY (`id`),
  KEY `category_id` (`category_id`),
  KEY `project_id` (`project_id`),
  KEY `release_id` (`release_id`)
) ENGINE=InnoDB  DEFAULT CHARSET=utf8 AUTO_INCREMENT=82 ;

--
-- Dumping data for table `simple`
--

INSERT INTO `simple` (`id`, `simple_id`, `project_id`, `release_id`, `number`, `category_id`, `name`, `description`) VALUES
(31, 1, 200, 188, '1', 1, 'Here''s a requirement', 'Its a requirement'),
(32, 2, 200, 188, '2', 1, 'Another one', 'here'),
(33, 1, 202, 190, '2', 1, 'Background', 'This is the background for the project.'),
(34, 2, 202, 190, '1', 1, 'Introduction', 'The number is wrong and so totally meaningless.'),
(35, 3, 202, 190, '2', 1, 'The number is correct.', 'But what happens if we delete an item and then add another.'),
(36, 4, 202, 190, '2', 1, 'ok number is not correct', 'whats up'),
(37, 5, 202, 190, '2', 1, 'they will be correct', 'again'),
(38, 6, 202, 190, '2', 1, 'aoeu', 'aeuo'),
(39, 2, 202, 190, '1', 1, 'Introduction', 'The number is wrong and so totally meaningless. Its a new version.'),
(40, 2, 202, 190, '1', 1, 'Introduction ha', 'The number is wrong and so totally meaningless. Its a new version.'),
(41, 7, 202, 190, '1', 1, 'aeuo', 'aeu'),
(42, 8, 202, 190, '3', 1, 'A third one just for fun', 'This is the the third one'),
(43, 1, 184, 165, '1', 1, 'Background', 'This document sets out the complete requirements model for the ReqRap rapid web requirements system.'),
(44, 1, 207, 201, '1', 1, 'Background', 'This requirements model describes enhancements to the existing wine genius membership system.'),
(45, 1, 207, 202, '1', 1, 'Background', 'This requirements model describes enhancements to the existing wine genius membership system.'),
(46, 4, 208, 203, '1', 4, 'Background', 'This requirements model describes enhancements to the existing wine genius membership system.'),
(47, 1, 206, 200, '1', 1, 'Introduction', 'This requirements model defines the ReqRap Web Requirements development system.'),
(48, 2, 206, 200, '2', 1, 'Background', 'The system is based on the Billson Fisher Consulting requirements development methodology.  It allows a business analyst to use a structured approach to create usecase based requirements model.  The system has specific customisations to make it suited to web requirements as opposed to other kinds of computer systems. '),
(49, 3, 206, 200, '3', 1, 'Context', 'This requirements model has been developed based on the partially developed system.  This system available at www.reqrap.com and can be used to clarify and understand this set of requirements.'),
(50, 4, 206, 200, '1', 2, 'Platform', 'The ReqRap application is based on the XAMP stack using the Yii application framework for application logic, and the Bootstrap front end library.'),
(51, 1, 184, 205, '1', 1, 'Background', 'This document sets out the complete requirements model for the ReqRap rapid web requirements system.'),
(52, 42, 206, 200, '1', 42, 'Background', 'This document sets out the complete requirements model for the ReqRap rapid web requirements system.'),
(53, 4, 215, 212, '1', 4, 'Background', 'This document sets out the complete requirements model for the ReqRap rapid web requirements system.'),
(54, 4, 215, 213, '1', 4, 'Background', 'This document sets out the complete requirements model for the ReqRap rapid web requirements system.'),
(55, 5, 208, 203, '1', 5, 'Coupons', '<p>Coupons will use the existing paid membership pro coupon system. &nbsp;The Gift a Membership process will create a new coupon using this system. &nbsp;The new features should leverage the existing infrastructure (Redemption, Payment etc) where possible.&nbsp;</p>'),
(56, 4, 208, 214, '1', 4, 'Background', 'This requirements model describes enhancements to the existing wine genius membership system.'),
(57, 5, 208, 214, '1', 5, 'Coupons', '<p>Coupons will use the existing paid membership pro coupon system. &nbsp;The Gift a Membership process will create a new coupon using this system. &nbsp;The new features should leverage the existing infrastructure (Redemption, Payment etc) where possible.&nbsp;</p>'),
(58, 1, 216, 215, '1', 1, 'Background', '<p>The background to this project...</p>'),
(59, 2, 216, 215, '2', 1, 'Background', '<p>Refer to the following documents:</p><p><ul><li><span style="line-height: 1.45em;">Target Business Model</span><br></li><li><span style="line-height: 1.45em;">Project Scope</span><br></li></ul></p>'),
(60, 1, 216, 215, '1', 1, 'Purpose of this document', '<p>The purpose of this document is to provide a complete set of requirements to create the DPos Online Reporting system.</p>\r\n'),
(61, 2, 216, 215, '2', 1, 'Scope', '<p>Refer to the following documents:</p><p><ul><li><span style="line-height: 1.45em;">Target Business Model</span><br></li><li><span style="line-height: 1.45em;">Project Scope</span><br></li></ul></p>'),
(62, 3, 216, 215, '3', 1, 'Architectural Model', '<p><p>A web application using an MVC framework on the XAMP stack. &nbsp;Microsoft WCF to provide the transport layer for information exchange between the stores and the reporting system.</p></p>'),
(63, 1, 216, 216, '1', 1, 'Purpose of this document', '<p>The purpose of this document is to provide a complete set of requirements to create the DPos Online Reporting system.</p>\r\n'),
(64, 2, 216, 216, '2', 1, 'Scope', '<p>Refer to the following documents:</p><p><ul><li><span style="line-height: 1.45em;">Target Business Model</span><br></li><li><span style="line-height: 1.45em;">Project Scope</span><br></li></ul></p>'),
(65, 3, 216, 216, '3', 1, 'Architectural Model', '<p><p>A web application using an MVC framework on the XAMP stack. &nbsp;Microsoft WCF to provide the transport layer for information exchange between the stores and the reporting system.</p></p>'),
(66, 4, 219, 219, '1', 4, 'Background', 'This requirements model describes enhancements to the existing wine genius membership system.'),
(67, 5, 219, 219, '1', 5, 'Coupons', '<p>Coupons will use the existing paid membership pro coupon system. &nbsp;The Gift a Membership process will create a new coupon using this system. &nbsp;The new features should leverage the existing infrastructure (Redemption, Payment etc) where possible.&nbsp;</p>'),
(68, 4, 219, 219, '1', 4, 'Background', 'This requirements model describes a generic web membership system.\r\n'),
(69, 5, 219, 220, '1', 5, 'Coupons', '<p>Coupons will use the existing paid membership pro coupon system. &nbsp;The Gift a Membership process will create a new coupon using this system. &nbsp;The new features should leverage the existing infrastructure (Redemption, Payment etc) where possible.&nbsp;</p>'),
(70, 4, 219, 220, '1', 4, 'Background', 'This requirements model describes a generic web membership system.\r\n'),
(71, 8, 220, 221, '1', 8, 'Coupons', '<p>Coupons will use the existing paid membership pro coupon system. &nbsp;The Gift a Membership process will create a new coupon using this system. &nbsp;The new features should leverage the existing infrastructure (Redemption, Payment etc) where possible.&nbsp;</p>'),
(72, 7, 220, 221, '1', 7, 'Background', 'This requirements model describes a generic web membership system.\r\n'),
(73, 1, 216, 222, '1', 1, 'Purpose of this document', '<p>The purpose of this document is to provide a complete set of requirements to create the DPos Online Reporting system.</p>\r\n'),
(74, 2, 216, 222, '2', 1, 'Scope', '<p>Refer to the following documents:</p><p><ul><li><span style="line-height: 1.45em;">Target Business Model</span><br></li><li><span style="line-height: 1.45em;">Project Scope</span><br></li></ul></p>'),
(75, 3, 216, 222, '3', 1, 'Architectural Model', '<p><p>A web application using an MVC framework on the XAMP stack. &nbsp;Microsoft WCF to provide the transport layer for information exchange between the stores and the reporting system.</p></p>'),
(76, 1, 216, 223, '1', 1, 'Purpose of this document', '<p>The purpose of this document is to provide a complete set of requirements to create the DPos Online Reporting system.</p>\r\n'),
(77, 2, 216, 223, '2', 1, 'Scope', '<p>Refer to the following documents:</p><p><ul><li><span style="line-height: 1.45em;">Target Business Model</span><br></li><li><span style="line-height: 1.45em;">Project Scope</span><br></li></ul></p>'),
(78, 3, 216, 223, '3', 1, 'Architectural Model', '<p><p>A web application using an MVC framework on the XAMP stack. &nbsp;Microsoft WCF to provide the transport layer for information exchange between the stores and the reporting system.</p></p>'),
(79, 4, 221, 224, '1', 4, 'Purpose of this document', '<p>The purpose of this document is to provide a complete set of requirements to create the DPos Online Reporting system.</p>\r\n'),
(80, 5, 221, 224, '2', 4, 'Scope', '<p>Refer to the following documents:</p><p><ul><li><span style="line-height: 1.45em;">Target Business Model</span><br></li><li><span style="line-height: 1.45em;">Project Scope</span><br></li></ul></p>'),
(81, 6, 221, 224, '3', 4, 'Architectural Model', '<p><p>A web application using an MVC framework on the XAMP stack. &nbsp;Microsoft WCF to provide the transport layer for information exchange between the stores and the reporting system.</p></p>');

-- --------------------------------------------------------

--
-- Table structure for table `states`
--

CREATE TABLE IF NOT EXISTS `states` (
  `id` int(11) unsigned NOT NULL AUTO_INCREMENT,
  `country_id` int(11) unsigned DEFAULT NULL,
  `name` varchar(45) DEFAULT NULL,
  `timezone` varchar(45) DEFAULT NULL,
  PRIMARY KEY (`id`),
  KEY `state_id` (`country_id`)
) ENGINE=InnoDB DEFAULT CHARSET=utf8 AUTO_INCREMENT=1 ;

-- --------------------------------------------------------

--
-- Table structure for table `step`
--

CREATE TABLE IF NOT EXISTS `step` (
  `id` int(11) NOT NULL AUTO_INCREMENT,
  `step_id` int(11) NOT NULL,
  `project_id` int(11) NOT NULL,
  `release_id` int(11) NOT NULL,
  `flow_id` int(11) NOT NULL,
  `number` int(4) NOT NULL,
  `actor_id` int(11) NOT NULL,
  `text` text NOT NULL,
  `result` text NOT NULL,
  PRIMARY KEY (`id`),
  KEY `flow_id` (`flow_id`),
  KEY `step_id` (`step_id`),
  KEY `number` (`number`),
  KEY `actor_id` (`actor_id`),
  KEY `project_id` (`project_id`),
  KEY `release_id` (`release_id`)
) ENGINE=InnoDB  DEFAULT CHARSET=utf8 AUTO_INCREMENT=1255 ;

--
-- Dumping data for table `step`
--

INSERT INTO `step` (`id`, `step_id`, `project_id`, `release_id`, `flow_id`, `number`, `actor_id`, `text`, `result`) VALUES
(509, 1, 184, 165, 1, 1, 2, 'Actor action.', 'System result.'),
(510, 2, 184, 165, 2, 1, 1, 'Actor action.', 'System result.'),
(511, 3, 184, 165, 3, 1, 1, 'Actor action.', 'System result.'),
(512, 4, 184, 165, 4, 1, 1, 'Actor action.', 'System result.'),
(513, 5, 184, 165, 5, 1, 1, 'Actor action.', 'System result.'),
(514, 6, 184, 165, 6, 1, 1, 'Actor action.', 'System result.'),
(515, 5, 184, 165, 5, 1, 1, 'Actor views project list.', 'System displays project list'),
(528, 1, 193, 177, 1, 1, 1, 'Actor action.', 'System result.'),
(533, 1, 199, 186, 1, 1, 1, 'Actor action.', 'System result.'),
(534, 2, 199, 186, 2, 1, 2, 'Actor action.', 'System result.'),
(535, 3, 199, 186, 3, 1, 2, 'Actor action.', 'System result.'),
(536, 4, 199, 186, 4, 1, 1, 'Actor action.', 'System result.'),
(537, 5, 199, 186, 5, 1, 2, 'Actor action.', 'System result.'),
(538, 1, 199, 186, 1, 1, 1, 'Actor clicks on ''Join'' button.', 'System displays Create Account page.'),
(539, 6, 199, 186, 1, 2, 1, 'New step', 'Result'),
(540, 6, 199, 186, 1, 2, 1, 'Actor completes the Create Account Form and submits.', 'System validates form and displays the home page with the logged in status bar.'),
(541, 1, 199, 187, 1, 1, 1, 'Actor clicks on ''Join'' button.', 'System displays Create Account page.'),
(542, 6, 199, 187, 1, 2, 1, 'Actor completes the Create Account Form and submits.', 'System validates form and displays the home page with the logged in status bar.'),
(543, 2, 199, 187, 2, 1, 2, 'Actor action.', 'System result.'),
(544, 3, 199, 187, 3, 1, 2, 'Actor action.', 'System result.'),
(545, 4, 199, 187, 4, 1, 1, 'Actor action.', 'System result.'),
(546, 5, 199, 187, 5, 1, 2, 'Actor action.', 'System result.'),
(547, 7, 184, 165, 7, 1, 1, 'Actor action.', 'System result.'),
(548, 8, 184, 165, 8, 1, 1, 'Actor action.', 'System result.'),
(550, 1, 200, 188, 1, 1, 1, 'Actor action.', 'System result.'),
(551, 4, 200, 188, 4, 1, 4, 'Actor clicks on ''Join'' button.', 'System displays Create Account page.'),
(552, 9, 200, 188, 4, 2, 4, 'Actor completes the Create Account Form and submits.', 'System validates form and displays the home page with the logged in status bar.'),
(553, 5, 200, 188, 5, 1, 5, 'Actor action.', 'System result.'),
(554, 6, 200, 188, 6, 1, 5, 'Actor action.', 'System result.'),
(555, 7, 200, 188, 7, 1, 4, 'Actor action.', 'System result.'),
(556, 8, 200, 188, 8, 1, 5, 'Actor action.', 'System result.'),
(591, 7, 199, 187, 6, 1, 1, 'Actor action.', 'System result.'),
(592, 8, 199, 187, 7, 1, 1, 'Actor action.', 'System result.'),
(593, 9, 199, 187, 8, 1, 1, 'Actor action.', 'System result.'),
(594, 7, 199, 187, 6, 1, 1, 'Actor selects the Forgot Password link on the login screen.', 'System displays the Forgot Password form.'),
(595, 10, 199, 187, 6, 2, 1, 'New step', 'Result'),
(596, 10, 199, 187, 6, 2, 1, 'Actor completes the Forgot Password Form and submits', 'System displays the Forgot Password Thankyou screen'),
(597, 10, 199, 187, 6, 2, 1, 'Actor completes the Forgot Password Form and submits', 'System displays the Forgot Password Thank You screen'),
(598, 10, 199, 187, 6, 2, 1, 'Actor completes the Forgot Password Form and submits', 'System sends the reset password email and displays the Forgot Password Thank You screen'),
(599, 4, 202, 190, 4, 1, 4, 'Actor clicks on ''Join'' button.', 'System displays Create Account page.'),
(600, 9, 202, 190, 4, 2, 4, 'Actor completes the Create Account Form and submits.', 'System validates form and displays the home page with the logged in status bar.'),
(601, 5, 202, 190, 5, 1, 5, 'Actor action.', 'System result.'),
(602, 6, 202, 190, 6, 1, 5, 'Actor action.', 'System result.'),
(603, 7, 202, 190, 7, 1, 4, 'Actor action.', 'System result.'),
(604, 8, 202, 190, 8, 1, 5, 'Actor action.', 'System result.'),
(605, 10, 202, 190, 9, 1, 4, 'Actor action.', 'System result.'),
(606, 11, 202, 190, 10, 1, 4, 'Actor action.', 'System result.'),
(607, 12, 202, 190, 11, 1, 4, 'Actor action.', 'System result.'),
(608, 13, 202, 190, 12, 1, 4, 'Actor action.', 'System result.'),
(609, 14, 202, 190, 13, 1, 4, 'Actor action.', 'System result.'),
(630, 4, 206, 199, 4, 1, 4, 'Actor clicks on ''Join'' button.', 'System displays Create Account page.'),
(631, 9, 206, 199, 4, 2, 4, 'Actor completes the Create Account Form and submits.', 'System validates form and displays the home page with the logged in status bar.'),
(632, 5, 206, 199, 5, 1, 5, 'Actor action.', 'System result.'),
(633, 6, 206, 199, 6, 1, 5, 'Actor action.', 'System result.'),
(634, 7, 206, 199, 7, 1, 4, 'Actor action.', 'System result.'),
(635, 8, 206, 199, 8, 1, 5, 'Actor action.', 'System result.'),
(636, 4, 206, 200, 4, 1, 4, 'Actor clicks on ''Join'' button.', 'System displays Create Account page.'),
(637, 9, 206, 200, 4, 2, 4, 'Actor completes the Create Account Form and submits.', 'System validates form and displays the home page with the logged in status bar.'),
(638, 5, 206, 200, 5, 1, 5, 'Actor action.', 'System result.'),
(639, 6, 206, 200, 6, 1, 5, 'Actor action.', 'System result.'),
(640, 7, 206, 200, 7, 1, 4, 'Actor action.', 'System result.'),
(641, 8, 206, 200, 8, 1, 5, 'Actor action.', 'System result.'),
(642, 1, 207, 201, 1, 1, 1, 'Actor action.', 'System result.'),
(643, 2, 207, 201, 2, 1, 2, 'Actor action.', 'System result.'),
(644, 3, 207, 201, 3, 1, 1, 'Actor action.', 'System result.'),
(645, 1, 207, 201, 1, 1, 1, 'Click on register', 'System displays membership option page'),
(646, 2, 207, 201, 2, 1, 2, 'Select My Account', 'System displays account profile page.'),
(647, 1, 207, 202, 1, 1, 1, 'Click on register', 'System displays membership option page'),
(648, 2, 207, 202, 2, 1, 2, 'Select My Account', 'System displays account profile page.'),
(649, 3, 207, 202, 3, 1, 1, 'Actor action.', 'System result.'),
(650, 4, 208, 203, 4, 1, 4, 'Click on register', 'System displays membership option page'),
(651, 5, 208, 203, 5, 1, 5, 'Select My Account', 'System displays account profile page.'),
(652, 6, 208, 203, 6, 1, 4, 'Actor action.', 'System result.'),
(653, 10, 206, 200, 9, 1, 5, 'Actor action.', 'System result.'),
(654, 11, 206, 200, 10, 1, 5, 'Actor action.', 'System result.'),
(655, 12, 206, 200, 11, 1, 5, 'Actor action.', 'System result.'),
(656, 13, 206, 200, 12, 1, 5, 'Actor action.', 'System result.'),
(657, 14, 206, 200, 13, 1, 1, 'Actor action.', 'System result.'),
(658, 15, 206, 200, 14, 1, 5, 'Actor action.', 'System result.'),
(659, 16, 206, 200, 15, 1, 5, 'Actor action.', 'System result.'),
(660, 17, 206, 200, 16, 1, 5, 'Actor action.', 'System result.'),
(661, 10, 206, 200, 9, 1, 5, 'Actor selects to view an interface from the interface list.', 'System displays the interface detail page.'),
(662, 10, 206, 200, 9, 1, 5, 'Actor selects to view an interface from the interface list or from the usecase page.', 'System displays the interface detail page.'),
(663, 18, 206, 200, 9, 2, 5, 'New step', 'Result'),
(664, 18, 206, 200, 9, 2, 5, 'Actor selects to upload an image.', 'Image uploader form shows and a file browse window opens.'),
(665, 19, 206, 200, 9, 2, 5, 'New step', 'Result'),
(666, 19, 206, 200, 9, 2, 5, 'Actor selects an image from the local file system and clicks the ''start'' button.', 'System uploads the image and associates it with the interface.'),
(667, 20, 206, 200, 9, 2, 5, 'New step', 'Result'),
(668, 20, 206, 200, 9, 2, 5, 'New step', 'Result'),
(669, 21, 206, 200, 17, 1, 5, 'Actor action.', 'System result.'),
(670, 21, 206, 200, 17, 1, 5, 'Actor navigates to the Interface detail page.', 'System displays Interface Detail page.'),
(671, 21, 206, 200, 17, 1, 5, 'Actor navigates to the Interface detail page of an image with a photo.', 'System displays Interface Detail page (with photo)'),
(672, 22, 206, 200, 17, 2, 5, 'New step', 'Result'),
(673, 22, 206, 200, 17, 2, 5, 'Actor chooses to remove the associated image by clicking a remove icon.', 'System removes the association between the Interface and Photo and redisplays the Interface Detail Page with no associated image.'),
(674, 23, 206, 200, 16, 2, 5, 'New step', 'Result'),
(675, 17, 206, 200, 16, 1, 5, 'Actor navigates to view the Object list.', 'System displays list of Objects'),
(676, 23, 206, 200, 16, 2, 5, 'Actor selects the Convert Object to Form icon from the action column of the Object that is the basis of the new form.', 'System creates a Form from the Object. Each Object Property name becomes the name of a Form Field.  '),
(677, 24, 206, 200, 18, 1, 5, 'Actor action.', 'System result.'),
(678, 25, 206, 200, 19, 1, 5, 'Actor action.', 'System result.'),
(679, 26, 206, 200, 20, 1, 5, 'Actor action.', 'System result.'),
(680, 27, 206, 200, 21, 1, 5, 'Actor action.', 'System result.'),
(681, 28, 206, 200, 22, 1, 5, 'Actor action.', 'System result.'),
(682, 29, 206, 200, 23, 1, 5, 'Actor action.', 'System result.'),
(683, 30, 206, 200, 24, 1, 5, 'Actor action.', 'System result.'),
(684, 31, 206, 200, 25, 1, 5, 'Actor action.', 'System result.'),
(685, 32, 206, 200, 26, 1, 5, 'Actor action.', 'System result.'),
(686, 32, 206, 200, 26, 1, 5, 'Actor views Actor list.', 'System displays list of all actors.'),
(687, 33, 206, 200, 26, 2, 5, 'New step', 'Result'),
(688, 33, 206, 200, 26, 2, 5, 'Actor chooses to delete an Actor from the list.', 'System deletes Actor and re-displays list'),
(689, 34, 206, 200, 27, 1, 5, 'New step.', 'Result'),
(690, 34, 206, 200, 27, 1, 5, 'Actor is the default Actor for one or more Usecases', 'System displays the Substitute Actor form.'),
(691, 35, 206, 200, 28, 1, 5, 'Actor action.', 'System result.'),
(692, 36, 206, 200, 29, 1, 5, 'Actor action.', 'System result.'),
(693, 37, 206, 200, 30, 1, 5, 'Actor action.', 'System result.'),
(694, 38, 206, 200, 31, 1, 5, 'Actor action.', 'System result.'),
(695, 39, 206, 200, 32, 1, 5, 'Actor action.', 'System result.'),
(696, 40, 206, 200, 33, 1, 5, 'Actor action.', 'System result.'),
(697, 37, 206, 200, 30, 1, 5, 'Actor selects the Usecase tab of the project view.', 'System displays a list of all Packages, and their related Usecases'),
(698, 37, 206, 200, 30, 1, 5, 'Actor selects the Usecase tab (Package and Usecase List) of the project view.', 'System displays a list of all Packages, and their related Usecases'),
(699, 41, 206, 200, 30, 2, 5, 'New step', 'Result'),
(700, 41, 206, 200, 30, 2, 5, 'Actor selects to Add Package using the link at the bottom of the list.', 'System displays the Create Package Form'),
(701, 25, 206, 200, 19, 1, 5, 'Actor chooses to view the history of any version controlled object.', 'System displays the object History View.'),
(702, 25, 206, 200, 19, 1, 5, 'Actor chooses to view the history of any version controlled object.', 'System displays the object History View.'),
(703, 9, 184, 165, 9, 1, 1, 'Actor action.', 'System result.'),
(704, 10, 184, 165, 10, 1, 1, 'Actor action.', 'System result.'),
(705, 11, 184, 165, 11, 1, 2, 'Actor action.', 'System result.'),
(706, 12, 184, 165, 12, 1, 1, 'Actor action.', 'System result.'),
(707, 13, 184, 165, 13, 1, 1, 'Actor action.', 'System result.'),
(708, 14, 184, 165, 14, 1, 1, 'Actor action.', 'System result.'),
(709, 15, 184, 165, 15, 1, 1, 'Actor action.', 'System result.'),
(710, 16, 184, 165, 16, 1, 1, 'Actor action.', 'System result.'),
(711, 17, 184, 165, 17, 1, 1, 'Actor action.', 'System result.'),
(712, 18, 184, 165, 18, 1, 1, 'Actor action.', 'System result.'),
(713, 19, 184, 165, 19, 1, 1, 'Actor action.', 'System result.'),
(714, 20, 184, 165, 20, 1, 1, 'Actor action.', 'System result.'),
(715, 21, 184, 165, 21, 1, 1, 'Actor action.', 'System result.'),
(716, 22, 184, 165, 22, 1, 1, 'Actor action.', 'System result.'),
(717, 22, 184, 165, 22, 1, 1, 'Actor chooses to ''Create a Test Run''', 'System displays a list of Test Cases for the release.'),
(718, 23, 184, 165, 22, 2, 1, 'New step', 'Result'),
(719, 23, 184, 165, 22, 2, 1, 'Actor selects which Test Cases are to be added to the Test Run.', 'System Creates the Test Run and relationship to the Test Cases that make it up.'),
(720, 24, 184, 165, 22, 3, 1, 'New step', 'Result'),
(721, 24, 184, 165, 22, 3, 1, 'Actor submits the Test Run Create form.', 'System validates the input and creates the Test Run. The Test Run List page is displayed'),
(722, 25, 184, 165, 23, 1, 5, 'New step.', 'Result'),
(723, 26, 184, 165, 23, 2, 1, 'New step', 'Result'),
(724, 26, 184, 165, 23, 2, 1, 'Form submission fails validation.', 'Form is redisplayed with error message.'),
(725, 27, 184, 165, 24, 1, 1, 'Actor action.', 'System result.'),
(726, 1, 184, 205, 1, 1, 2, 'Actor action.', 'System result.'),
(727, 2, 184, 205, 2, 1, 1, 'Actor action.', 'System result.'),
(728, 3, 184, 205, 3, 1, 1, 'Actor action.', 'System result.'),
(729, 4, 184, 205, 4, 1, 1, 'Actor action.', 'System result.'),
(730, 5, 184, 205, 5, 1, 1, 'Actor views project list.', 'System displays project list'),
(731, 6, 184, 205, 6, 1, 1, 'Actor action.', 'System result.'),
(732, 7, 184, 205, 7, 1, 1, 'Actor action.', 'System result.'),
(733, 8, 184, 205, 8, 1, 1, 'Actor action.', 'System result.'),
(734, 9, 184, 205, 9, 1, 1, 'Actor action.', 'System result.'),
(735, 10, 184, 205, 10, 1, 1, 'Actor action.', 'System result.'),
(736, 11, 184, 205, 11, 1, 2, 'Actor action.', 'System result.'),
(737, 12, 184, 205, 12, 1, 1, 'Actor action.', 'System result.'),
(738, 13, 184, 205, 13, 1, 1, 'Actor action.', 'System result.'),
(739, 14, 184, 205, 14, 1, 1, 'Actor action.', 'System result.'),
(740, 15, 184, 205, 15, 1, 1, 'Actor action.', 'System result.'),
(741, 16, 184, 205, 16, 1, 1, 'Actor action.', 'System result.'),
(742, 17, 184, 205, 17, 1, 1, 'Actor action.', 'System result.'),
(743, 18, 184, 205, 18, 1, 1, 'Actor action.', 'System result.'),
(744, 19, 184, 205, 19, 1, 1, 'Actor action.', 'System result.'),
(745, 20, 184, 205, 20, 1, 1, 'Actor action.', 'System result.'),
(746, 21, 184, 205, 21, 1, 1, 'Actor action.', 'System result.'),
(747, 22, 184, 205, 22, 1, 1, 'Actor chooses to ''Create a Test Run''', 'System displays a list of Test Cases for the release.'),
(748, 23, 184, 205, 22, 2, 1, 'Actor selects which Test Cases are to be added to the Test Run.', 'System Creates the Test Run and relationship to the Test Cases that make it up.'),
(749, 24, 184, 205, 22, 3, 1, 'Actor submits the Test Run Create form.', 'System validates the input and creates the Test Run. The Test Run List page is displayed'),
(750, 25, 184, 205, 23, 1, 5, 'New step.', 'Result'),
(751, 26, 184, 205, 23, 2, 1, 'Form submission fails validation.', 'Form is redisplayed with error message.'),
(752, 27, 184, 205, 24, 1, 1, 'Actor action.', 'System result.'),
(753, 42, 206, 200, 42, 1, 43, 'Actor action.', 'System result.'),
(754, 43, 206, 200, 43, 1, 42, 'Actor action.', 'System result.'),
(755, 44, 206, 200, 44, 1, 42, 'Actor action.', 'System result.'),
(756, 45, 206, 200, 45, 1, 42, 'Actor action.', 'System result.'),
(757, 46, 206, 200, 46, 1, 42, 'Actor views project list.', 'System displays project list'),
(758, 47, 206, 200, 47, 1, 42, 'Actor action.', 'System result.'),
(759, 48, 206, 200, 48, 1, 42, 'Actor action.', 'System result.'),
(760, 49, 206, 200, 49, 1, 42, 'Actor action.', 'System result.'),
(761, 50, 206, 200, 50, 1, 42, 'Actor action.', 'System result.'),
(762, 51, 206, 200, 51, 1, 42, 'Actor action.', 'System result.'),
(763, 52, 206, 200, 52, 1, 43, 'Actor action.', 'System result.'),
(764, 53, 206, 200, 53, 1, 42, 'Actor action.', 'System result.'),
(765, 54, 206, 200, 54, 1, 42, 'Actor action.', 'System result.'),
(766, 55, 206, 200, 55, 1, 42, 'Actor action.', 'System result.'),
(767, 56, 206, 200, 56, 1, 42, 'Actor action.', 'System result.'),
(768, 57, 206, 200, 57, 1, 42, 'Actor action.', 'System result.'),
(769, 58, 206, 200, 58, 1, 42, 'Actor action.', 'System result.'),
(770, 59, 206, 200, 59, 1, 42, 'Actor action.', 'System result.'),
(771, 60, 206, 200, 60, 1, 42, 'Actor action.', 'System result.'),
(772, 61, 206, 200, 61, 1, 42, 'Actor action.', 'System result.'),
(773, 62, 206, 200, 62, 1, 42, 'Actor action.', 'System result.'),
(774, 63, 206, 200, 63, 1, 42, 'Actor chooses to ''Create a Test Run''', 'System displays a list of Test Cases for the release.'),
(775, 64, 206, 200, 63, 2, 42, 'Actor selects which Test Cases are to be added to the Test Run.', 'System Creates the Test Run and relationship to the Test Cases that make it up.'),
(776, 65, 206, 200, 63, 3, 42, 'Actor submits the Test Run Create form.', 'System validates the input and creates the Test Run. The Test Run List page is displayed'),
(777, 66, 206, 200, 64, 1, 46, 'New step.', 'Result'),
(778, 67, 206, 200, 64, 2, 42, 'Form submission fails validation.', 'Form is redisplayed with error message.'),
(779, 68, 206, 200, 65, 1, 42, 'Actor action.', 'System result.'),
(780, 61, 206, 200, 61, 1, 42, 'Actor selects test case to run.', 'System creates a Test Run, and a ''Not Tested'' Test Result for each Test Step in the Test Case.'),
(781, 69, 206, 200, 61, 2, 42, 'New step', 'Result'),
(782, 61, 206, 200, 61, 1, 42, 'Actor selects test case to run.', 'System creates a Test Run, and a ''Not Tested'' Test Result for each Test Step in the Test Case. System displays the Test Record Form.'),
(783, 69, 206, 200, 61, 2, 42, 'Actor picks a Test Step to update by selecting a test result from a drop list related to a Test Step.  Actor optionally records a comment.', 'System updates the form via Ajax.'),
(784, 70, 206, 200, 61, 3, 42, 'New step', 'Result'),
(785, 70, 206, 200, 61, 3, 42, 'Actor selects ''Testing Complete'' option.', 'System records the Test Run as complete and displays the Test Results Page.'),
(801, 4, 213, 210, 4, 1, 4, 'Actor clicks on ''Join'' button.', 'System displays Create Account page.'),
(802, 9, 213, 210, 4, 2, 4, 'Actor completes the Create Account Form and submits.', 'System validates form and displays the home page with the logged in status bar.'),
(803, 5, 213, 210, 5, 1, 5, 'Actor action.', 'System result.'),
(804, 6, 213, 210, 6, 1, 5, 'Actor action.', 'System result.'),
(805, 7, 213, 210, 7, 1, 4, 'Actor action.', 'System result.'),
(806, 8, 213, 210, 8, 1, 5, 'Actor action.', 'System result.'),
(807, 71, 206, 200, 66, 1, 5, 'Actor action.', 'System result.'),
(808, 71, 206, 200, 66, 1, 5, 'Actor undertakes an action which causes a new interface to load.', 'System checks each alert type against its conditions and displays the relevant alert.'),
(809, 72, 206, 200, 67, 1, 5, 'Actor action.', 'System result.'),
(810, 4, 215, 212, 4, 1, 5, 'Actor action.', 'System result.'),
(811, 5, 215, 212, 5, 1, 4, 'Actor action.', 'System result.'),
(812, 6, 215, 212, 6, 1, 4, 'Actor action.', 'System result.'),
(813, 7, 215, 212, 7, 1, 4, 'Actor action.', 'System result.'),
(814, 8, 215, 212, 8, 1, 4, 'Actor views project list.', 'System displays project list'),
(815, 9, 215, 212, 9, 1, 4, 'Actor action.', 'System result.'),
(816, 10, 215, 212, 10, 1, 4, 'Actor action.', 'System result.'),
(817, 11, 215, 212, 11, 1, 4, 'Actor action.', 'System result.'),
(818, 12, 215, 212, 12, 1, 4, 'Actor action.', 'System result.'),
(819, 13, 215, 212, 13, 1, 4, 'Actor action.', 'System result.'),
(820, 14, 215, 212, 14, 1, 5, 'Actor action.', 'System result.'),
(821, 15, 215, 212, 15, 1, 4, 'Actor action.', 'System result.'),
(822, 16, 215, 212, 16, 1, 4, 'Actor action.', 'System result.'),
(823, 17, 215, 212, 17, 1, 4, 'Actor action.', 'System result.'),
(824, 18, 215, 212, 18, 1, 4, 'Actor action.', 'System result.'),
(825, 19, 215, 212, 19, 1, 4, 'Actor action.', 'System result.'),
(826, 20, 215, 212, 20, 1, 4, 'Actor action.', 'System result.'),
(827, 21, 215, 212, 21, 1, 4, 'Actor action.', 'System result.'),
(828, 22, 215, 212, 22, 1, 4, 'Actor action.', 'System result.'),
(829, 23, 215, 212, 23, 1, 4, 'Actor action.', 'System result.'),
(830, 24, 215, 212, 24, 1, 4, 'Actor action.', 'System result.'),
(831, 25, 215, 212, 25, 1, 4, 'Actor chooses to ''Create a Test Run''', 'System displays a list of Test Cases for the release.'),
(832, 26, 215, 212, 25, 2, 4, 'Actor selects which Test Cases are to be added to the Test Run.', 'System Creates the Test Run and relationship to the Test Cases that make it up.'),
(833, 27, 215, 212, 25, 3, 4, 'Actor submits the Test Run Create form.', 'System validates the input and creates the Test Run. The Test Run List page is displayed'),
(834, 28, 215, 212, 26, 1, 8, 'New step.', 'Result'),
(835, 29, 215, 212, 26, 2, 4, 'Form submission fails validation.', 'Form is redisplayed with error message.'),
(836, 30, 215, 212, 27, 1, 4, 'Actor action.', 'System result.'),
(837, 31, 215, 212, 12, 2, 4, 'New step', 'Result'),
(838, 31, 215, 212, 12, 2, 4, 'New step', 'Result'),
(839, 4, 215, 213, 4, 1, 5, 'Actor action.', 'System result.'),
(840, 5, 215, 213, 5, 1, 4, 'Actor action.', 'System result.'),
(841, 6, 215, 213, 6, 1, 4, 'Actor action.', 'System result.'),
(842, 7, 215, 213, 7, 1, 4, 'Actor action.', 'System result.'),
(843, 8, 215, 213, 8, 1, 4, 'Actor views project list.', 'System displays project list'),
(844, 9, 215, 213, 9, 1, 4, 'Actor action.', 'System result.'),
(845, 10, 215, 213, 10, 1, 4, 'Actor action.', 'System result.'),
(846, 11, 215, 213, 11, 1, 4, 'Actor action.', 'System result.'),
(847, 12, 215, 213, 12, 1, 4, 'Actor action.', 'System result.'),
(848, 31, 215, 213, 12, 2, 4, 'New step', 'Result'),
(849, 13, 215, 213, 13, 1, 4, 'Actor action.', 'System result.'),
(850, 14, 215, 213, 14, 1, 5, 'Actor action.', 'System result.'),
(851, 15, 215, 213, 15, 1, 4, 'Actor action.', 'System result.'),
(852, 16, 215, 213, 16, 1, 4, 'Actor action.', 'System result.'),
(853, 17, 215, 213, 17, 1, 4, 'Actor action.', 'System result.'),
(854, 18, 215, 213, 18, 1, 4, 'Actor action.', 'System result.'),
(855, 19, 215, 213, 19, 1, 4, 'Actor action.', 'System result.'),
(856, 20, 215, 213, 20, 1, 4, 'Actor action.', 'System result.'),
(857, 21, 215, 213, 21, 1, 4, 'Actor action.', 'System result.'),
(858, 22, 215, 213, 22, 1, 4, 'Actor action.', 'System result.'),
(859, 23, 215, 213, 23, 1, 4, 'Actor action.', 'System result.'),
(860, 24, 215, 213, 24, 1, 4, 'Actor action.', 'System result.'),
(861, 25, 215, 213, 25, 1, 4, 'Actor chooses to ''Create a Test Run''', 'System displays a list of Test Cases for the release.'),
(862, 26, 215, 213, 25, 2, 4, 'Actor selects which Test Cases are to be added to the Test Run.', 'System Creates the Test Run and relationship to the Test Cases that make it up.'),
(863, 27, 215, 213, 25, 3, 4, 'Actor submits the Test Run Create form.', 'System validates the input and creates the Test Run. The Test Run List page is displayed'),
(864, 28, 215, 213, 26, 1, 8, 'New step.', 'Result'),
(865, 29, 215, 213, 26, 2, 4, 'Form submission fails validation.', 'Form is redisplayed with error message.'),
(866, 30, 215, 213, 27, 1, 4, 'Actor action.', 'System result.'),
(867, 7, 208, 203, 4, 2, 4, 'New step', 'Result'),
(868, 7, 208, 203, 4, 2, 4, 'Actor selects the ''Trial Membership'' option.', 'System displays the register page.'),
(869, 8, 208, 203, 4, 3, 4, 'New step', 'Result'),
(870, 8, 208, 203, 4, 3, 4, 'Actor completes form and submits.', 'System validates input and displays the Member Welcome Page.'),
(871, 9, 208, 203, 7, 1, 1, 'New step.', 'Result'),
(872, 10, 208, 203, 7, 3, 4, 'New step', 'Result'),
(873, 10, 208, 203, 7, 1, 4, 'Form fails validation', 'Form is redisplayed with errors highlighted.'),
(874, 11, 208, 203, 8, 1, 4, 'Actor action.', 'System result.'),
(875, 11, 208, 203, 8, 1, 7, 'Actor action.', 'System result.'),
(876, 11, 208, 203, 8, 1, 7, 'Actor initiates process.', 'System checks to see if any accounts should have reminder emails sent and sends the emails.'),
(877, 12, 208, 203, 9, 1, 4, 'Actor action.', 'System result.'),
(878, 5, 208, 203, 5, 1, 5, 'User selects register.', 'System displays the main '),
(879, 5, 208, 203, 5, 1, 5, 'User selects register link from the page header, or log-in pop-up.', 'System displays the main '),
(880, 5, 208, 203, 5, 1, 5, 'User selects register link from the page header, or log-in pop-up.', 'System displays the membership option page.'),
(881, 13, 208, 203, 5, 2, 5, 'New step', 'Result'),
(882, 13, 208, 203, 5, 2, 4, 'Actor selects either the ''Full Membership Yearly'' or ''Full Membership Monthly'' link.', 'System displays the registration form.'),
(883, 5, 208, 203, 5, 1, 4, 'User selects register link from the page header, or log-in pop-up.', 'System displays the membership option page.'),
(884, 14, 208, 203, 5, 3, 5, 'New step', 'Result'),
(885, 14, 208, 203, 5, 3, 4, 'Actor completes registration form and chooses the ''Pay by Paypal'' or ''Pay With Credit Card'' button.', 'System validates the form input and then redirects to the payment service for payment handling.'),
(886, 5, 208, 203, 5, 1, 4, 'Actor selects register link from the page header, or log-in pop-up.', 'System displays the membership option page.'),
(887, 15, 208, 203, 5, 4, 5, 'New step', 'Result'),
(888, 15, 208, 203, 5, 4, 4, 'Actor completes payment process.', 'System redirects to the ''My Account'' page.'),
(889, 15, 208, 203, 5, 4, 4, 'Actor completes payment process.', 'System redirects to the ''My Profile'' page.'),
(890, 16, 208, 203, 10, 1, 4, 'New step.', 'Result'),
(891, 16, 208, 203, 10, 1, 4, 'Form fails validation.', 'Form redisplays with errors highlighted.'),
(892, 6, 208, 203, 6, 1, 4, 'Actor selects the Register link.', 'System displays the Membership Option Page.'),
(893, 17, 208, 203, 6, 2, 4, 'New step', 'Result'),
(894, 17, 208, 203, 6, 2, 4, 'Actor selects the ''Gift a Membership'' option.', 'System displays the Gift a Membership page'),
(895, 18, 208, 203, 6, 3, 4, 'Actor ...', 'System ...'),
(896, 18, 208, 203, 6, 3, 4, 'Actor completes form and selects either the ''Pay with Paypal'' or ''Pay with Credit Card'' button.', 'System redirects the user to the chosen payment service.'),
(897, 19, 208, 203, 11, 1, 5, 'Actor action.', 'System result.'),
(898, 19, 208, 203, 11, 1, 5, 'Actor chooses to view their account profile.', 'System displays account profile page.'),
(899, 20, 208, 203, 12, 1, 1, 'New step.', 'Result'),
(900, 21, 208, 203, 12, 2, 4, 'Actor ...', 'System ...'),
(901, 21, 208, 203, 12, 1, 4, 'Actor clicks a banner ad within the site for ''Gift a Membership,.', 'System displays the Gift a Membership page.'),
(902, 22, 208, 203, 11, 2, 5, 'Actor ...', 'System ...'),
(903, 22, 208, 203, 11, 2, 5, 'Actor selects ''Change membership level'' link at bottom of page.', 'System displays member type choice page.'),
(904, 22, 208, 203, 11, 2, 5, 'Actor selects ''Change membership level'' link at bottom of page.', 'System displays select membership type page.'),
(905, 4, 208, 203, 4, 1, 4, 'Actor clicks the ''Register'' link in the header.', 'System displays membership option page.'),
(906, 8, 208, 203, 4, 3, 4, 'Actor completes the Registration Form and submits.', 'System validates input and displays the Member Welcome Page.'),
(907, 23, 208, 203, 13, 1, 4, 'Actor action.', 'System result.'),
(908, 24, 208, 203, 14, 1, 4, 'Actor action.', 'System result.'),
(910, 23, 208, 203, 13, 1, 4, 'Actor chooses to pay with Paypal.', 'System redirects to Paypal site to complete payment.'),
(911, 25, 208, 203, 13, 2, 4, 'Actor ...', 'System ...'),
(912, 25, 208, 203, 13, 2, 4, 'Actor completes Paypal payment successfully.', 'System redirects back to My Profile page.'),
(913, 24, 208, 203, 14, 1, 4, 'Actor selects to pay with credit card.', 'System redirects to EWay site to complete payment.'),
(914, 26, 208, 203, 14, 2, 4, 'Actor ...', 'System ...'),
(915, 26, 208, 203, 14, 2, 4, 'Actor completes the payment on Eway.', 'System redirects back to My Account page.'),
(916, 8, 208, 203, 4, 3, 4, 'Actor completes the Registration Form and submits.', 'System validates input and displays the Email Validation Page.'),
(917, 12, 208, 203, 9, 1, 4, 'Actor types in the ''Coupon'' field at the top of the registration form.', 'System matches the value entered into the field via Ajax after the first 2 characters are typed. '),
(918, 27, 208, 203, 9, 2, 4, 'Actor ...', 'System ...'),
(919, 27, 208, 203, 9, 2, 4, 'Actor enters a matching Coupon number.', 'System redisplays the registration page showing the coupon amount deducted from the total due.'),
(920, 28, 208, 203, 15, 1, 4, 'New step.', 'Result'),
(921, 28, 208, 203, 15, 1, 4, 'A coupon is used to purchase the membership. ', 'See ''Redeem a Coupon'' use case.'),
(922, 29, 208, 203, 7, 4, 4, 'Actor ...', 'System ...'),
(923, 29, 208, 203, 7, 4, 4, 'Actor ...', 'System ...'),
(924, 30, 208, 203, 7, 2, 4, 'Inserted new step', 'Result'),
(925, 30, 208, 203, 7, 2, 4, 'Inserted new step', 'Result'),
(926, 31, 208, 203, 6, 4, 4, 'Actor ...', 'System ...'),
(927, 31, 208, 203, 6, 4, 4, 'no action', 'System creates a coupon in the Paid Membership Pro coupon system and emails the purchaser a confirmation of purchase with the gift certificate attached.'),
(928, 7, 208, 203, 4, 2, 4, 'Actor selects the ''Trial Membership'' option.', 'System displays the register page (existing page).'),
(929, 12, 208, 203, 9, 1, 4, 'Actor types in the ''Coupon'' field at the top of the registration form.', 'System matches the value entered into the field via Ajax after the correct number of characters are typed. '),
(930, 32, 208, 203, 16, 1, 5, 'New step.', 'Result'),
(931, 32, 208, 203, 16, 1, 4, 'Actor enters a non-matching coupon number.', 'System displays an error message ''The coupon code you have entered is incorrect''.'),
(932, 33, 208, 203, 9, 3, 4, 'Actor ...', 'System ...'),
(933, 33, 208, 203, 9, 3, 4, 'Actor clicks the ''submit'' button.', 'System validates the form entries, creates the membership and redirects to ''My Profile'' (existing member) or ''Email Validation Page'' (new member).'),
(934, 34, 208, 203, 17, 1, 5, 'New step.', 'Result'),
(935, 34, 208, 203, 17, 1, 5, 'Actor attempts to view member only content.', 'System redirect actor to Select Membership Type page.'),
(936, 9, 208, 214, 7, 1, 1, 'New step.', 'Result'),
(937, 10, 208, 214, 7, 1, 4, 'Form fails validation', 'Form is redisplayed with errors highlighted.'),
(938, 11, 208, 214, 8, 1, 7, 'Actor initiates process.', 'System checks to see if any accounts should have reminder emails sent and sends the emails.'),
(939, 13, 208, 214, 5, 2, 4, 'Actor selects either the ''Full Membership Yearly'' or ''Full Membership Monthly'' link.', 'System displays the registration form.'),
(940, 14, 208, 214, 5, 3, 4, 'Actor completes registration form and chooses the ''Pay by Paypal'' or ''Pay With Credit Card'' button.', 'System validates the form input and then redirects to the payment service for payment handling.'),
(941, 5, 208, 214, 5, 1, 4, 'Actor selects register link from the page header, or log-in pop-up.', 'System displays the membership option page.'),
(942, 15, 208, 214, 5, 4, 4, 'Actor completes payment process.', 'System redirects to the ''My Profile'' page.'),
(943, 16, 208, 214, 10, 1, 4, 'Form fails validation.', 'Form redisplays with errors highlighted.'),
(944, 6, 208, 214, 6, 1, 4, 'Actor selects the Register link.', 'System displays the Membership Option Page.'),
(945, 17, 208, 214, 6, 2, 4, 'Actor selects the ''Gift a Membership'' option.', 'System displays the Gift a Membership page'),
(946, 18, 208, 214, 6, 3, 4, 'Actor completes form and selects either the ''Pay with Paypal'' or ''Pay with Credit Card'' button.', 'System redirects the user to the chosen payment service.'),
(947, 19, 208, 214, 11, 1, 5, 'Actor chooses to view their account profile.', 'System displays account profile page.'),
(948, 20, 208, 214, 12, 1, 1, 'New step.', 'Result'),
(949, 21, 208, 214, 12, 1, 4, 'Actor clicks a banner ad within the site for ''Gift a Membership,.', 'System displays the Gift a Membership page.'),
(950, 22, 208, 214, 11, 2, 5, 'Actor selects ''Change membership level'' link at bottom of page.', 'System displays select membership type page.'),
(951, 4, 208, 214, 4, 1, 4, 'Actor clicks the ''Register'' link in the header.', 'System displays membership option page.'),
(952, 23, 208, 214, 13, 1, 4, 'Actor chooses to pay with Paypal.', 'System redirects to Paypal site to complete payment.'),
(953, 25, 208, 214, 13, 2, 4, 'Actor completes Paypal payment successfully.', 'System redirects back to My Profile page.'),
(954, 24, 208, 214, 14, 1, 4, 'Actor selects to pay with credit card.', 'System redirects to EWay site to complete payment.'),
(955, 26, 208, 214, 14, 2, 4, 'Actor completes the payment on Eway.', 'System redirects back to My Account page.'),
(956, 8, 208, 214, 4, 3, 4, 'Actor completes the Registration Form and submits.', 'System validates input and displays the Email Validation Page.'),
(957, 27, 208, 214, 9, 2, 4, 'Actor enters a matching Coupon number.', 'System redisplays the registration page showing the coupon amount deducted from the total due.'),
(958, 28, 208, 214, 15, 1, 4, 'A coupon is used to purchase the membership. ', 'See ''Redeem a Coupon'' use case.'),
(959, 31, 208, 214, 6, 4, 4, 'no action', 'System creates a coupon in the Paid Membership Pro coupon system and emails the purchaser a confirmation of purchase with the gift certificate attached.'),
(960, 7, 208, 214, 4, 2, 4, 'Actor selects the ''Trial Membership'' option.', 'System displays the register page (existing page).'),
(961, 12, 208, 214, 9, 1, 4, 'Actor types in the ''Coupon'' field at the top of the registration form.', 'System matches the value entered into the field via Ajax after the correct number of characters are typed. '),
(962, 32, 208, 214, 16, 1, 4, 'Actor enters a non-matching coupon number.', 'System displays an error message ''The coupon code you have entered is incorrect''.'),
(963, 33, 208, 214, 9, 3, 4, 'Actor clicks the ''submit'' button.', 'System validates the form entries, creates the membership and redirects to ''My Profile'' (existing member) or ''Email Validation Page'' (new member).'),
(964, 34, 208, 214, 17, 1, 5, 'Actor attempts to view member only content.', 'System redirect actor to Select Membership Type page.'),
(965, 1, 216, 215, 1, 1, 1, 'Actor action.', 'System result.'),
(966, 5, 216, 215, 5, 1, 5, 'Actor action.', 'System result.'),
(967, 6, 216, 215, 6, 1, 5, 'Actor action.', 'System result.'),
(968, 7, 216, 215, 7, 1, 4, 'Actor action.', 'System result.'),
(969, 8, 216, 215, 8, 1, 5, 'Actor action.', 'System result.'),
(970, 4, 216, 215, 4, 1, 4, 'Actor clicks on ''Join'' button.', 'System displays Create Account page.'),
(971, 9, 216, 215, 4, 2, 4, 'Actor completes the Create Account Form and submits.', 'System validates form and displays the home page with the logged in status bar.'),
(972, 1, 216, 215, 1, 1, 5, 'Actor action.', 'System result.'),
(973, 4, 216, 215, 4, 1, 5, 'Actor clicks on ''Join'' button.', 'System displays Create Account page.'),
(974, 9, 216, 215, 4, 2, 5, 'Actor completes the Create Account Form and submits.', 'System validates form and displays the home page with the logged in status bar.'),
(975, 5, 216, 215, 5, 1, 4, 'Actor action.', 'System result.'),
(976, 6, 216, 215, 6, 1, 4, 'Actor action.', 'System result.'),
(977, 8, 216, 215, 8, 1, 4, 'Actor action.', 'System result.'),
(978, 4, 216, 215, 4, 1, 5, 'Actor clicks on ''Create Account'' link.', 'System displays Create Account page.'),
(979, 9, 216, 215, 4, 2, 5, 'Actor completes the Create Account Form and submits.', 'System validates form and displays the validate email screen.'),
(980, 10, 216, 215, 4, 3, 4, 'Actor ...', 'System ...'),
(981, 11, 216, 215, 9, 1, 4, 'New step.', 'Result'),
(982, 11, 216, 215, 9, 1, 5, 'Form fails validation.', 'Form is redisplayed with results highlighted.'),
(983, 11, 216, 215, 9, 1, 5, 'Form fails validation.', 'Form is redisplayed with errors highlighted.'),
(1008, 12, 216, 215, 4, 3, 4, 'Actor ...', 'System ...'),
(1009, 12, 216, 215, 4, 3, 5, 'No action.', 'System sends welcome email to User email account.'),
(1010, 5, 216, 215, 5, 1, 4, 'Actor selects log-in link on home page', 'System displays log in form.'),
(1011, 13, 216, 215, 5, 2, 5, 'Actor ...', 'System ...'),
(1012, 13, 216, 215, 5, 2, 4, 'Actor completes log in form and submits.', 'System validates form and redirects to Store Group Page.'),
(1013, 14, 216, 215, 10, 1, 5, 'Actor action.', 'System result.'),
(1014, 15, 216, 215, 11, 1, 5, 'Actor action.', 'System result.'),
(1015, 18, 208, 214, 6, 3, 4, 'Actor completes form and selects either the ''Pay with Paypal'' or ''Pay with Credit Card'' button.', 'System redirects the user to the chosen payment service. See Pay with Pay Pal and Pay with eWay use cases.'),
(1016, 9, 216, 215, 4, 2, 5, 'Actor completes the  [[UF:4]]  and submits.', 'System validates form and displays the validate email screen.'),
(1017, 4, 216, 215, 4, 1, 5, 'Actor clicks on create account link.', 'System displays  [[IF:4]]  page.'),
(1018, 4, 216, 215, 4, 1, 5, 'Actor clicks on create account link.', 'System displays   [[UI:4]]   page.'),
(1019, 5, 216, 215, 5, 1, 4, 'Actor selects log-in link on  [[UI:7]] ', 'System displays log in form.'),
(1020, 16, 216, 215, 12, 1, 4, 'New step.', 'Result'),
(1021, 16, 216, 215, 12, 1, 4, 'Form fails validation.', 'Form redisplays with errors highlighted.'),
(1022, 15, 216, 215, 11, 1, 5, 'Actor clicks the ''Add a Store'' button on the  [[UI:7]] .', 'System displays  [[UF:6]] .'),
(1023, 7, 216, 216, 7, 1, 4, 'Actor action.', 'System result.'),
(1024, 1, 216, 216, 1, 1, 5, 'Actor action.', 'System result.'),
(1025, 6, 216, 216, 6, 1, 4, 'Actor action.', 'System result.'),
(1026, 8, 216, 216, 8, 1, 4, 'Actor action.', 'System result.'),
(1027, 11, 216, 216, 9, 1, 5, 'Form fails validation.', 'Form is redisplayed with errors highlighted.'),
(1028, 12, 216, 216, 4, 3, 5, 'No action.', 'System sends welcome email to User email account.'),
(1029, 13, 216, 216, 5, 2, 4, 'Actor completes log in form and submits.', 'System validates form and redirects to Store Group Page.'),
(1030, 14, 216, 216, 10, 1, 5, 'Actor action.', 'System result.'),
(1031, 9, 216, 216, 4, 2, 5, 'Actor completes the  [[UF:4]]  and submits.', 'System validates form and displays the validate email screen.'),
(1032, 4, 216, 216, 4, 1, 5, 'Actor clicks on create account link.', 'System displays   [[UI:4]]   page.'),
(1033, 5, 216, 216, 5, 1, 4, 'Actor selects log-in link on  [[UI:7]] ', 'System displays log in form.'),
(1034, 16, 216, 216, 12, 1, 4, 'Form fails validation.', 'Form redisplays with errors highlighted.'),
(1035, 15, 216, 216, 11, 1, 5, 'Actor clicks the ''Add a Store'' button on the  [[UI:7]] .', 'System displays  [[UF:6]] .'),
(1036, 9, 219, 219, 7, 1, 1, 'New step.', 'Result'),
(1037, 10, 219, 219, 7, 1, 4, 'Form fails validation', 'Form is redisplayed with errors highlighted.'),
(1038, 11, 219, 219, 8, 1, 7, 'Actor initiates process.', 'System checks to see if any accounts should have reminder emails sent and sends the emails.'),
(1039, 13, 219, 219, 5, 2, 4, 'Actor selects either the ''Full Membership Yearly'' or ''Full Membership Monthly'' link.', 'System displays the registration form.'),
(1040, 14, 219, 219, 5, 3, 4, 'Actor completes registration form and chooses the ''Pay by Paypal'' or ''Pay With Credit Card'' button.', 'System validates the form input and then redirects to the payment service for payment handling.'),
(1041, 5, 219, 219, 5, 1, 4, 'Actor selects register link from the page header, or log-in pop-up.', 'System displays the membership option page.'),
(1042, 15, 219, 219, 5, 4, 4, 'Actor completes payment process.', 'System redirects to the ''My Profile'' page.'),
(1043, 16, 219, 219, 10, 1, 4, 'Form fails validation.', 'Form redisplays with errors highlighted.'),
(1044, 6, 219, 219, 6, 1, 4, 'Actor selects the Register link.', 'System displays the Membership Option Page.'),
(1045, 17, 219, 219, 6, 2, 4, 'Actor selects the ''Gift a Membership'' option.', 'System displays the Gift a Membership page'),
(1046, 19, 219, 219, 11, 1, 5, 'Actor chooses to view their account profile.', 'System displays account profile page.'),
(1047, 20, 219, 219, 12, 1, 1, 'New step.', 'Result'),
(1048, 21, 219, 219, 12, 1, 4, 'Actor clicks a banner ad within the site for ''Gift a Membership,.', 'System displays the Gift a Membership page.'),
(1049, 22, 219, 219, 11, 2, 5, 'Actor selects ''Change membership level'' link at bottom of page.', 'System displays select membership type page.'),
(1050, 4, 219, 219, 4, 1, 4, 'Actor clicks the ''Register'' link in the header.', 'System displays membership option page.'),
(1051, 23, 219, 219, 13, 1, 4, 'Actor chooses to pay with Paypal.', 'System redirects to Paypal site to complete payment.'),
(1052, 25, 219, 219, 13, 2, 4, 'Actor completes Paypal payment successfully.', 'System redirects back to My Profile page.'),
(1053, 24, 219, 219, 14, 1, 4, 'Actor selects to pay with credit card.', 'System redirects to EWay site to complete payment.'),
(1054, 26, 219, 219, 14, 2, 4, 'Actor completes the payment on Eway.', 'System redirects back to My Account page.'),
(1055, 8, 219, 219, 4, 2, 4, 'Actor completes the Registration Form and submits.', 'System validates input and displays the Email Validation Page.'),
(1056, 27, 219, 219, 9, 2, 4, 'Actor enters a matching Coupon number.', 'System redisplays the registration page showing the coupon amount deducted from the total due.'),
(1057, 28, 219, 219, 15, 1, 4, 'A coupon is used to purchase the membership. ', 'See ''Redeem a Coupon'' use case.'),
(1058, 31, 219, 219, 6, 4, 4, 'no action', 'System creates a coupon in the Paid Membership Pro coupon system and emails the purchaser a confirmation of purchase with the gift certificate attached.'),
(1059, 7, 219, 219, 4, 2, 4, 'Actor selects the ''Trial Membership'' option.', 'System displays the register page (existing page).'),
(1060, 12, 219, 219, 9, 1, 4, 'Actor types in the ''Coupon'' field at the top of the registration form.', 'System matches the value entered into the field via Ajax after the correct number of characters are typed. '),
(1061, 32, 219, 219, 16, 1, 4, 'Actor enters a non-matching coupon number.', 'System displays an error message ''The coupon code you have entered is incorrect''.'),
(1062, 33, 219, 219, 9, 3, 4, 'Actor clicks the ''submit'' button.', 'System validates the form entries, creates the membership and redirects to ''My Profile'' (existing member) or ''Email Validation Page'' (new member).'),
(1063, 34, 219, 219, 17, 1, 5, 'Actor attempts to view member only content.', 'System redirect actor to Select Membership Type page.'),
(1064, 18, 219, 219, 6, 3, 4, 'Actor completes form and selects either the ''Pay with Paypal'' or ''Pay with Credit Card'' button.', 'System redirects the user to the chosen payment service. See Pay with Pay Pal and Pay with eWay use cases.'),
(1065, 5, 219, 219, 5, 1, 6, 'Actor selects log-in from the  [[UI:19]] .', 'System displays the  [[UI:20]] .'),
(1066, 5, 219, 219, 5, 1, 6, 'Actor selects log-in from the   [[UI:19]]  .', 'System displays the   [[UI:20]]  .'),
(1067, 13, 219, 219, 5, 2, 6, 'Actor completes the  [[UF:3]]  and submits.', 'System validates the form fields and changes the session to a logged-in member session.'),
(1068, 13, 219, 219, 5, 2, 6, 'Actor completes the   [[UF:3]]   and submits.', 'System validates the form fields and changes the session to a logged-in member session.'),
(1069, 28, 219, 219, 15, 1, 6, 'Form fails validation.', 'Form redisplays with errors highlighted.'),
(1070, 13, 219, 219, 5, 2, 6, 'Actor completes the    [[UF:3]]    and submits.', 'System validates the form fields and changes the session to a logged-in member session.'),
(1071, 16, 219, 219, 10, 1, 6, 'Form fails validation.', 'Form redisplays with errors highlighted.'),
(1072, 8, 219, 219, 4, 2, 4, 'Actor completes the Registration Form and submits.', 'System validates input and displays the Email Validation Page.'),
(1073, 4, 219, 219, 4, 1, 4, 'Actor clicks the ''Register'' link in the header.', 'System displays the  [[UI:18]] .'),
(1074, 8, 219, 219, 4, 2, 4, 'Actor completes the  [[UF:1]]  and submits.', 'System validates input and displays the Email Validation Page.'),
(1075, 8, 219, 219, 4, 2, 4, 'Actor completes the   [[UF:1]]   and submits.', 'System validates input and displays the  [[UI:7]] .'),
(1076, 35, 219, 219, 18, 1, 6, 'Actor action.', 'System result.'),
(1077, 36, 219, 219, 19, 1, 6, 'Actor action.', 'System result.'),
(1078, 36, 219, 219, 19, 1, 6, 'Actor clicks the verify link in the  [[UI:9]] ', 'System displays the  [[UI:21]] '),
(1079, 37, 219, 219, 20, 1, 6, 'Actor action.', 'System result.'),
(1080, 37, 219, 219, 20, 1, 6, 'Actor clicks their name in the page header.', 'System displays the  [[UI:13]] '),
(1081, 38, 219, 219, 20, 2, 6, 'Actor ...', 'System ...'),
(1082, 38, 219, 219, 20, 2, 6, 'Actor select the edit option.', 'System displays the  [[UF:4]] '),
(1083, 39, 219, 219, 20, 3, 6, 'Actor ...', 'System ...'),
(1084, 39, 219, 219, 20, 3, 6, 'Actor updates form values and submits.', 'System validates form and re-displays  [[UI:13]] '),
(1085, 40, 219, 219, 21, 1, 5, 'New step.', 'Result'),
(1086, 40, 219, 219, 21, 1, 6, 'Form fails validation', 'System redisplays form with errors highlighted'),
(1087, 8, 219, 219, 4, 2, 4, 'Actor completes the    [[UF:1]]    and submits.', 'System validates input creates member account record and displays the   [[UI:7]]  .'),
(1088, 41, 219, 219, 22, 1, 5, 'New step.', 'Result'),
(1089, 41, 219, 219, 22, 1, 6, 'Verify link is incorrect or expired.', ' [[UI:23]]  is displayed.'),
(1090, 35, 219, 219, 18, 1, 6, 'Actor selects the Log Out link in the page header.', 'System ends the logged in session and displays the  [[UI:19]] '),
(1091, 9, 219, 220, 7, 1, 1, 'New step.', 'Result'),
(1092, 10, 219, 220, 7, 1, 4, 'Form fails validation', 'Form is redisplayed with errors highlighted.'),
(1093, 11, 219, 220, 8, 1, 7, 'Actor initiates process.', 'System checks to see if any accounts should have reminder emails sent and sends the emails.'),
(1094, 6, 219, 220, 6, 1, 4, 'Actor selects the Register link.', 'System displays the Membership Option Page.'),
(1095, 17, 219, 220, 6, 2, 4, 'Actor selects the ''Gift a Membership'' option.', 'System displays the Gift a Membership page'),
(1096, 19, 219, 220, 11, 1, 5, 'Actor chooses to view their account profile.', 'System displays account profile page.'),
(1097, 20, 219, 220, 12, 1, 1, 'New step.', 'Result'),
(1098, 21, 219, 220, 12, 1, 4, 'Actor clicks a banner ad within the site for ''Gift a Membership,.', 'System displays the Gift a Membership page.'),
(1099, 22, 219, 220, 11, 2, 5, 'Actor selects ''Change membership level'' link at bottom of page.', 'System displays select membership type page.'),
(1100, 23, 219, 220, 13, 1, 4, 'Actor chooses to pay with Paypal.', 'System redirects to Paypal site to complete payment.'),
(1101, 25, 219, 220, 13, 2, 4, 'Actor completes Paypal payment successfully.', 'System redirects back to My Profile page.'),
(1102, 24, 219, 220, 14, 1, 4, 'Actor selects to pay with credit card.', 'System redirects to EWay site to complete payment.'),
(1103, 26, 219, 220, 14, 2, 4, 'Actor completes the payment on Eway.', 'System redirects back to My Account page.'),
(1104, 27, 219, 220, 9, 2, 4, 'Actor enters a matching Coupon number.', 'System redisplays the registration page showing the coupon amount deducted from the total due.'),
(1105, 31, 219, 220, 6, 4, 4, 'no action', 'System creates a coupon in the Paid Membership Pro coupon system and emails the purchaser a confirmation of purchase with the gift certificate attached.'),
(1106, 12, 219, 220, 9, 1, 4, 'Actor types in the ''Coupon'' field at the top of the registration form.', 'System matches the value entered into the field via Ajax after the correct number of characters are typed. '),
(1107, 32, 219, 220, 16, 1, 4, 'Actor enters a non-matching coupon number.', 'System displays an error message ''The coupon code you have entered is incorrect''.'),
(1108, 33, 219, 220, 9, 3, 4, 'Actor clicks the ''submit'' button.', 'System validates the form entries, creates the membership and redirects to ''My Profile'' (existing member) or ''Email Validation Page'' (new member).'),
(1109, 34, 219, 220, 17, 1, 5, 'Actor attempts to view member only content.', 'System redirect actor to Select Membership Type page.'),
(1110, 18, 219, 220, 6, 3, 4, 'Actor completes form and selects either the ''Pay with Paypal'' or ''Pay with Credit Card'' button.', 'System redirects the user to the chosen payment service. See Pay with Pay Pal and Pay with eWay use cases.'),
(1111, 5, 219, 220, 5, 1, 6, 'Actor selects log-in from the   [[UI:19]]  .', 'System displays the   [[UI:20]]  .'),
(1112, 28, 219, 220, 15, 1, 6, 'Form fails validation.', 'Form redisplays with errors highlighted.'),
(1113, 13, 219, 220, 5, 2, 6, 'Actor completes the    [[UF:3]]    and submits.', 'System validates the form fields and changes the session to a logged-in member session.'),
(1114, 16, 219, 220, 10, 1, 6, 'Form fails validation.', 'Form redisplays with errors highlighted.'),
(1115, 4, 219, 220, 4, 1, 4, 'Actor clicks the ''Register'' link in the header.', 'System displays the  [[UI:18]] .'),
(1116, 36, 219, 220, 19, 1, 6, 'Actor clicks the verify link in the  [[UI:9]] ', 'System displays the  [[UI:21]] '),
(1117, 37, 219, 220, 20, 1, 6, 'Actor clicks their name in the page header.', 'System displays the  [[UI:13]] '),
(1118, 38, 219, 220, 20, 2, 6, 'Actor select the edit option.', 'System displays the  [[UF:4]] '),
(1119, 39, 219, 220, 20, 3, 6, 'Actor updates form values and submits.', 'System validates form and re-displays  [[UI:13]] '),
(1120, 40, 219, 220, 21, 1, 6, 'Form fails validation', 'System redisplays form with errors highlighted'),
(1121, 8, 219, 220, 4, 2, 4, 'Actor completes the    [[UF:1]]    and submits.', 'System validates input creates member account record and displays the   [[UI:7]]  .'),
(1122, 41, 219, 220, 22, 1, 6, 'Verify link is incorrect or expired.', ' [[UI:23]]  is displayed.'),
(1123, 35, 219, 220, 18, 1, 6, 'Actor selects the Log Out link in the page header.', 'System ends the logged in session and displays the  [[UI:19]] '),
(1124, 12, 220, 221, 10, 1, 4, 'New step.', 'Result'),
(1125, 13, 220, 221, 10, 1, 7, 'Form fails validation', 'Form is redisplayed with errors highlighted.'),
(1126, 14, 220, 221, 11, 1, 10, 'Actor initiates process.', 'System checks to see if any accounts should have reminder emails sent and sends the emails.'),
(1127, 9, 220, 221, 9, 1, 7, 'Actor selects the Register link.', 'System displays the Membership Option Page.'),
(1128, 20, 220, 221, 9, 2, 7, 'Actor selects the ''Gift a Membership'' option.', 'System displays the Gift a Membership page'),
(1129, 22, 220, 221, 14, 1, 8, 'Actor chooses to view their account profile.', 'System displays account profile page.'),
(1130, 23, 220, 221, 15, 1, 4, 'New step.', 'Result');
INSERT INTO `step` (`id`, `step_id`, `project_id`, `release_id`, `flow_id`, `number`, `actor_id`, `text`, `result`) VALUES
(1131, 24, 220, 221, 15, 1, 7, 'Actor clicks a banner ad within the site for ''Gift a Membership,.', 'System displays the Gift a Membership page.'),
(1132, 25, 220, 221, 14, 2, 8, 'Actor selects ''Change membership level'' link at bottom of page.', 'System displays select membership type page.'),
(1133, 26, 220, 221, 16, 1, 7, 'Actor chooses to pay with Paypal.', 'System redirects to Paypal site to complete payment.'),
(1134, 28, 220, 221, 16, 2, 7, 'Actor completes Paypal payment successfully.', 'System redirects back to My Profile page.'),
(1135, 27, 220, 221, 17, 1, 7, 'Actor selects to pay with credit card.', 'System redirects to EWay site to complete payment.'),
(1136, 29, 220, 221, 17, 2, 7, 'Actor completes the payment on Eway.', 'System redirects back to My Account page.'),
(1137, 30, 220, 221, 12, 2, 7, 'Actor enters a matching Coupon number.', 'System redisplays the registration page showing the coupon amount deducted from the total due.'),
(1138, 34, 220, 221, 9, 4, 7, 'no action', 'System creates a coupon in the Paid Membership Pro coupon system and emails the purchaser a confirmation of purchase with the gift certificate attached.'),
(1139, 15, 220, 221, 12, 1, 7, 'Actor types in the ''Coupon'' field at the top of the registration form.', 'System matches the value entered into the field via Ajax after the correct number of characters are typed. '),
(1140, 35, 220, 221, 19, 1, 7, 'Actor enters a non-matching coupon number.', 'System displays an error message ''The coupon code you have entered is incorrect''.'),
(1141, 36, 220, 221, 12, 3, 7, 'Actor clicks the ''submit'' button.', 'System validates the form entries, creates the membership and redirects to ''My Profile'' (existing member) or ''Email Validation Page'' (new member).'),
(1142, 37, 220, 221, 20, 1, 8, 'Actor attempts to view member only content.', 'System redirect actor to Select Membership Type page.'),
(1143, 21, 220, 221, 9, 3, 7, 'Actor completes form and selects either the ''Pay with Paypal'' or ''Pay with Credit Card'' button.', 'System redirects the user to the chosen payment service. See Pay with Pay Pal and Pay with eWay use cases.'),
(1144, 8, 220, 221, 8, 1, 9, 'Actor selects log-in from the   [[UI:19]]  .', 'System displays the   [[UI:20]]  .'),
(1145, 31, 220, 221, 18, 1, 9, 'Form fails validation.', 'Form redisplays with errors highlighted.'),
(1146, 16, 220, 221, 8, 2, 9, 'Actor completes the    [[UF:3]]    and submits.', 'System validates the form fields and changes the session to a logged-in member session.'),
(1147, 19, 220, 221, 13, 1, 9, 'Form fails validation.', 'Form redisplays with errors highlighted.'),
(1148, 7, 220, 221, 7, 1, 7, 'Actor clicks the ''Register'' link in the header.', 'System displays the  [[UI:18]] .'),
(1149, 39, 220, 221, 22, 1, 9, 'Actor clicks the verify link in the  [[UI:9]] ', 'System displays the  [[UI:21]] '),
(1150, 40, 220, 221, 23, 1, 9, 'Actor clicks their name in the page header.', 'System displays the  [[UI:13]] '),
(1151, 41, 220, 221, 23, 2, 9, 'Actor select the edit option.', 'System displays the  [[UF:4]] '),
(1152, 42, 220, 221, 23, 3, 9, 'Actor updates form values and submits.', 'System validates form and re-displays  [[UI:13]] '),
(1153, 43, 220, 221, 24, 1, 9, 'Form fails validation', 'System redisplays form with errors highlighted'),
(1154, 11, 220, 221, 7, 2, 7, 'Actor completes the    [[UF:1]]    and submits.', 'System validates input creates member account record and displays the   [[UI:7]]  .'),
(1155, 44, 220, 221, 25, 1, 9, 'Verify link is incorrect or expired.', ' [[UI:23]]  is displayed.'),
(1156, 38, 220, 221, 21, 1, 9, 'Actor selects the Log Out link in the page header.', 'System ends the logged in session and displays the  [[UI:19]] '),
(1157, 17, 216, 215, 10, 2, 5, 'Actor ...', 'System ...'),
(1158, 14, 216, 215, 10, 1, 5, 'Owner selects create new employee link from their dashboard.', 'Form is loaded with employee details- (login, psw, security options).'),
(1159, 6, 216, 215, 6, 1, 4, 'Owner logs into Cloud system', 'Owner selects  Update Details link from dashboard'),
(1160, 18, 216, 215, 13, 1, 1, 'Actor action.', 'System result.'),
(1161, 18, 216, 215, 13, 1, 1, 'DPos administrator logs into cloud pos maintenance', 'Administrator the disables the stores live feed.'),
(1162, 8, 216, 215, 8, 1, 4, 'User selects Log Out link from dashboard', 'User is logged out and page returns to home login screen,'),
(1163, 7, 216, 222, 7, 1, 4, 'Actor action.', 'System result.'),
(1164, 1, 216, 222, 1, 1, 5, 'Actor action.', 'System result.'),
(1165, 11, 216, 222, 9, 1, 5, 'Form fails validation.', 'Form is redisplayed with errors highlighted.'),
(1166, 12, 216, 222, 4, 3, 5, 'No action.', 'System sends welcome email to User email account.'),
(1167, 13, 216, 222, 5, 2, 4, 'Actor completes log in form and submits.', 'System validates form and redirects to Store Group Page.'),
(1168, 9, 216, 222, 4, 2, 5, 'Actor completes the  [[UF:4]]  and submits.', 'System validates form and displays the validate email screen.'),
(1169, 4, 216, 222, 4, 1, 5, 'Actor clicks on create account link.', 'System displays   [[UI:4]]   page.'),
(1170, 5, 216, 222, 5, 1, 4, 'Actor selects log-in link on  [[UI:7]] ', 'System displays log in form.'),
(1171, 16, 216, 222, 12, 1, 4, 'Form fails validation.', 'Form redisplays with errors highlighted.'),
(1172, 15, 216, 222, 11, 1, 5, 'Actor clicks the ''Add a Store'' button on the  [[UI:7]] .', 'System displays  [[UF:6]] .'),
(1173, 17, 216, 222, 10, 2, 5, 'Actor ...', 'System ...'),
(1174, 14, 216, 222, 10, 1, 5, 'Owner selects create new employee link from their dashboard.', 'Form is loaded with employee details- (login, psw, security options).'),
(1175, 6, 216, 222, 6, 1, 4, 'Owner logs into Cloud system', 'Owner selects  Update Details link from dashboard'),
(1176, 18, 216, 222, 13, 1, 1, 'DPos administrator logs into cloud pos maintenance', 'Administrator the disables the stores live feed.'),
(1177, 8, 216, 222, 8, 1, 4, 'User selects Log Out link from dashboard', 'User is logged out and page returns to home login screen,'),
(1178, 19, 216, 215, 14, 1, 6, 'Actor action.', 'System result.'),
(1179, 19, 216, 215, 14, 1, 6, 'Administrator logs into system admin and select the Accounts Tab  from the dashboard', 'Administrator is then displayed full list of accounts with current status.'),
(1180, 20, 216, 215, 14, 2, 6, 'Actor ...', 'System ...'),
(1181, 20, 216, 215, 14, 2, 6, 'Admin then selects account in question and updates their status to Suspended or Disabled.', 'Once an account is updated to Suspended or Disabled all Logins attached to that account will no longer work.'),
(1182, 8, 219, 219, 4, 2, 4, 'Actor completes the     [[UF:1]]     and submits.  [[UF:5]] ', 'System validates input creates member account record and displays the    [[UI:7]]   .'),
(1183, 4, 219, 219, 4, 1, 4, 'Actor clicks the ''Register'' link in the header. [[UI:24]] ', 'System displays the   [[UI:18]]  .'),
(1184, 21, 216, 215, 15, 1, 5, 'Actor action.', 'System result.'),
(1185, 21, 216, 215, 15, 1, 5, 'Actor action.', 'System result.'),
(1186, 21, 216, 215, 15, 1, 5, 'User successfully logs into cloud reporting system', 'Default Home dashboard is displayed.'),
(1187, 22, 216, 215, 16, 1, 6, 'Actor action.', 'System result.'),
(1188, 23, 216, 215, 17, 1, 6, 'Actor action.', 'System result.'),
(1189, 21, 216, 215, 15, 1, 5, 'User successfully logs into cloud reporting system', 'Default Home dashboard is displayed.'),
(1190, 19, 216, 215, 14, 1, 6, 'Administrator logs into system admin and select the Accounts Tab  from the dashboard', 'System displays  [[UI:11]]  showing  full list of accounts with current status.'),
(1191, 19, 216, 215, 14, 1, 6, 'Actor logs into system admin and select the Accounts Tab  from the dashboard', 'System displays   [[UI:11]]   showing  full list of accounts with current status.'),
(1192, 19, 216, 215, 14, 1, 6, 'Actor select the Accounts Tab  from the  [[UI:12]] ', 'System displays    [[UI:11]]    showing  full list of accounts with current status.'),
(1193, 20, 216, 215, 14, 2, 6, 'Actor selects the store account by either searching of browsing the list of stores.', 'System displays the  [[UI:13]] '),
(1194, 5, 208, 203, 5, 1, 4, 'Actor selects register link from the page header, or log-in pop-up.', 'System displays the  [[UI:4]] .'),
(1195, 7, 216, 223, 7, 1, 4, 'Actor action.', 'System result.'),
(1196, 1, 216, 223, 1, 1, 5, 'Actor action.', 'System result.'),
(1197, 11, 216, 223, 9, 1, 5, 'Form fails validation.', 'Form is redisplayed with errors highlighted.'),
(1198, 12, 216, 223, 4, 3, 5, 'No action.', 'System sends welcome email to User email account.'),
(1199, 13, 216, 223, 5, 2, 4, 'Actor completes log in form and submits.', 'System validates form and redirects to Store Group Page.'),
(1200, 9, 216, 223, 4, 2, 5, 'Actor completes the  [[UF:4]]  and submits.', 'System validates form and displays the validate email screen.'),
(1201, 4, 216, 223, 4, 1, 5, 'Actor clicks on create account link.', 'System displays   [[UI:4]]   page.'),
(1202, 5, 216, 223, 5, 1, 4, 'Actor selects log-in link on  [[UI:7]] ', 'System displays log in form.'),
(1203, 16, 216, 223, 12, 1, 4, 'Form fails validation.', 'Form redisplays with errors highlighted.'),
(1204, 15, 216, 223, 11, 1, 5, 'Actor clicks the ''Add a Store'' button on the  [[UI:7]] .', 'System displays  [[UF:6]] .'),
(1205, 17, 216, 223, 10, 2, 5, 'Actor ...', 'System ...'),
(1206, 14, 216, 223, 10, 1, 5, 'Owner selects create new employee link from their dashboard.', 'Form is loaded with employee details- (login, psw, security options).'),
(1207, 6, 216, 223, 6, 1, 4, 'Owner logs into Cloud system', 'Owner selects  Update Details link from dashboard'),
(1208, 18, 216, 223, 13, 1, 1, 'DPos administrator logs into cloud pos maintenance', 'Administrator the disables the stores live feed.'),
(1209, 8, 216, 223, 8, 1, 4, 'User selects Log Out link from dashboard', 'User is logged out and page returns to home login screen,'),
(1210, 22, 216, 223, 16, 1, 6, 'Actor action.', 'System result.'),
(1211, 23, 216, 223, 17, 1, 6, 'Actor action.', 'System result.'),
(1212, 21, 216, 223, 15, 1, 5, 'User successfully logs into cloud reporting system', 'Default Home dashboard is displayed.'),
(1213, 19, 216, 223, 14, 1, 6, 'Actor select the Accounts Tab  from the  [[UI:12]] ', 'System displays    [[UI:11]]    showing  full list of accounts with current status.'),
(1214, 20, 216, 223, 14, 2, 6, 'Actor selects the store account by either searching of browsing the list of stores.', 'System displays the  [[UI:13]] '),
(1215, 10, 221, 224, 10, 1, 7, 'Actor action.', 'System result.'),
(1216, 4, 221, 224, 4, 1, 8, 'Actor action.', 'System result.'),
(1217, 14, 221, 224, 12, 1, 8, 'Form fails validation.', 'Form is redisplayed with errors highlighted.'),
(1218, 15, 221, 224, 7, 3, 8, 'No action.', 'System sends welcome email to User email account.'),
(1219, 16, 221, 224, 8, 2, 7, 'Actor completes log in form and submits.', 'System validates form and redirects to Store Group Page.'),
(1220, 12, 221, 224, 7, 2, 8, 'Actor completes the  [[UF:4]]  and submits.', 'System validates form and displays the validate email screen.'),
(1221, 7, 221, 224, 7, 1, 8, 'Actor clicks on create account link.', 'System displays   [[UI:4]]   page.'),
(1222, 8, 221, 224, 8, 1, 7, 'Actor selects log-in link on  [[UI:7]] ', 'System displays log in form.'),
(1223, 19, 221, 224, 15, 1, 7, 'Form fails validation.', 'Form redisplays with errors highlighted.'),
(1224, 18, 221, 224, 14, 1, 8, 'Actor clicks the ''Add a Store'' button on the  [[UI:7]] .', 'System displays  [[UF:6]] .'),
(1225, 20, 221, 224, 13, 2, 8, 'Actor ...', 'System ...'),
(1226, 17, 221, 224, 13, 1, 8, 'Owner selects create new employee link from their dashboard.', 'Form is loaded with employee details- (login, psw, security options).'),
(1227, 9, 221, 224, 9, 1, 7, 'Owner logs into Cloud system', 'Owner selects  Update Details link from dashboard'),
(1228, 21, 221, 224, 16, 1, 4, 'DPos administrator logs into cloud pos maintenance', 'Administrator the disables the stores live feed.'),
(1229, 11, 221, 224, 11, 1, 7, 'User selects Log Out link from dashboard', 'User is logged out and page returns to home login screen,'),
(1230, 25, 221, 224, 19, 1, 9, 'Actor action.', 'System result.'),
(1231, 26, 221, 224, 20, 1, 9, 'Actor action.', 'System result.'),
(1232, 24, 221, 224, 18, 1, 8, 'User successfully logs into cloud reporting system', 'Default Home dashboard is displayed.'),
(1233, 22, 221, 224, 17, 1, 9, 'Actor select the Accounts Tab  from the  [[UI:12]] ', 'System displays    [[UI:11]]    showing  full list of accounts with current status.'),
(1234, 23, 221, 224, 17, 2, 9, 'Actor selects the store account by either searching of browsing the list of stores.', 'System displays the  [[UI:13]] '),
(1242, 1, 229, 232, 1, 1, 1, 'Actor action.', 'System result.'),
(1243, 2, 229, 232, 2, 1, 1, 'Actor action.', 'System result.'),
(1244, 2, 229, 232, 2, 1, 1, 'Actor action an edit', 'System result it can''t be seen.'),
(1245, 3, 229, 232, 2, 2, 1, 'Actor ...', 'System ...'),
(1246, 3, 229, 232, 2, 2, 1, 'Actor added step 2', 'System saved it as 2'),
(1247, 4, 229, 232, 2, 3, 1, 'Actor ...', 'System ...'),
(1248, 4, 229, 232, 2, 2, 1, 'Actor ...', 'System ...'),
(1249, 5, 229, 232, 3, 1, 1, 'New step.', 'Result'),
(1250, 5, 229, 232, 3, 1, 1, 'New step.', 'Result'),
(1251, 6, 229, 232, 3, 2, 1, 'Actor ...', 'System ...'),
(1252, 4, 229, 232, 2, 2, 1, 'Actor New step 2', 'System ...'),
(1253, 7, 229, 232, 4, 1, 1, 'Actor action.', 'System result.'),
(1254, 7, 229, 232, 4, 1, 1, 'Actor action akaeuh', 'System result.');

-- --------------------------------------------------------

--
-- Table structure for table `stepform`
--

CREATE TABLE IF NOT EXISTS `stepform` (
  `id` int(11) NOT NULL AUTO_INCREMENT,
  `stepform_id` int(11) NOT NULL,
  `project_id` int(11) NOT NULL,
  `release_id` int(11) NOT NULL,
  `step_id` int(11) NOT NULL,
  `form_id` int(11) NOT NULL,
  PRIMARY KEY (`id`),
  KEY `form_id` (`form_id`),
  KEY `step_id` (`step_id`),
  KEY `project_id` (`project_id`),
  KEY `release_id` (`release_id`)
) ENGINE=InnoDB  DEFAULT CHARSET=utf8 AUTO_INCREMENT=177 ;

--
-- Dumping data for table `stepform`
--

INSERT INTO `stepform` (`id`, `stepform_id`, `project_id`, `release_id`, `step_id`, `form_id`) VALUES
(59, 1, 199, 186, 1, 1),
(60, 2, 199, 186, 6, 1),
(61, 1, 199, 187, 1, 1),
(62, 2, 199, 187, 6, 1),
(64, 4, 200, 188, 4, 4),
(65, 5, 200, 188, 9, 4),
(76, 3, 199, 187, 10, 2),
(77, 4, 202, 190, 4, 4),
(78, 5, 202, 190, 9, 4),
(86, 4, 206, 199, 4, 4),
(87, 5, 206, 199, 9, 4),
(88, 4, 206, 200, 4, 4),
(89, 5, 206, 200, 9, 4),
(90, 6, 206, 200, 34, 5),
(91, 7, 206, 200, 41, 6),
(92, 1, 184, 165, 22, 2),
(93, 2, 184, 165, 23, 2),
(94, 1, 184, 205, 22, 2),
(95, 2, 184, 205, 23, 2),
(96, 42, 206, 200, 63, 43),
(97, 43, 206, 200, 64, 43),
(98, 44, 206, 200, 61, 44),
(99, 4, 213, 210, 4, 4),
(100, 5, 213, 210, 9, 4),
(101, 4, 215, 212, 25, 5),
(102, 5, 215, 212, 26, 5),
(103, 4, 215, 213, 25, 5),
(104, 5, 215, 213, 26, 5),
(105, 1, 208, 203, 14, 1),
(106, 2, 208, 203, 13, 1),
(107, 3, 208, 203, 17, 2),
(108, 4, 208, 203, 8, 1),
(109, 2, 208, 214, 13, 1),
(110, 3, 208, 214, 17, 2),
(111, 4, 208, 214, 8, 1),
(112, 4, 216, 215, 4, 4),
(113, 5, 216, 215, 9, 4),
(122, 6, 216, 215, 5, 5),
(123, 7, 216, 215, 9, 4),
(124, 8, 216, 215, 15, 6),
(125, 9, 216, 215, 15, 7),
(126, 4, 216, 216, 4, 4),
(127, 5, 216, 216, 9, 4),
(128, 6, 216, 216, 5, 5),
(129, 7, 216, 216, 9, 4),
(130, 9, 216, 216, 15, 7),
(131, 2, 219, 219, 13, 1),
(132, 3, 219, 219, 17, 2),
(133, 4, 219, 219, 8, 1),
(134, 5, 219, 219, 13, 3),
(135, 6, 219, 219, 13, 3),
(136, 7, 219, 219, 13, 3),
(137, 8, 219, 219, 8, 1),
(138, 9, 219, 219, 8, 1),
(139, 10, 219, 219, 38, 4),
(140, 11, 219, 219, 8, 1),
(141, 3, 219, 220, 17, 2),
(142, 4, 219, 220, 8, 1),
(143, 5, 219, 220, 13, 3),
(144, 6, 219, 220, 13, 3),
(145, 7, 219, 220, 13, 3),
(146, 8, 219, 220, 8, 1),
(147, 9, 219, 220, 8, 1),
(148, 10, 219, 220, 38, 4),
(149, 11, 219, 220, 8, 1),
(150, 6, 220, 221, 20, 5),
(151, 7, 220, 221, 11, 4),
(152, 8, 220, 221, 16, 6),
(153, 9, 220, 221, 16, 6),
(154, 10, 220, 221, 16, 6),
(155, 11, 220, 221, 11, 4),
(156, 12, 220, 221, 11, 4),
(157, 13, 220, 221, 41, 7),
(158, 14, 220, 221, 11, 4),
(159, 4, 216, 222, 4, 4),
(160, 5, 216, 222, 9, 4),
(161, 6, 216, 222, 5, 5),
(162, 7, 216, 222, 9, 4),
(163, 9, 216, 222, 15, 7),
(164, 12, 219, 219, 8, 1),
(165, 13, 219, 219, 8, 5),
(166, 4, 216, 223, 4, 4),
(167, 5, 216, 223, 9, 4),
(168, 6, 216, 223, 5, 5),
(169, 7, 216, 223, 9, 4),
(170, 9, 216, 223, 15, 7),
(171, 7, 221, 224, 7, 7),
(172, 8, 221, 224, 12, 7),
(173, 9, 221, 224, 8, 8),
(174, 10, 221, 224, 12, 7),
(175, 12, 221, 224, 18, 10),
(176, 1, 229, 232, 2, 1);

-- --------------------------------------------------------

--
-- Table structure for table `stepiface`
--

CREATE TABLE IF NOT EXISTS `stepiface` (
  `id` int(11) NOT NULL AUTO_INCREMENT,
  `stepiface_id` int(11) NOT NULL,
  `project_id` int(11) NOT NULL,
  `release_id` int(11) NOT NULL,
  `step_id` int(11) NOT NULL,
  `iface_id` int(11) NOT NULL,
  PRIMARY KEY (`id`),
  KEY `iface_id` (`iface_id`),
  KEY `step_id` (`step_id`),
  KEY `project_id` (`project_id`),
  KEY `release_id` (`release_id`)
) ENGINE=InnoDB  DEFAULT CHARSET=utf8 AUTO_INCREMENT=349 ;

--
-- Dumping data for table `stepiface`
--

INSERT INTO `stepiface` (`id`, `stepiface_id`, `project_id`, `release_id`, `step_id`, `iface_id`) VALUES
(85, 1, 184, 165, 5, 1),
(86, 1, 199, 186, 1, 1),
(87, 1, 199, 187, 1, 1),
(89, 4, 200, 188, 4, 4),
(95, 2, 199, 187, 7, 2),
(96, 3, 199, 187, 7, 3),
(97, 4, 199, 187, 10, 4),
(98, 5, 199, 187, 10, 5),
(99, 4, 202, 190, 4, 4),
(104, 4, 206, 199, 4, 4),
(105, 4, 206, 200, 4, 4),
(106, 1, 207, 201, 1, 1),
(107, 1, 207, 202, 1, 1),
(108, 4, 208, 203, 4, 4),
(109, 5, 208, 203, 5, 6),
(110, 5, 206, 200, 10, 5),
(111, 6, 206, 200, 10, 6),
(112, 7, 206, 200, 21, 7),
(113, 8, 206, 200, 22, 6),
(114, 9, 206, 200, 32, 8),
(115, 10, 206, 200, 37, 9),
(116, 11, 206, 200, 25, 10),
(117, 2, 184, 165, 22, 2),
(118, 3, 184, 165, 22, 3),
(119, 4, 184, 165, 24, 4),
(120, 1, 184, 205, 5, 1),
(121, 2, 184, 205, 22, 2),
(122, 3, 184, 205, 22, 3),
(123, 4, 184, 205, 24, 4),
(124, 42, 206, 200, 46, 42),
(125, 43, 206, 200, 63, 43),
(126, 44, 206, 200, 63, 44),
(127, 45, 206, 200, 65, 45),
(128, 46, 206, 200, 70, 46),
(130, 4, 213, 210, 4, 4),
(131, 4, 215, 212, 8, 4),
(132, 5, 215, 212, 25, 5),
(133, 6, 215, 212, 25, 6),
(134, 7, 215, 212, 27, 7),
(135, 4, 215, 213, 8, 4),
(136, 5, 215, 213, 25, 5),
(137, 6, 215, 213, 25, 6),
(138, 7, 215, 213, 27, 7),
(139, 6, 208, 203, 7, 6),
(140, 7, 208, 203, 8, 7),
(141, 8, 208, 203, 11, 8),
(142, 9, 208, 203, 11, 9),
(143, 10, 208, 203, 11, 10),
(144, 11, 208, 203, 11, 11),
(145, 12, 208, 203, 5, 4),
(146, 13, 208, 203, 5, 4),
(147, 14, 208, 203, 14, 12),
(148, 15, 208, 203, 15, 13),
(149, 16, 208, 203, 6, 4),
(150, 17, 208, 203, 17, 14),
(151, 18, 208, 203, 22, 15),
(152, 19, 208, 203, 31, 16),
(153, 20, 208, 203, 31, 17),
(154, 21, 208, 203, 4, 18),
(155, 22, 208, 203, 5, 18),
(156, 23, 208, 203, 33, 7),
(157, 24, 208, 203, 33, 13),
(158, 6, 208, 214, 7, 6),
(159, 7, 208, 214, 8, 7),
(160, 8, 208, 214, 11, 8),
(161, 9, 208, 214, 11, 9),
(162, 10, 208, 214, 11, 10),
(163, 11, 208, 214, 11, 11),
(164, 13, 208, 214, 5, 4),
(165, 14, 208, 214, 14, 12),
(166, 15, 208, 214, 15, 13),
(167, 16, 208, 214, 6, 4),
(168, 17, 208, 214, 17, 14),
(169, 18, 208, 214, 22, 15),
(170, 19, 208, 214, 31, 16),
(171, 20, 208, 214, 31, 17),
(172, 21, 208, 214, 4, 18),
(173, 22, 208, 214, 5, 18),
(174, 23, 208, 214, 33, 7),
(175, 24, 208, 214, 33, 13),
(176, 4, 216, 215, 4, 4),
(177, 5, 216, 215, 11, 5),
(182, 6, 216, 215, 12, 6),
(183, 7, 216, 215, 4, 7),
(184, 8, 216, 215, 5, 7),
(185, 9, 216, 215, 13, 8),
(186, 25, 208, 203, 6, 18),
(187, 10, 216, 215, 4, 4),
(188, 11, 216, 215, 4, 4),
(189, 12, 216, 215, 5, 7),
(190, 13, 216, 215, 15, 7),
(191, 4, 216, 216, 4, 4),
(192, 5, 216, 216, 11, 5),
(193, 6, 216, 216, 12, 6),
(194, 7, 216, 216, 4, 7),
(195, 8, 216, 216, 5, 7),
(196, 9, 216, 216, 13, 8),
(197, 10, 216, 216, 4, 4),
(198, 11, 216, 216, 4, 4),
(199, 12, 216, 216, 5, 7),
(200, 13, 216, 216, 15, 7),
(201, 6, 219, 219, 7, 6),
(202, 7, 219, 219, 8, 7),
(203, 8, 219, 219, 11, 8),
(204, 9, 219, 219, 11, 9),
(205, 10, 219, 219, 11, 10),
(206, 11, 219, 219, 11, 11),
(207, 13, 219, 219, 5, 4),
(208, 14, 219, 219, 14, 12),
(209, 15, 219, 219, 15, 13),
(210, 17, 219, 219, 17, 14),
(211, 18, 219, 219, 22, 15),
(212, 19, 219, 219, 31, 16),
(213, 20, 219, 219, 31, 17),
(214, 21, 219, 219, 4, 18),
(215, 22, 219, 219, 5, 18),
(216, 23, 219, 219, 33, 7),
(217, 24, 219, 219, 33, 13),
(218, 25, 219, 219, 6, 18),
(219, 26, 219, 219, 5, 19),
(220, 27, 219, 219, 5, 20),
(221, 28, 219, 219, 5, 19),
(222, 29, 219, 219, 5, 20),
(223, 30, 219, 219, 4, 18),
(224, 31, 219, 219, 8, 7),
(225, 32, 219, 219, 36, 9),
(226, 33, 219, 219, 36, 21),
(227, 34, 219, 219, 37, 13),
(228, 35, 219, 219, 39, 13),
(229, 36, 219, 219, 40, 22),
(230, 37, 219, 219, 8, 7),
(231, 38, 219, 219, 41, 23),
(232, 39, 219, 219, 35, 19),
(233, 6, 219, 220, 7, 6),
(234, 7, 219, 220, 8, 7),
(235, 8, 219, 220, 11, 8),
(236, 9, 219, 220, 11, 9),
(237, 10, 219, 220, 11, 10),
(238, 11, 219, 220, 11, 11),
(239, 14, 219, 220, 14, 12),
(240, 15, 219, 220, 15, 13),
(241, 17, 219, 220, 17, 14),
(242, 18, 219, 220, 22, 15),
(243, 19, 219, 220, 31, 16),
(244, 20, 219, 220, 31, 17),
(245, 21, 219, 220, 4, 18),
(246, 23, 219, 220, 33, 7),
(247, 24, 219, 220, 33, 13),
(248, 25, 219, 220, 6, 18),
(249, 26, 219, 220, 5, 19),
(250, 27, 219, 220, 5, 20),
(251, 28, 219, 220, 5, 19),
(252, 29, 219, 220, 5, 20),
(253, 30, 219, 220, 4, 18),
(254, 31, 219, 220, 8, 7),
(255, 32, 219, 220, 36, 9),
(256, 33, 219, 220, 36, 21),
(257, 34, 219, 220, 37, 13),
(258, 35, 219, 220, 39, 13),
(259, 36, 219, 220, 40, 22),
(260, 37, 219, 220, 8, 7),
(261, 38, 219, 220, 41, 23),
(262, 39, 219, 220, 35, 19),
(263, 9, 220, 221, 10, 9),
(264, 10, 220, 221, 11, 10),
(265, 11, 220, 221, 14, 11),
(266, 12, 220, 221, 14, 12),
(267, 13, 220, 221, 14, 13),
(268, 14, 220, 221, 14, 14),
(269, 17, 220, 221, 17, 15),
(270, 18, 220, 221, 18, 16),
(271, 20, 220, 221, 20, 17),
(272, 21, 220, 221, 25, 18),
(273, 22, 220, 221, 34, 19),
(274, 23, 220, 221, 34, 20),
(275, 24, 220, 221, 7, 21),
(276, 26, 220, 221, 36, 10),
(277, 27, 220, 221, 36, 16),
(278, 28, 220, 221, 9, 21),
(279, 29, 220, 221, 8, 22),
(280, 30, 220, 221, 8, 23),
(281, 31, 220, 221, 8, 22),
(282, 32, 220, 221, 8, 23),
(283, 33, 220, 221, 7, 21),
(284, 34, 220, 221, 11, 10),
(285, 35, 220, 221, 39, 12),
(286, 36, 220, 221, 39, 24),
(287, 37, 220, 221, 40, 16),
(288, 38, 220, 221, 42, 16),
(289, 39, 220, 221, 43, 25),
(290, 40, 220, 221, 11, 10),
(291, 41, 220, 221, 44, 26),
(292, 42, 220, 221, 38, 22),
(293, 4, 216, 222, 4, 4),
(294, 5, 216, 222, 11, 5),
(295, 6, 216, 222, 12, 6),
(296, 7, 216, 222, 4, 7),
(297, 8, 216, 222, 5, 7),
(298, 9, 216, 222, 13, 8),
(299, 10, 216, 222, 4, 4),
(300, 11, 216, 222, 4, 4),
(301, 12, 216, 222, 5, 7),
(302, 13, 216, 222, 15, 7),
(303, 14, 216, 215, 18, 9),
(304, 40, 219, 219, 8, 7),
(305, 41, 219, 219, 4, 24),
(306, 42, 219, 219, 4, 18),
(307, 15, 216, 215, 21, 10),
(308, 16, 216, 215, 19, 11),
(309, 17, 216, 215, 19, 11),
(310, 18, 216, 215, 19, 12),
(311, 19, 216, 215, 19, 11),
(312, 20, 216, 215, 20, 13),
(313, 26, 208, 203, 5, 4),
(314, 4, 216, 223, 4, 4),
(315, 5, 216, 223, 11, 5),
(316, 6, 216, 223, 12, 6),
(317, 7, 216, 223, 4, 7),
(318, 8, 216, 223, 5, 7),
(319, 9, 216, 223, 13, 8),
(320, 10, 216, 223, 4, 4),
(321, 11, 216, 223, 4, 4),
(322, 12, 216, 223, 5, 7),
(323, 13, 216, 223, 15, 7),
(324, 14, 216, 223, 18, 9),
(325, 15, 216, 223, 21, 10),
(326, 16, 216, 223, 19, 11),
(327, 17, 216, 223, 19, 11),
(328, 18, 216, 223, 19, 12),
(329, 19, 216, 223, 19, 11),
(330, 20, 216, 223, 20, 13),
(331, 7, 221, 224, 7, 7),
(332, 8, 221, 224, 14, 8),
(333, 9, 221, 224, 15, 9),
(334, 10, 221, 224, 7, 10),
(335, 11, 221, 224, 8, 10),
(336, 12, 221, 224, 16, 11),
(337, 13, 221, 224, 7, 7),
(338, 14, 221, 224, 7, 7),
(339, 15, 221, 224, 8, 10),
(340, 16, 221, 224, 18, 10),
(341, 17, 221, 224, 21, 12),
(342, 18, 221, 224, 24, 13),
(343, 19, 221, 224, 22, 14),
(344, 20, 221, 224, 22, 14),
(345, 21, 221, 224, 22, 15),
(346, 22, 221, 224, 22, 14),
(347, 23, 221, 224, 23, 16),
(348, 1, 229, 232, 2, 1);

-- --------------------------------------------------------

--
-- Table structure for table `steprule`
--

CREATE TABLE IF NOT EXISTS `steprule` (
  `id` int(11) NOT NULL AUTO_INCREMENT,
  `steprule_id` int(11) NOT NULL,
  `project_id` int(11) NOT NULL,
  `release_id` int(11) NOT NULL,
  `step_id` int(11) NOT NULL,
  `rule_id` int(11) NOT NULL,
  PRIMARY KEY (`id`),
  KEY `rule_id` (`rule_id`),
  KEY `step_id` (`step_id`),
  KEY `project_id` (`project_id`),
  KEY `release_id` (`release_id`)
) ENGINE=InnoDB  DEFAULT CHARSET=utf8 AUTO_INCREMENT=162 ;

--
-- Dumping data for table `steprule`
--

INSERT INTO `steprule` (`id`, `steprule_id`, `project_id`, `release_id`, `step_id`, `rule_id`) VALUES
(66, 1, 184, 165, 2, 3),
(68, 1, 199, 187, 10, 1),
(69, 1, 206, 200, 10, 1),
(70, 2, 206, 200, 32, 4),
(71, 3, 206, 200, 34, 4),
(72, 4, 206, 200, 37, 5),
(73, 2, 184, 165, 22, 4),
(74, 1, 184, 205, 2, 3),
(75, 2, 184, 205, 22, 4),
(76, 42, 206, 200, 43, 44),
(77, 43, 206, 200, 63, 45),
(78, 44, 206, 200, 70, 46),
(81, 45, 206, 200, 71, 47),
(82, 4, 215, 212, 5, 6),
(83, 5, 215, 212, 25, 7),
(84, 4, 215, 213, 5, 6),
(85, 5, 215, 213, 25, 7),
(86, 1, 208, 203, 11, 1),
(87, 2, 208, 203, 11, 2),
(88, 3, 208, 203, 11, 3),
(89, 4, 208, 203, 11, 4),
(90, 5, 208, 203, 8, 5),
(91, 6, 208, 203, 27, 6),
(92, 7, 208, 203, 31, 7),
(93, 8, 208, 203, 5, 8),
(94, 9, 208, 203, 31, 9),
(95, 10, 208, 203, 22, 10),
(96, 1, 208, 214, 11, 1),
(97, 2, 208, 214, 11, 2),
(98, 3, 208, 214, 11, 3),
(99, 4, 208, 214, 11, 4),
(100, 5, 208, 214, 8, 5),
(101, 6, 208, 214, 27, 6),
(102, 7, 208, 214, 31, 7),
(103, 8, 208, 214, 5, 8),
(104, 9, 208, 214, 31, 9),
(105, 10, 208, 214, 22, 10),
(106, 11, 208, 203, 17, 11),
(107, 12, 208, 203, 17, 12),
(108, 1, 219, 219, 11, 1),
(109, 2, 219, 219, 11, 2),
(110, 3, 219, 219, 11, 3),
(111, 4, 219, 219, 11, 4),
(112, 5, 219, 219, 8, 5),
(113, 6, 219, 219, 27, 6),
(114, 7, 219, 219, 31, 7),
(115, 8, 219, 219, 5, 8),
(116, 9, 219, 219, 31, 9),
(117, 10, 219, 219, 22, 10),
(118, 11, 219, 219, 17, 11),
(119, 12, 219, 219, 17, 12),
(120, 13, 219, 219, 8, 13),
(121, 14, 219, 219, 8, 14),
(122, 15, 219, 219, 8, 15),
(123, 16, 219, 219, 36, 16),
(124, 17, 219, 219, 35, 17),
(125, 1, 219, 220, 11, 1),
(126, 2, 219, 220, 11, 2),
(127, 3, 219, 220, 11, 3),
(128, 4, 219, 220, 11, 4),
(129, 6, 219, 220, 27, 6),
(130, 7, 219, 220, 31, 7),
(131, 9, 219, 220, 31, 9),
(132, 10, 219, 220, 22, 10),
(133, 11, 219, 220, 17, 11),
(134, 12, 219, 220, 17, 12),
(135, 13, 219, 220, 8, 13),
(136, 14, 219, 220, 8, 14),
(137, 15, 219, 220, 8, 15),
(138, 16, 219, 220, 36, 16),
(139, 17, 219, 220, 35, 17),
(140, 4, 220, 221, 14, 4),
(141, 5, 220, 221, 14, 5),
(142, 6, 220, 221, 14, 6),
(143, 7, 220, 221, 14, 7),
(144, 9, 220, 221, 30, 9),
(145, 10, 220, 221, 34, 10),
(146, 12, 220, 221, 34, 12),
(147, 13, 220, 221, 25, 13),
(148, 14, 220, 221, 20, 14),
(149, 15, 220, 221, 20, 15),
(150, 16, 220, 221, 11, 16),
(151, 17, 220, 221, 11, 17),
(152, 18, 220, 221, 11, 18),
(153, 19, 220, 221, 39, 19),
(154, 20, 220, 221, 38, 20),
(155, 1, 216, 215, 21, 2),
(156, 2, 216, 215, 21, 3),
(157, 1, 216, 223, 21, 2),
(158, 2, 216, 223, 21, 3),
(159, 4, 221, 224, 24, 5),
(160, 5, 221, 224, 24, 6),
(161, 1, 229, 232, 2, 2);

-- --------------------------------------------------------

--
-- Table structure for table `testcase`
--

CREATE TABLE IF NOT EXISTS `testcase` (
  `id` int(11) NOT NULL AUTO_INCREMENT,
  `usecase_id` int(11) DEFAULT NULL,
  `release_id` int(11) NOT NULL,
  `number` int(11) NOT NULL,
  `name` varchar(60) NOT NULL,
  `preparation` text NOT NULL,
  `active` tinyint(1) NOT NULL,
  PRIMARY KEY (`id`),
  KEY `usecase_id` (`usecase_id`),
  KEY `project_id` (`release_id`)
) ENGINE=InnoDB  DEFAULT CHARSET=utf8 AUTO_INCREMENT=76 ;

--
-- Dumping data for table `testcase`
--

INSERT INTO `testcase` (`id`, `usecase_id`, `release_id`, `number`, `name`, `preparation`, `active`) VALUES
(1, 371, 165, 1, 'Generate Test Cases(main)', 'None', 1),
(2, 382, 165, 2, 'Complete Test Run(main)', 'None', 1),
(3, 372, 165, 3, 'View Test Cases(main)', 'None', 1),
(4, 377, 165, 4, 'Edit or delete a Test Case step(main)', 'None', 1),
(5, 375, 165, 5, 'Add Test Case Step(main)', 'None', 1),
(6, 376, 165, 6, 'Change order of Test Case steps(main)', 'None', 1),
(7, 385, 165, 7, 'Add Test Cases to a Test Run(main)', 'None', 1),
(8, 385, 165, 8, 'Add Test Cases to a Test Run(A)', 'None', 1),
(9, 383, 165, 9, 'Run Tests(main)', 'None', 1),
(10, 386, 165, 10, 'Re-Run a Test Run(main)', 'None', 1),
(11, 384, 165, 11, 'View Test Results(main)', 'None', 1),
(17, 326, 199, 1, 'Become a member(main)', 'None', 1),
(18, 327, 199, 2, 'Log in(main)', 'None', 1),
(19, 328, 199, 3, 'Update profile(main)', 'None', 1),
(20, 329, 199, 4, 'View member only content(main)', 'None', 1),
(21, 330, 199, 5, 'Log out(main)', 'None', 1),
(22, 336, 201, 1, 'Create trial account(main)', 'None', 1),
(23, 337, 201, 2, 'Upgrade trial membership to full membership(main)', 'None', 1),
(24, 338, 201, 3, 'Gift a Membership(main)', 'None', 1),
(25, 336, 201, 4, 'Create trial account(main)', 'None', 1),
(26, 337, 201, 5, 'Upgrade trial membership to full membership(main)', 'None', 1),
(27, 338, 201, 6, 'Gift a Membership(main)', 'None', 1),
(28, 498, 214, 1, 'Create trial account(main)', 'None', 1),
(29, 498, 214, 2, 'Create trial account(main)', 'None', 1),
(30, 498, 214, 3, 'Create trial account(main)', 'None', 1),
(31, 498, 214, 4, 'Create trial account(A)', 'None', 1),
(32, 494, 214, 5, 'Purchase a full membership(main)', 'None', 1),
(33, 494, 214, 6, 'Purchase a full membership(A)', 'None', 1),
(34, 494, 214, 7, 'Purchase a full membership(B)', 'None', 1),
(35, 491, 214, 8, 'Gift a Membership(main)', 'None', 1),
(36, 491, 214, 9, 'Gift a Membership(A)', 'None', 1),
(37, 493, 214, 10, 'Redeem a coupon(main)', 'None', 1),
(38, 493, 214, 11, 'Redeem a coupon(A)', 'None', 1),
(39, 495, 214, 12, 'Convert a trial to full account(main)', 'None', 1),
(40, 495, 214, 13, 'Convert a trial to full account(A)', 'None', 1),
(41, 492, 214, 14, 'Send account expiry email(main)', 'None', 1),
(42, 496, 214, 15, 'Pay with Paypal(main)', 'None', 1),
(43, 497, 214, 16, 'Pay with Credit Card(main)', 'None', 1),
(46, 539, 216, 1, 'Create an Owner account(main)', 'None', 1),
(47, 539, 216, 2, 'Create an Owner account(A)', 'None', 1),
(48, 540, 216, 3, 'Log in(main)', 'None', 1),
(49, 540, 216, 4, 'Log in(A)', 'None', 1),
(50, 541, 216, 5, 'Update profile(main)', 'None', 1),
(51, 543, 216, 6, 'Invite an employee(main)', 'None', 1),
(52, 542, 216, 7, 'Log out(main)', 'None', 1),
(53, 544, 216, 8, 'View store group page(main)', 'None', 1),
(54, 545, 216, 9, 'Add Store to Group(main)', 'None', 1),
(55, 538, 216, 10, 'Request store feed(main)', 'None', 1),
(56, 559, 220, 1, 'Register as a member(main)', 'None', 1),
(57, 559, 220, 2, 'Register as a member(A)', 'None', 1),
(58, 562, 220, 3, 'Verify email address(main)', 'None', 1),
(59, 562, 220, 4, 'Verify email address(A)', 'None', 1),
(60, 560, 220, 5, 'Log in(main)', 'None', 1),
(61, 560, 220, 6, 'Log in(A)', 'None', 1),
(62, 563, 220, 7, 'Update member profile(main)', 'None', 1),
(63, 563, 220, 8, 'Update member profile(A)', 'None', 1),
(64, 561, 220, 9, 'Log Out(main)', 'None', 1),
(65, 571, 222, 1, 'Create an Owner account(main)', 'None', 1),
(66, 571, 222, 2, 'Create an Owner account(A)', 'None', 1),
(67, 572, 222, 3, 'Log in(main)', 'None', 1),
(68, 572, 222, 4, 'Log in(A)', 'None', 1),
(69, 573, 222, 5, 'Update profile(main)', 'None', 1),
(70, 575, 222, 6, 'Invite an employee(main)', 'None', 1),
(71, 574, 222, 7, 'Log out(main)', 'None', 1),
(72, 578, 222, 8, 'DPos Amin disabling a store feed(main)', 'None', 1),
(73, 576, 222, 9, 'View store group page(main)', 'None', 1),
(74, 577, 222, 10, 'Add Store to Group(main)', 'None', 1),
(75, 570, 222, 11, 'Request store feed(main)', 'None', 1);

-- --------------------------------------------------------

--
-- Table structure for table `testcaseresult`
--

CREATE TABLE IF NOT EXISTS `testcaseresult` (
  `id` int(11) NOT NULL AUTO_INCREMENT,
  `testcase_id` int(11) NOT NULL,
  `testrun_id` int(11) NOT NULL,
  `status` tinyint(1) NOT NULL,
  `modified_date` timestamp NOT NULL DEFAULT CURRENT_TIMESTAMP,
  `user_id` int(11) NOT NULL,
  PRIMARY KEY (`id`),
  KEY `testcase_id` (`testcase_id`),
  KEY `testrun_id` (`testrun_id`),
  KEY `user_id` (`user_id`)
) ENGINE=InnoDB DEFAULT CHARSET=utf8 AUTO_INCREMENT=1 ;

-- --------------------------------------------------------

--
-- Table structure for table `testresult`
--

CREATE TABLE IF NOT EXISTS `testresult` (
  `id` int(11) NOT NULL AUTO_INCREMENT,
  `testrun_id` int(11) NOT NULL,
  `teststep_id` int(11) NOT NULL,
  `user_id` int(11) NOT NULL,
  `date` timestamp NOT NULL DEFAULT CURRENT_TIMESTAMP,
  `result` tinyint(1) NOT NULL,
  `comments` text NOT NULL,
  PRIMARY KEY (`id`),
  KEY `teststep_id` (`teststep_id`),
  KEY `testrun_id` (`testrun_id`),
  KEY `date` (`date`),
  KEY `user_id` (`user_id`)
) ENGINE=InnoDB  DEFAULT CHARSET=utf8 AUTO_INCREMENT=27 ;

--
-- Dumping data for table `testresult`
--

INSERT INTO `testresult` (`id`, `testrun_id`, `teststep_id`, `user_id`, `date`, `result`, `comments`) VALUES
(1, 1, 32, 121, '2014-05-21 14:18:18', 2, 'None'),
(2, 1, 33, 121, '2014-05-21 14:18:18', 2, 'None'),
(3, 1, 34, 121, '2014-05-21 14:18:18', 4, 'None'),
(4, 2, 32, 121, '2014-05-27 12:38:09', 2, 'None'),
(5, 2, 33, 121, '2014-05-27 12:38:09', 2, 'None'),
(6, 2, 34, 121, '2014-05-27 12:38:09', 2, 'None'),
(7, 3, 39, 113, '2014-06-10 09:35:48', 2, 'None'),
(8, 3, 40, 113, '2014-06-10 09:35:48', 2, 'None'),
(9, 4, 39, 113, '2014-06-10 09:36:29', 2, 'None'),
(10, 4, 40, 113, '2014-06-10 09:36:29', 1, 'None'),
(11, 5, 275, 142, '2014-07-24 06:32:14', 2, 'None'),
(12, 5, 276, 142, '2014-07-24 06:32:14', 1, 'no input accepted'),
(13, 5, 277, 142, '2014-07-24 06:32:14', 4, 'None'),
(14, 5, 278, 142, '2014-07-24 06:32:14', 4, 'None'),
(15, 5, 279, 142, '2014-07-24 06:32:14', 4, 'None'),
(16, 5, 280, 142, '2014-07-24 06:32:14', 4, 'None'),
(17, 5, 281, 142, '2014-07-24 06:32:14', 4, 'None'),
(18, 5, 282, 142, '2014-07-24 06:32:14', 4, 'None'),
(19, 5, 283, 142, '2014-07-24 06:32:14', 4, 'None'),
(20, 5, 284, 142, '2014-07-24 06:32:14', 4, 'None'),
(21, 5, 285, 142, '2014-07-24 06:32:14', 4, 'None'),
(22, 5, 286, 142, '2014-07-24 06:32:14', 4, 'None'),
(23, 5, 287, 142, '2014-07-24 06:32:14', 4, 'None'),
(24, 5, 288, 142, '2014-07-24 06:32:14', 4, 'None'),
(25, 5, 289, 142, '2014-07-24 06:32:14', 4, 'None'),
(26, 5, 290, 142, '2014-07-24 06:32:14', 4, 'None');

-- --------------------------------------------------------

--
-- Table structure for table `testrun`
--

CREATE TABLE IF NOT EXISTS `testrun` (
  `id` int(11) NOT NULL AUTO_INCREMENT,
  `release_id` int(11) NOT NULL,
  `number` smallint(4) NOT NULL,
  `testcase_id` int(11) NOT NULL,
  `status` tinyint(1) NOT NULL,
  PRIMARY KEY (`id`),
  KEY `release_id` (`release_id`),
  KEY `testcase_id` (`testcase_id`)
) ENGINE=InnoDB  DEFAULT CHARSET=utf8 AUTO_INCREMENT=6 ;

--
-- Dumping data for table `testrun`
--

INSERT INTO `testrun` (`id`, `release_id`, `number`, `testcase_id`, `status`) VALUES
(1, 199, 1, 17, 3),
(2, 199, 2, 17, 3),
(3, 201, 1, 22, 3),
(4, 201, 2, 22, 3),
(5, 222, 1, 65, 3);

-- --------------------------------------------------------

--
-- Table structure for table `teststep`
--

CREATE TABLE IF NOT EXISTS `teststep` (
  `id` int(11) NOT NULL AUTO_INCREMENT,
  `testcase_id` int(11) NOT NULL,
  `number` varchar(30) NOT NULL,
  `action` text NOT NULL,
  `result` text NOT NULL,
  `link` varchar(20) DEFAULT NULL,
  PRIMARY KEY (`id`),
  KEY `testcase_id` (`testcase_id`)
) ENGINE=InnoDB  DEFAULT CHARSET=utf8 AUTO_INCREMENT=319 ;

--
-- Dumping data for table `teststep`
--

INSERT INTO `teststep` (`id`, `testcase_id`, `number`, `action`, `result`, `link`) VALUES
(1, 1, '1', 'Actor action.', 'System result.', NULL),
(2, 2, '1', 'Actor action.', 'System result.', NULL),
(3, 3, '1', 'Actor action.', 'System result.', NULL),
(4, 4, '1', 'Actor action.', 'System result.', NULL),
(5, 5, '1', 'Actor action.', 'System result.', NULL),
(6, 6, '1', 'Actor action.', 'System result.', NULL),
(7, 7, '1', 'Actor chooses to ''Create a Test Run''', 'System displays a list of Test Cases for the release.', NULL),
(8, 7, '1', 'Confirm Form Property', 'UF-0002 Test Run Create - field: Select a Test Case', NULL),
(9, 7, '2', 'Confirm Form Property', 'UF-0002 Test Run Create - field: Submit Button', NULL),
(10, 7, '1', 'Validate Business Rule', 'BR-0004 Test Run must have at least one Test Case', NULL),
(11, 7, '1', 'Confirm User Interface', 'IF-0002 Test Case List', NULL),
(12, 7, '2', 'Confirm User Interface', 'IF-0003 Test Run Create', NULL),
(13, 7, '2', 'Actor selects which Test Cases are to be added to the Test Run.', 'System Creates the Test Run and relationship to the Test Cases that make it up.', NULL),
(14, 7, '1', 'Confirm Form Property', 'UF-0002 Test Run Create - field: Select a Test Case', NULL),
(15, 7, '2', 'Confirm Form Property', 'UF-0002 Test Run Create - field: Submit Button', NULL),
(16, 7, '3', 'Actor submits the Test Run Create form.', 'System validates the input and creates the Test Run. The Test Run List page is displayed', NULL),
(17, 7, '1', 'Confirm User Interface', 'IF-0004 Test Run List', NULL),
(18, 8, '3', 'Actor chooses to ''Create a Test Run''', 'System displays a list of Test Cases for the release.', NULL),
(19, 8, '3', 'Actor selects which Test Cases are to be added to the Test Run.', 'System Creates the Test Run and relationship to the Test Cases that make it up.', NULL),
(20, 8, '3', 'Actor submits the Test Run Create form.', 'System validates the input and creates the Test Run. The Test Run List page is displayed', NULL),
(21, 8, '4', 'Form submission fails validation.', 'Form is redisplayed with error message.', NULL),
(22, 8, '4', 'Actor submits the Test Run Create form.', 'System validates the input and creates the Test Run. The Test Run List page is displayed', NULL),
(23, 9, '1', 'Actor action.', 'System result.', NULL),
(24, 10, '1', 'Actor action.', 'System result.', NULL),
(25, 11, '1', 'Actor action.', 'System result.', NULL),
(32, 17, '1', 'Actor clicks on ''Join'' button.', 'System displays Create Account page.', NULL),
(33, 17, '1', 'Confirm User Interface', 'IF-0001 Create Account', NULL),
(34, 17, '2', 'Actor completes the Create Account Form and submits.', 'System validates form and displays the home page with the logged in status bar.', NULL),
(35, 18, '1', 'Actor action.', 'System result.', NULL),
(36, 19, '1', 'Actor action.', 'System result.', NULL),
(37, 20, '1', 'Actor action.', 'System result.', NULL),
(38, 21, '1', 'Actor action.', 'System result.', NULL),
(39, 22, '1', 'Click on register', 'System displays membership option page', NULL),
(40, 22, '1', 'Confirm User Interface', 'IF-0001 Membership option page', NULL),
(41, 23, '1', 'Select My Account', 'System displays account profile page.', NULL),
(42, 24, '1', 'Actor action.', 'System result.', NULL),
(43, 25, '1', 'Click on register', 'System displays membership option page', NULL),
(44, 25, '1', 'Confirm User Interface', 'IF-0001 Membership option page', NULL),
(45, 26, '1', 'Select My Account', 'System displays account profile page.', NULL),
(46, 27, '1', 'Actor action.', 'System result.', NULL),
(47, 28, '1', 'Actor clicks the ''Register'' link in the header.', 'System displays membership option page.', NULL),
(48, 28, '1', 'Confirm User Interface', 'IF-0015 Membership option page (trial active)', NULL),
(49, 28, '2', 'Actor selects the ''Trial Membership'' option.', 'System displays the register page (existing page).', NULL),
(50, 28, '1', 'Confirm User Interface', 'IF-0003 Account profile page', NULL),
(51, 28, '3', 'Actor completes the Registration Form and submits.', 'System validates input and displays the Email Validation Page.', NULL),
(52, 28, '1', 'Confirm Form Property', 'UF-0001 Registration Form - field: First Name', NULL),
(53, 28, '2', 'Confirm Form Property', 'UF-0001 Registration Form - field: Last Name', NULL),
(54, 28, '3', 'Confirm Form Property', 'UF-0001 Registration Form - field: Country', NULL),
(55, 28, '4', 'Confirm Form Property', 'UF-0001 Registration Form - field: Email', NULL),
(56, 28, '5', 'Confirm Form Property', 'UF-0001 Registration Form - field: Username', NULL),
(57, 28, '6', 'Confirm Form Property', 'UF-0001 Registration Form - field: Password', NULL),
(58, 28, '7', 'Confirm Form Property', 'UF-0001 Registration Form - field: Confirm password', NULL),
(59, 28, '8', 'Confirm Form Property', 'UF-0001 Registration Form - field: Agree to terms and conditions', NULL),
(60, 29, '1', 'Actor clicks the ''Register'' link in the header.', 'System displays membership option page.', NULL),
(61, 29, '1', 'Confirm User Interface', 'IF-0015 Membership option page (trial active)', NULL),
(62, 29, '2', 'Actor selects the ''Trial Membership'' option.', 'System displays the register page (existing page).', NULL),
(63, 29, '1', 'Confirm User Interface', 'IF-0003 Account profile page', NULL),
(64, 29, '3', 'Actor completes the Registration Form and submits.', 'System validates input and displays the Email Validation Page.', NULL),
(65, 29, '1', 'Confirm Form Property', 'UF-0001 Registration Form - field: First Name', NULL),
(66, 29, '2', 'Confirm Form Property', 'UF-0001 Registration Form - field: Last Name', NULL),
(67, 29, '3', 'Confirm Form Property', 'UF-0001 Registration Form - field: Country', NULL),
(68, 29, '4', 'Confirm Form Property', 'UF-0001 Registration Form - field: Email', NULL),
(69, 29, '5', 'Confirm Form Property', 'UF-0001 Registration Form - field: Username', NULL),
(70, 29, '6', 'Confirm Form Property', 'UF-0001 Registration Form - field: Password', NULL),
(71, 29, '7', 'Confirm Form Property', 'UF-0001 Registration Form - field: Confirm password', NULL),
(72, 29, '8', 'Confirm Form Property', 'UF-0001 Registration Form - field: Agree to terms and conditions', NULL),
(73, 30, '1', 'Actor clicks the ''Register'' link in the header.', 'System displays membership option page.', NULL),
(74, 30, '1', 'Confirm User Interface', 'IF-0015 Membership option page (trial active)', NULL),
(75, 30, '2', 'Actor selects the ''Trial Membership'' option.', 'System displays the register page (existing page).', NULL),
(76, 30, '1', 'Confirm User Interface', 'IF-0003 Account profile page', NULL),
(77, 30, '3', 'Actor completes the Registration Form and submits.', 'System validates input and displays the Email Validation Page.', NULL),
(78, 30, '1', 'Confirm Form Property', 'UF-0001 Registration Form - field: First Name', NULL),
(79, 30, '2', 'Confirm Form Property', 'UF-0001 Registration Form - field: Last Name', NULL),
(80, 30, '3', 'Confirm Form Property', 'UF-0001 Registration Form - field: Country', NULL),
(81, 30, '4', 'Confirm Form Property', 'UF-0001 Registration Form - field: Email', NULL),
(82, 30, '5', 'Confirm Form Property', 'UF-0001 Registration Form - field: Username', NULL),
(83, 30, '6', 'Confirm Form Property', 'UF-0001 Registration Form - field: Password', NULL),
(84, 30, '7', 'Confirm Form Property', 'UF-0001 Registration Form - field: Confirm password', NULL),
(85, 30, '8', 'Confirm Form Property', 'UF-0001 Registration Form - field: Agree to terms and conditions', NULL),
(86, 30, '1', 'Validate Business Rule', 'BR-0005 One trial membership per account.', NULL),
(87, 30, '1', 'Confirm User Interface', 'IF-0004 Email Validation Page', NULL),
(88, 31, '3', 'Actor clicks the ''Register'' link in the header.', 'System displays membership option page.', NULL),
(89, 31, '3', 'Actor selects the ''Trial Membership'' option.', 'System displays the register page (existing page).', NULL),
(90, 31, '3', 'Actor completes the Registration Form and submits.', 'System validates input and displays the Email Validation Page.', NULL),
(91, 31, '4', 'Form fails validation', 'Form is redisplayed with errors highlighted.', NULL),
(92, 31, '4', 'Actor completes the Registration Form and submits.', 'System validates input and displays the Email Validation Page.', NULL),
(93, 32, '1', 'Actor selects register link from the page header, or log-in pop-up.', 'System displays the membership option page.', NULL),
(94, 32, '1', 'Validate Business Rule', 'BR-0008 Trial membership option inactive', NULL),
(95, 32, '1', 'Confirm User Interface', 'IF-0001 Membership option page', NULL),
(96, 32, '2', 'Confirm User Interface', 'IF-0015 Membership option page (trial active)', NULL),
(97, 32, '2', 'Actor selects either the ''Full Membership Yearly'' or ''Full Membership Monthly'' link.', 'System displays the registration form.', NULL),
(98, 32, '1', 'Confirm Form Property', 'UF-0001 Registration Form - field: First Name', NULL),
(99, 32, '2', 'Confirm Form Property', 'UF-0001 Registration Form - field: Last Name', NULL),
(100, 32, '3', 'Confirm Form Property', 'UF-0001 Registration Form - field: Country', NULL),
(101, 32, '4', 'Confirm Form Property', 'UF-0001 Registration Form - field: Email', NULL),
(102, 32, '5', 'Confirm Form Property', 'UF-0001 Registration Form - field: Username', NULL),
(103, 32, '6', 'Confirm Form Property', 'UF-0001 Registration Form - field: Password', NULL),
(104, 32, '7', 'Confirm Form Property', 'UF-0001 Registration Form - field: Confirm password', NULL),
(105, 32, '8', 'Confirm Form Property', 'UF-0001 Registration Form - field: Agree to terms and conditions', NULL),
(106, 32, '3', 'Actor completes registration form and chooses the ''Pay by Paypal'' or ''Pay With Credit Card'' button.', 'System validates the form input and then redirects to the payment service for payment handling.', NULL),
(107, 32, '1', 'Confirm User Interface', 'IF-0009 New paid account profile page', NULL),
(108, 32, '4', 'Actor completes payment process.', 'System redirects to the ''My Profile'' page.', NULL),
(109, 32, '1', 'Confirm User Interface', 'IF-0010 My Profile Page', NULL),
(110, 33, '4', 'Actor selects register link from the page header, or log-in pop-up.', 'System displays the membership option page.', NULL),
(111, 33, '4', 'Actor selects either the ''Full Membership Yearly'' or ''Full Membership Monthly'' link.', 'System displays the registration form.', NULL),
(112, 33, '4', 'Actor completes registration form and chooses the ''Pay by Paypal'' or ''Pay With Credit Card'' button.', 'System validates the form input and then redirects to the payment service for payment handling.', NULL),
(113, 33, '5', 'Form fails validation.', 'Form redisplays with errors highlighted.', NULL),
(114, 33, '5', 'Actor completes registration form and chooses the ''Pay by Paypal'' or ''Pay With Credit Card'' button.', 'System validates the form input and then redirects to the payment service for payment handling.', NULL),
(115, 33, '5', 'Actor completes payment process.', 'System redirects to the ''My Profile'' page.', NULL),
(116, 34, '5', 'Actor selects register link from the page header, or log-in pop-up.', 'System displays the membership option page.', NULL),
(117, 34, '5', 'Actor selects either the ''Full Membership Yearly'' or ''Full Membership Monthly'' link.', 'System displays the registration form.', NULL),
(118, 34, '5', 'Actor completes registration form and chooses the ''Pay by Paypal'' or ''Pay With Credit Card'' button.', 'System validates the form input and then redirects to the payment service for payment handling.', NULL),
(119, 34, '6', 'A coupon is used to purchase the membership. ', 'See ''Redeem a Coupon'' use case.', NULL),
(120, 34, '6', 'Actor completes registration form and chooses the ''Pay by Paypal'' or ''Pay With Credit Card'' button.', 'System validates the form input and then redirects to the payment service for payment handling.', NULL),
(121, 34, '6', 'Actor completes payment process.', 'System redirects to the ''My Profile'' page.', NULL),
(122, 35, '1', 'Actor selects the Register link.', 'System displays the Membership Option Page.', NULL),
(123, 35, '1', 'Confirm User Interface', 'IF-0001 Membership option page', NULL),
(124, 35, '2', 'Actor selects the ''Gift a Membership'' option.', 'System displays the Gift a Membership page', NULL),
(125, 35, '1', 'Confirm Form Property', 'UF-0002 Gift a Membership - field: First Name (purchaser)', NULL),
(126, 35, '2', 'Confirm Form Property', 'UF-0002 Gift a Membership - field: Last Name (purchaser)', NULL),
(127, 35, '3', 'Confirm Form Property', 'UF-0002 Gift a Membership - field: email (purchaser)', NULL),
(128, 35, '4', 'Confirm Form Property', 'UF-0002 Gift a Membership - field: First Name (recipient)', NULL),
(129, 35, '5', 'Confirm Form Property', 'UF-0002 Gift a Membership - field: Last Name (recipient)', NULL),
(130, 35, '6', 'Confirm Form Property', 'UF-0002 Gift a Membership - field: email (recipient)', NULL),
(131, 35, '7', 'Confirm Form Property', 'UF-0002 Gift a Membership - field: Membership Type', NULL),
(132, 35, '8', 'Confirm Form Property', 'UF-0002 Gift a Membership - field: Personal Message', NULL),
(133, 35, '1', 'Confirm User Interface', 'IF-0011 Gift a Membership', NULL),
(134, 35, '3', 'Actor completes form and selects either the ''Pay with Paypal'' or ''Pay with Credit Card'' button.', 'System redirects the user to the chosen payment service.', NULL),
(135, 35, '4', 'no action', 'System creates a coupon in the Paid Membership Pro coupon system and emails the purchaser a confirmation of purchase with the gift certificate attached.', NULL),
(136, 35, '1', 'Validate Business Rule', 'BR-0007 Coupon has a unique number', NULL),
(137, 35, '2', 'Validate Business Rule', 'BR-0009 Personalised message included in pdf', NULL),
(138, 35, '1', 'Confirm User Interface', 'IF-0013 Gift purchase confirmation email', NULL),
(139, 35, '2', 'Confirm User Interface', 'IF-0014 Gift Certificate pdf attachment', NULL),
(140, 36, '4', 'Actor selects the Register link.', 'System displays the Membership Option Page.', NULL),
(141, 36, '5', 'Actor clicks a banner ad within the site for ''Gift a Membership,.', 'System displays the Gift a Membership page.', NULL),
(142, 36, '5', 'Actor completes form and selects either the ''Pay with Paypal'' or ''Pay with Credit Card'' button.', 'System redirects the user to the chosen payment service.', NULL),
(143, 36, '5', 'no action', 'System creates a coupon in the Paid Membership Pro coupon system and emails the purchaser a confirmation of purchase with the gift certificate attached.', NULL),
(144, 37, '1', 'Actor types in the ''Coupon'' field at the top of the registration form.', 'System matches the value entered into the field via Ajax after the correct number of characters are typed. ', NULL),
(145, 37, '2', 'Actor enters a matching Coupon number.', 'System redisplays the registration page showing the coupon amount deducted from the total due.', NULL),
(146, 37, '1', 'Validate Business Rule', 'BR-0006 No payment buttons show if a coupon is used.', NULL),
(147, 37, '3', 'Actor clicks the ''submit'' button.', 'System validates the form entries, creates the membership and redirects to ''My Profile'' (existing member) or ''Email Validation Page'' (new member).', NULL),
(148, 37, '1', 'Confirm User Interface', 'IF-0004 Email Validation Page', NULL),
(149, 37, '2', 'Confirm User Interface', 'IF-0010 My Profile Page', NULL),
(150, 38, '3', 'Actor types in the ''Coupon'' field at the top of the registration form.', 'System matches the value entered into the field via Ajax after the correct number of characters are typed. ', NULL),
(151, 38, '3', 'Actor enters a matching Coupon number.', 'System redisplays the registration page showing the coupon amount deducted from the total due.', NULL),
(152, 38, '4', 'Actor enters a non-matching coupon number.', 'System displays an error message ''The coupon code you have entered is incorrect''.', NULL),
(153, 38, '4', 'Actor enters a matching Coupon number.', 'System redisplays the registration page showing the coupon amount deducted from the total due.', NULL),
(154, 38, '4', 'Actor clicks the ''submit'' button.', 'System validates the form entries, creates the membership and redirects to ''My Profile'' (existing member) or ''Email Validation Page'' (new member).', NULL),
(155, 39, '1', 'Actor chooses to view their account profile.', 'System displays account profile page.', NULL),
(156, 39, '2', 'Actor selects ''Change membership level'' link at bottom of page.', 'System displays select membership type page.', NULL),
(157, 39, '1', 'Validate Business Rule', 'BR-0010 Membership type has expired warning', NULL),
(158, 39, '1', 'Confirm User Interface', 'IF-0012 Select Membership Type', NULL),
(159, 40, '2', 'Actor chooses to view their account profile.', 'System displays account profile page.', NULL),
(160, 40, '2', 'Actor selects ''Change membership level'' link at bottom of page.', 'System displays select membership type page.', NULL),
(161, 40, '3', 'Actor attempts to view member only content.', 'System redirect actor to Select Membership Type page.', NULL),
(162, 40, '3', 'Actor selects ''Change membership level'' link at bottom of page.', 'System displays select membership type page.', NULL),
(163, 41, '1', 'Actor initiates process.', 'System checks to see if any accounts should have reminder emails sent and sends the emails.', NULL),
(164, 41, '1', 'Validate Business Rule', 'BR-0001 Send email reminder 7 days before membership expires', NULL),
(165, 41, '2', 'Validate Business Rule', 'BR-0002 Send email reminder 30 days before membership expires', NULL),
(166, 41, '3', 'Validate Business Rule', 'BR-0003 Send email notice when a paid account has expired', NULL),
(167, 41, '4', 'Validate Business Rule', 'BR-0004 Send email notice when a trial account has expired', NULL),
(168, 41, '1', 'Confirm User Interface', 'IF-0005 Membership expires in 30 days', NULL),
(169, 41, '2', 'Confirm User Interface', 'IF-0006 Membership expires in 7 days', NULL),
(170, 41, '3', 'Confirm User Interface', 'IF-0007 Trial Membership has expired', NULL),
(171, 41, '4', 'Confirm User Interface', 'IF-0008 Paid Membership Expired', NULL),
(172, 42, '1', 'Actor chooses to pay with Paypal.', 'System redirects to Paypal site to complete payment.', NULL),
(173, 42, '2', 'Actor completes Paypal payment successfully.', 'System redirects back to My Profile page.', NULL),
(174, 43, '1', 'Actor selects to pay with credit card.', 'System redirects to EWay site to complete payment.', NULL),
(175, 43, '2', 'Actor completes the payment on Eway.', 'System redirects back to My Account page.', NULL),
(178, 46, '1', 'Actor clicks on create account link.', 'System displays   [[UI:4]]   page.', NULL),
(179, 46, '1', 'Confirm Form Property', 'UF-0001 Create Account - field: FirstName', '216_3_1'),
(180, 46, '2', 'Confirm Form Property', 'UF-0001 Create Account - field: Last Name', '216_3_2'),
(181, 46, '3', 'Confirm Form Property', 'UF-0001 Create Account - field: Email', '216_3_3'),
(182, 46, '4', 'Confirm Form Property', 'UF-0001 Create Account - field: Password', '216_3_4'),
(183, 46, '5', 'Confirm Form Property', 'UF-0001 Create Account - field: Password confirm', '216_3_5'),
(184, 46, '1', 'Confirm User Interface', 'IF-0001 Create Account', '216_12_4'),
(185, 46, '2', 'Confirm User Interface', 'IF-0004 Public Home Page', '216_12_7'),
(186, 46, '2', 'Actor completes the  [[UF:4]]  and submits.', 'System validates form and displays the validate email screen.', NULL),
(187, 46, '1', 'Confirm Form Property', 'UF-0001 Create Account - field: FirstName', '216_3_1'),
(188, 46, '2', 'Confirm Form Property', 'UF-0001 Create Account - field: Last Name', '216_3_2'),
(189, 46, '3', 'Confirm Form Property', 'UF-0001 Create Account - field: Email', '216_3_3'),
(190, 46, '4', 'Confirm Form Property', 'UF-0001 Create Account - field: Password', '216_3_4'),
(191, 46, '5', 'Confirm Form Property', 'UF-0001 Create Account - field: Password confirm', '216_3_5'),
(192, 46, '3', 'No action.', 'System sends welcome email to User email account.', NULL),
(193, 46, '1', 'Confirm User Interface', 'IF-0003 Welcome Email', '216_12_6'),
(194, 47, '3', 'Actor clicks on create account link.', 'System displays   [[UI:4]]   page.', NULL),
(195, 47, '3', 'Actor completes the  [[UF:4]]  and submits.', 'System validates form and displays the validate email screen.', NULL),
(196, 47, '4', 'Form fails validation.', 'Form is redisplayed with errors highlighted.', NULL),
(197, 47, '1', 'Confirm User Interface', 'IF-0002 Error highlight style', '216_12_5'),
(198, 47, '4', 'Actor completes the  [[UF:4]]  and submits.', 'System validates form and displays the validate email screen.', NULL),
(199, 47, '4', 'No action.', 'System sends welcome email to User email account.', NULL),
(200, 48, '1', 'Actor selects log-in link on  [[UI:7]] ', 'System displays log in form.', NULL),
(201, 48, '1', 'Confirm User Interface', 'IF-0004 Public Home Page', '216_12_7'),
(202, 48, '2', 'Actor completes log in form and submits.', 'System validates form and redirects to Store Group Page.', NULL),
(203, 48, '1', 'Confirm User Interface', 'IF-0005 Store Group Page', '216_12_8'),
(204, 49, '2', 'Actor selects log-in link on  [[UI:7]] ', 'System displays log in form.', NULL),
(205, 49, '2', 'Actor completes log in form and submits.', 'System validates form and redirects to Store Group Page.', NULL),
(206, 49, '3', 'Form fails validation.', 'Form redisplays with errors highlighted.', NULL),
(207, 49, '3', 'Actor completes log in form and submits.', 'System validates form and redirects to Store Group Page.', NULL),
(208, 50, '1', 'Actor action.', 'System result.', NULL),
(209, 51, '1', 'Actor action.', 'System result.', NULL),
(210, 52, '1', 'Actor action.', 'System result.', NULL),
(211, 53, '1', 'Actor action.', 'System result.', NULL),
(212, 54, '1', 'Actor clicks the ''Add a Store'' button on the  [[UI:7]] .', 'System displays  [[UF:6]] .', NULL),
(213, 54, '1', 'Confirm Form Property', 'UF-0004 Store Form - field: Name', '216_3_7'),
(214, 54, '2', 'Confirm Form Property', 'UF-0004 Store Form - field: Street Address', '216_3_8'),
(215, 54, '3', 'Confirm Form Property', 'UF-0004 Store Form - field: Address City', '216_3_9'),
(216, 54, '4', 'Confirm Form Property', 'UF-0004 Store Form - field: Address State', '216_3_10'),
(217, 54, '5', 'Confirm Form Property', 'UF-0004 Store Form - field: Address Country', '216_3_11'),
(218, 54, '1', 'Confirm User Interface', 'IF-0004 Public Home Page', '216_12_7'),
(219, 55, '1', 'Actor action.', 'System result.', NULL),
(220, 56, '1', 'Actor clicks the ''Register'' link in the header.', 'System displays the  [[UI:18]] .', NULL),
(221, 56, '1', 'Confirm User Interface', 'IF-0015 Register Page', '220_12_18'),
(222, 56, '2', 'Actor completes the    [[UF:1]]    and submits.', 'System validates input creates member account record and displays the   [[UI:7]]  .', NULL),
(223, 56, '1', 'Confirm Form Property', 'UF-0001 Registration Form - field: First Name', '220_3_1'),
(224, 56, '2', 'Confirm Form Property', 'UF-0001 Registration Form - field: Last Name', '220_3_2'),
(225, 56, '3', 'Confirm Form Property', 'UF-0001 Registration Form - field: Country', '220_3_3'),
(226, 56, '4', 'Confirm Form Property', 'UF-0001 Registration Form - field: Email', '220_3_4'),
(227, 56, '5', 'Confirm Form Property', 'UF-0001 Registration Form - field: Username', '220_3_5'),
(228, 56, '6', 'Confirm Form Property', 'UF-0001 Registration Form - field: Password', '220_3_6'),
(229, 56, '7', 'Confirm Form Property', 'UF-0001 Registration Form - field: Confirm password', '220_3_7'),
(230, 56, '8', 'Confirm Form Property', 'UF-0001 Registration Form - field: Agree to terms and conditions', '220_3_8'),
(231, 56, '1', 'Validate Business Rule', 'BR-0013 Password and Password Confirm must match', '220_1_13'),
(232, 56, '2', 'Validate Business Rule', 'BR-0014 Password complexity', '220_1_14'),
(233, 56, '3', 'Validate Business Rule', 'BR-0015 Passwords stored encrypted', '220_1_15'),
(234, 56, '1', 'Confirm User Interface', 'IF-0004 Email Validation Page', '220_12_7'),
(235, 57, '2', 'Actor clicks the ''Register'' link in the header.', 'System displays the  [[UI:18]] .', NULL),
(236, 57, '2', 'Actor completes the    [[UF:1]]    and submits.', 'System validates input creates member account record and displays the   [[UI:7]]  .', NULL),
(237, 57, '3', 'Form fails validation', 'Form is redisplayed with errors highlighted.', NULL),
(238, 57, '3', 'Actor completes the    [[UF:1]]    and submits.', 'System validates input creates member account record and displays the   [[UI:7]]  .', NULL),
(239, 58, '1', 'Actor clicks the verify link in the  [[UI:9]] ', 'System displays the  [[UI:21]] ', NULL),
(240, 58, '1', 'Validate Business Rule', 'BR-0016 ''Verify link'' format', '220_1_16'),
(241, 58, '1', 'Confirm User Interface', 'IF-0006 Member Welcome Email', '220_12_9'),
(242, 58, '2', 'Confirm User Interface', 'IF-0018 Welcome Page', '220_12_21'),
(243, 59, '1', 'Actor clicks the verify link in the  [[UI:9]] ', 'System displays the  [[UI:21]] ', NULL),
(244, 59, '2', 'Verify link is incorrect or expired.', ' [[UI:23]]  is displayed.', NULL),
(245, 59, '1', 'Confirm User Interface', 'IF-0020 Sorry Page', '220_12_23'),
(246, 59, '2', 'Actor clicks the verify link in the  [[UI:9]] ', 'System displays the  [[UI:21]] ', NULL),
(247, 60, '1', 'Actor selects log-in from the   [[UI:19]]  .', 'System displays the   [[UI:20]]  .', NULL),
(248, 60, '1', 'Confirm User Interface', 'IF-0016 Home Page', '220_12_19'),
(249, 60, '2', 'Confirm User Interface', 'IF-0017 log-in pop-up', '220_12_20'),
(250, 60, '2', 'Actor completes the    [[UF:3]]    and submits.', 'System validates the form fields and changes the session to a logged-in member session.', NULL),
(251, 60, '1', 'Confirm Form Property', 'UF-0003 Log In Form - field: Username', '220_3_17'),
(252, 60, '2', 'Confirm Form Property', 'UF-0003 Log In Form - field: Password', '220_3_18'),
(253, 61, '2', 'Actor selects log-in from the   [[UI:19]]  .', 'System displays the   [[UI:20]]  .', NULL),
(254, 61, '2', 'Actor completes the    [[UF:3]]    and submits.', 'System validates the form fields and changes the session to a logged-in member session.', NULL),
(255, 61, '3', 'Form fails validation.', 'Form redisplays with errors highlighted.', NULL),
(256, 61, '3', 'Actor completes the    [[UF:3]]    and submits.', 'System validates the form fields and changes the session to a logged-in member session.', NULL),
(257, 62, '1', 'Actor clicks their name in the page header.', 'System displays the  [[UI:13]] ', NULL),
(258, 62, '1', 'Confirm User Interface', 'IF-0010 My Profile Page', '220_12_13'),
(259, 62, '2', 'Actor select the edit option.', 'System displays the  [[UF:4]] ', NULL),
(260, 62, '1', 'Confirm Form Property', 'UF-0004 Member Profile Form - field: First Name', '220_3_19'),
(261, 62, '2', 'Confirm Form Property', 'UF-0004 Member Profile Form - field: Last Name', '220_3_20'),
(262, 62, '3', 'Confirm Form Property', 'UF-0004 Member Profile Form - field: Email', '220_3_22'),
(263, 62, '4', 'Confirm Form Property', 'UF-0004 Member Profile Form - field: Avatar', '220_3_21'),
(264, 62, '3', 'Actor updates form values and submits.', 'System validates form and re-displays  [[UI:13]] ', NULL),
(265, 62, '1', 'Confirm User Interface', 'IF-0010 My Profile Page', '220_12_13'),
(266, 63, '3', 'Actor clicks their name in the page header.', 'System displays the  [[UI:13]] ', NULL),
(267, 63, '3', 'Actor select the edit option.', 'System displays the  [[UF:4]] ', NULL),
(268, 63, '3', 'Actor updates form values and submits.', 'System validates form and re-displays  [[UI:13]] ', NULL),
(269, 63, '4', 'Form fails validation', 'System redisplays form with errors highlighted', NULL),
(270, 63, '1', 'Confirm User Interface', 'IF-0019 Error highlight style', '220_12_22'),
(271, 63, '4', 'Actor updates form values and submits.', 'System validates form and re-displays  [[UI:13]] ', NULL),
(272, 64, '1', 'Actor selects the Log Out link in the page header.', 'System ends the logged in session and displays the  [[UI:19]] ', NULL),
(273, 64, '1', 'Validate Business Rule', 'BR-0017 Log out link display', '220_1_17'),
(274, 64, '1', 'Confirm User Interface', 'IF-0016 Home Page', '220_12_19'),
(275, 65, '1', 'Actor clicks on create account link.', 'System displays   [[UI:4]]   page.', NULL),
(276, 65, '1', 'Confirm Form Property', 'UF-0001 Create Account - field: FirstName', '222_3_1'),
(277, 65, '2', 'Confirm Form Property', 'UF-0001 Create Account - field: Last Name', '222_3_2'),
(278, 65, '3', 'Confirm Form Property', 'UF-0001 Create Account - field: Email', '222_3_3'),
(279, 65, '4', 'Confirm Form Property', 'UF-0001 Create Account - field: Password', '222_3_4'),
(280, 65, '5', 'Confirm Form Property', 'UF-0001 Create Account - field: Password confirm', '222_3_5'),
(281, 65, '1', 'Confirm User Interface', 'IF-0001 Create Account', '222_12_4'),
(282, 65, '2', 'Confirm User Interface', 'IF-0004 Public Home Page', '222_12_7'),
(283, 65, '2', 'Actor completes the  [[UF:4]]  and submits.', 'System validates form and displays the validate email screen.', NULL),
(284, 65, '1', 'Confirm Form Property', 'UF-0001 Create Account - field: FirstName', '222_3_1'),
(285, 65, '2', 'Confirm Form Property', 'UF-0001 Create Account - field: Last Name', '222_3_2'),
(286, 65, '3', 'Confirm Form Property', 'UF-0001 Create Account - field: Email', '222_3_3'),
(287, 65, '4', 'Confirm Form Property', 'UF-0001 Create Account - field: Password', '222_3_4'),
(288, 65, '5', 'Confirm Form Property', 'UF-0001 Create Account - field: Password confirm', '222_3_5'),
(289, 65, '3', 'No action.', 'System sends welcome email to User email account.', NULL),
(290, 65, '1', 'Confirm User Interface', 'IF-0003 Welcome Email', '222_12_6'),
(291, 66, '3', 'Actor clicks on create account link.', 'System displays   [[UI:4]]   page.', NULL),
(292, 66, '3', 'Actor completes the  [[UF:4]]  and submits.', 'System validates form and displays the validate email screen.', NULL),
(293, 66, '4', 'Form fails validation.', 'Form is redisplayed with errors highlighted.', NULL),
(294, 66, '1', 'Confirm User Interface', 'IF-0002 Error highlight style', '222_12_5'),
(295, 66, '4', 'Actor completes the  [[UF:4]]  and submits.', 'System validates form and displays the validate email screen.', NULL),
(296, 66, '4', 'No action.', 'System sends welcome email to User email account.', NULL),
(297, 67, '1', 'Actor selects log-in link on  [[UI:7]] ', 'System displays log in form.', NULL),
(298, 67, '1', 'Confirm User Interface', 'IF-0004 Public Home Page', '222_12_7'),
(299, 67, '2', 'Actor completes log in form and submits.', 'System validates form and redirects to Store Group Page.', NULL),
(300, 67, '1', 'Confirm User Interface', 'IF-0005 Store Group Page', '222_12_8'),
(301, 68, '2', 'Actor selects log-in link on  [[UI:7]] ', 'System displays log in form.', NULL),
(302, 68, '2', 'Actor completes log in form and submits.', 'System validates form and redirects to Store Group Page.', NULL),
(303, 68, '3', 'Form fails validation.', 'Form redisplays with errors highlighted.', NULL),
(304, 68, '3', 'Actor completes log in form and submits.', 'System validates form and redirects to Store Group Page.', NULL),
(305, 69, '1', 'Owner logs into Cloud system', 'Owner selects  Update Details link from dashboard', NULL),
(306, 70, '1', 'Owner selects create new employee link from their dashboard.', 'Form is loaded with employee details- (login, psw, security options).', NULL),
(307, 70, '2', 'Actor ...', 'System ...', NULL),
(308, 71, '1', 'User selects Log Out link from dashboard', 'User is logged out and page returns to home login screen,', NULL),
(309, 72, '1', 'DPos administrator logs into cloud pos maintenance', 'Administrator the disables the stores live feed.', NULL),
(310, 73, '1', 'Actor action.', 'System result.', NULL),
(311, 74, '1', 'Actor clicks the ''Add a Store'' button on the  [[UI:7]] .', 'System displays  [[UF:6]] .', NULL),
(312, 74, '1', 'Confirm Form Property', 'UF-0004 Store Form - field: Name', '222_3_7'),
(313, 74, '2', 'Confirm Form Property', 'UF-0004 Store Form - field: Street Address', '222_3_8'),
(314, 74, '3', 'Confirm Form Property', 'UF-0004 Store Form - field: Address City', '222_3_9'),
(315, 74, '4', 'Confirm Form Property', 'UF-0004 Store Form - field: Address State', '222_3_10'),
(316, 74, '5', 'Confirm Form Property', 'UF-0004 Store Form - field: Address Country', '222_3_11'),
(317, 74, '1', 'Confirm User Interface', 'IF-0004 Public Home Page', '222_12_7'),
(318, 75, '1', 'Actor action.', 'System result.', NULL);

-- --------------------------------------------------------

--
-- Table structure for table `usecase`
--

CREATE TABLE IF NOT EXISTS `usecase` (
  `id` int(11) NOT NULL AUTO_INCREMENT,
  `usecase_id` int(11) NOT NULL,
  `project_id` int(11) NOT NULL,
  `release_id` int(11) NOT NULL,
  `package_id` int(11) NOT NULL,
  `number` varchar(30) NOT NULL,
  `actor_id` int(11) NOT NULL,
  `name` varchar(255) NOT NULL,
  `description` text NOT NULL,
  `preconditions` text NOT NULL,
  PRIMARY KEY (`id`),
  KEY `package_id` (`package_id`),
  KEY `usecase_id` (`usecase_id`),
  KEY `release_id` (`release_id`),
  KEY `project_id` (`project_id`)
) ENGINE=InnoDB  DEFAULT CHARSET=utf8 AUTO_INCREMENT=615 ;

--
-- Dumping data for table `usecase`
--

INSERT INTO `usecase` (`id`, `usecase_id`, `project_id`, `release_id`, `package_id`, `number`, `actor_id`, `name`, `description`, `preconditions`) VALUES
(222, 1, 184, 165, 1, '1', 2, 'Become a member', 'This usecase describes the process of member of the public registering for the account.', 'None'),
(223, 2, 184, 165, 1, '2', 1, 'Log in', 'This usecase describes the process of registered member logging into the system', 'None'),
(224, 3, 184, 165, 2, '1', 1, 'Create simple requirement category', 'This usecase describes the process of a user creating a category of simple requirements that will form a section in the requirements document.', 'A project must be created, user must have edit permission.'),
(225, 4, 184, 165, 2, '2', 1, 'Create simple requiremen', 'This usecase describes the process of creating a text or image requirement within a Simple Requirement Category.', 'None'),
(226, 4, 184, 165, 2, '2', 1, 'Create simple requirement', 'This usecase describes the process of creating a text or image requirement within a Simple Requirement Category.', 'None'),
(227, 5, 184, 165, 3, '1', 1, 'Create a library item', 'This usecase describes the process of ...', 'None'),
(228, 6, 184, 165, 3, '2', 1, 'Import a library project', 'This usecase describes the process of a user copying a library project into another project.', 'None'),
(241, 1, 193, 177, 1, '3', 1, 'Import a module', 'This usecase describes the process of ...', 'None'),
(246, 1, 199, 186, 2, '3', 1, 'Become a member', 'This usecase describes the process of registering an account on the system and becoming a member', 'None'),
(247, 2, 199, 186, 2, '4', 2, 'Log in', 'This usecase describes the process of a member authenticating themselves and logging on to their account.', 'User must have an account'),
(248, 3, 199, 186, 2, '5', 2, 'Update profile', 'This usecase describes the process of updating their account profile', 'None'),
(249, 4, 199, 186, 2, '6', 1, 'View member only content', 'This usecase describes the process of a user viewing content that is access controlled.', 'None'),
(250, 5, 199, 186, 2, '7', 2, 'Log out', 'This usecase describes the process of member completing their session and logging out of their account.', 'Member must be logged in.'),
(251, 1, 199, 187, 2, '1', 1, 'Become a member', 'This usecase describes the process of registering an account on the system and becoming a member', 'None'),
(252, 2, 199, 187, 2, '4', 2, 'Log in', 'This usecase describes the process of a member authenticating themselves and logging on to their account.', 'User must have an account'),
(253, 3, 199, 187, 2, '5', 2, 'Update profile', 'This usecase describes the process of updating their account profile', 'None'),
(254, 4, 199, 187, 2, '3', 1, 'View member only content', 'This usecase describes the process of a user viewing content that is access controlled.', 'None'),
(255, 5, 199, 187, 2, '6', 2, 'Log out', 'This usecase describes the process of member completing their session and logging out of their account.', 'Member must be logged in.'),
(256, 7, 184, 165, 2, '3', 1, 'Create actor', 'This usecase describes the process of a member defining an actor for a project.', 'None'),
(257, 8, 184, 165, 2, '9', 1, 'Actor inheritance', 'This usecase describes the process of ...', 'None'),
(258, 8, 184, 165, 2, '4', 1, 'Actor inheritance', 'This usecase describes the process of defining an inheritance relationship between two actors.', 'None'),
(259, 2, 184, 165, 1, '2', 1, 'Log in', 'This usecase describes the process of registered member logging into the system.', 'None'),
(261, 1, 200, 188, 1, '4', 1, 'My first use case', 'This usecase describes the process of ...', 'None'),
(262, 4, 200, 188, 5, '3', 1, 'Become a member', 'This usecase describes the process of registering an account on the system and becoming a member', 'None'),
(263, 5, 200, 188, 5, '4', 2, 'Log in', 'This usecase describes the process of a member authenticating themselves and logging on to their account.', 'User must have an account'),
(264, 6, 200, 188, 5, '5', 2, 'Update profile', 'This usecase describes the process of updating their account profile', 'None'),
(265, 7, 200, 188, 5, '6', 1, 'View member only content', 'This usecase describes the process of a user viewing content that is access controlled.', 'None'),
(266, 8, 200, 188, 5, '7', 2, 'Log out', 'This usecase describes the process of member completing their session and logging out of their account.', 'Member must be logged in.'),
(296, 6, 199, 187, 2, '2', 1, 'Retrieve Forgotten Password', 'This usecase describes the process of a user resetting their password.', 'None'),
(297, 7, 199, 187, 2, '10', 1, 'sacrifice', 'This usecase describes the process of ...', 'None'),
(298, 8, 199, 187, 2, '10', 1, 'test', 'This usecase describes the process of ...', 'None'),
(299, 4, 202, 190, 5, '1', 4, 'Become a member', 'This usecase describes the process of registering an account on the system and becoming a member', 'None'),
(300, 5, 202, 190, 5, '2', 5, 'Log in', 'This usecase describes the process of a member authenticating themselves and logging on to their account.', 'User must have an account'),
(301, 6, 202, 190, 5, '3', 5, 'Update profile', 'This usecase describes the process of updating their account profile', 'None'),
(302, 7, 202, 190, 5, '4', 4, 'View member only content', 'This usecase describes the process of a user viewing content that is access controlled.', 'None'),
(303, 8, 202, 190, 5, '5', 5, 'Log out', 'This usecase describes the process of member completing their session and logging out of their account.', 'Member must be logged in.'),
(304, 9, 202, 190, 1, '1', 4, 'Test', 'This usecase describes the process of ...', 'None'),
(305, 10, 202, 190, 5, '8', 4, 'curious offset number', 'This usecase describes the process of ...', 'None'),
(306, 11, 202, 190, 6, '1', 4, 'First one', 'This usecase describes the process of ...', 'None'),
(307, 12, 202, 190, 5, '9', 4, 'weird numbers', 'This usecase describes the process of ...', 'None'),
(308, 13, 202, 190, 1, '5', 4, 'post renumber', 'This usecase describes the process of ...', 'None'),
(309, 9, 202, 190, 1, '1', 4, 'Test', 'This usecase describes the process of testing the roll back', 'None'),
(326, 4, 206, 199, 5, '1', 4, 'Become a member', 'This usecase describes the process of registering an account on the system and becoming a member', 'None'),
(327, 5, 206, 199, 5, '2', 5, 'Log in', 'This usecase describes the process of a member authenticating themselves and logging on to their account.', 'User must have an account'),
(328, 6, 206, 199, 5, '3', 5, 'Update profile', 'This usecase describes the process of updating their account profile', 'None'),
(329, 7, 206, 199, 5, '4', 4, 'View member only content', 'This usecase describes the process of a user viewing content that is access controlled.', 'None'),
(330, 8, 206, 199, 5, '5', 5, 'Log out', 'This usecase describes the process of member completing their session and logging out of their account.', 'Member must be logged in.'),
(331, 4, 206, 200, 5, '1', 4, 'Become a member', 'This usecase describes the process of registering an account on the system and becoming a member', 'None'),
(332, 5, 206, 200, 5, '1', 5, 'Log in', 'This usecase describes the process of a member authenticating themselves and logging on to their account.', 'User must have an account'),
(333, 6, 206, 200, 5, '2', 5, 'Update profile', 'This usecase describes the process of updating their account profile', 'None'),
(334, 7, 206, 200, 5, '3', 4, 'View member only content', 'This usecase describes the process of a user viewing content that is access controlled.', 'None'),
(335, 8, 206, 200, 5, '3', 5, 'Log out', 'This usecase describes the process of member completing their session and logging out of their account.', 'Member must be logged in.'),
(336, 1, 207, 201, 1, '6', 1, 'Create trial account', 'User creates a free 30 day account.', 'none'),
(337, 2, 207, 201, 1, '7', 2, 'Upgrade trial membership to full membership', 'Trial member then pays for a full membership', 'none'),
(338, 3, 207, 201, 1, '8', 1, 'Gift a Membership', 'Give a membership as a gift to another person.', 'none'),
(339, 1, 207, 202, 1, '6', 1, 'Create trial account', 'User creates a free 30 day account.', 'none'),
(340, 2, 207, 202, 1, '7', 2, 'Upgrade trial membership to full membership', 'Trial member then pays for a full membership', 'none'),
(341, 3, 207, 202, 1, '8', 1, 'Gift a Membership', 'Give a membership as a gift to another person.', 'none'),
(342, 4, 208, 203, 4, '1', 4, 'Create trial account', 'User creates a free 30 day account.', 'none'),
(343, 5, 208, 203, 4, '2', 5, 'Upgrade trial membership to full membership', 'Trial member then pays for a full membership', 'none'),
(344, 6, 208, 203, 4, '3', 4, 'Gift a Membership', 'Give a membership as a gift to another person.', 'none'),
(345, 9, 206, 200, 1, '1', 5, 'Add a photo to an interface', 'A member can upload an image to a specific interface', 'Interface must exist.'),
(346, 10, 206, 200, 1, '2', 5, 'Bulk upload photos', 'A member can upload a number of photos from one interface, and then assign them later to intefaces', 'none'),
(347, 11, 206, 200, 5, '1', 5, 'Lost Password', 'A member can request a password reset if they have lost their password.', 'none'),
(348, 12, 206, 200, 1, '2', 5, 'Select a photo from library', 'A member can select a photograph from the library of un-used photographs that have been uploaded.', 'none'),
(349, 13, 206, 200, 1, '10', 1, 'delete me', 'aoeu', 'aoeu'),
(350, 14, 206, 200, 6, '1', 5, 'Add actor', 'a member can add an actor to a project', 'none'),
(351, 15, 206, 200, 6, '2', 5, 'Print Actor inheritance diagram', 'Print a diagram that shows actor inheritance', 'actors must exist'),
(352, 16, 206, 200, 7, '1', 5, 'Convert object to form', 'A member can select to create a form based on an Object.', 'Object with ObjectProperties must exist'),
(353, 9, 206, 200, 1, '1', 5, 'Upload a photo to an interface', 'A member can upload a photo to a specific interface', 'Interface must exist.'),
(354, 17, 206, 200, 1, '9', 5, 'Remove a photo from an interface', 'Remove the relationship between a photo and an interface', 'Photo must be associated with an interface'),
(355, 17, 206, 200, 1, '3', 5, 'Remove a photo from an Interface', 'Remove the relationship between a photo and an interface', 'Photo must be associated with an interface'),
(356, 18, 206, 200, 8, '1', 5, 'View History', 'A member can view previous versions of an object', 'none'),
(357, 19, 206, 200, 8, '2', 5, 'Roll Back Version', 'A member can change the current version of an object to a previous, or later version of the same object.', 'object must have more than one version.'),
(358, 20, 206, 200, 8, '3', 5, 'View deleted objects', 'A member can view objects where the object has been deleted and there are no active versions.', 'an object must have been deleted.'),
(359, 21, 206, 200, 9, '1', 5, 'Bulk upload photos', 'Member can upload a series of images in one session.', 'none'),
(360, 22, 206, 200, 9, '2', 5, 'Edit photo descriptions', 'Edit the photo descriptions.', 'photo must have been uploaded'),
(361, 23, 206, 200, 7, '2', 5, 'Create an Object', 'Member can create a business object with properties.', 'none'),
(362, 24, 206, 200, 7, '3', 5, 'Create an Object Property', 'Add a property to an object.', 'object has to exist first'),
(363, 25, 206, 200, 7, '4', 5, 'Re-order object properties', 'Change the order of object properties to move a property earlier or later in the list of properties.', 'none'),
(364, 26, 206, 200, 6, '3', 5, 'Delete an Actor', 'Remove an actor from a project.', 'At least two actors must exist to remove an actor.'),
(365, 27, 206, 200, 13, '1', 5, 'Add Step to Usecase', 'Add a step to a Usecase', 'none'),
(366, 28, 206, 200, 10, '1', 5, 'Add a Rule', 'Add a Rule to a project.', 'none'),
(367, 29, 206, 200, 12, '1', 5, 'Create Package', 'Create a Package', 'none'),
(368, 30, 206, 200, 11, '1', 5, 'Create a Form', ' A member can create a Form definition.', 'none'),
(369, 31, 206, 200, 11, '2', 5, 'Add a form property to a form', 'A member can add a Form Property to a Form', 'Form must exist.'),
(370, 32, 206, 200, 12, '2', 5, 'Re-order Packages', 'Member can re-order Packages by moving packages up or down the list.', 'Must be at least two packages.'),
(371, 9, 184, 165, 4, '1', 1, 'Generate Test Cases', 'A member can generate test cases for a Release that has a ''released'' status.', 'A release must exist with ''released'' status.'),
(372, 10, 184, 165, 4, '3', 1, 'View Test Cases', 'Member can view a list of Test Cases and select to view the detailed steps of the Test Case.', 'At least one Test Case must exist.'),
(373, 11, 184, 165, 4, '11', 2, 'rem', 'oaeu', 'oaeu'),
(374, 12, 184, 165, 4, '3', 1, 'Edit Test Case Step', 'A member can edit a test case step', 'Test case must exist.'),
(375, 13, 184, 165, 4, '5', 1, 'Add Test Case Step', 'A member can add a test case step', 'A test case must exist.'),
(376, 14, 184, 165, 4, '6', 1, 'Change order of Test Case steps', 'Member can re-order test case steps.', 'Test case must exist'),
(377, 12, 184, 165, 4, '4', 1, 'Edit or delete a Test Case step', 'A member can edit a test case step', 'Test case must exist.'),
(378, 15, 184, 165, 4, '7', 1, 'Add Test Cases to a Test Run', 'Member can select a set of Test Cases to add to a Test Run', 'Test cases must exist.'),
(379, 16, 184, 165, 4, '7', 1, 'Start a Test Run', 'Member can begin a Test Run', 'Test Run must exist'),
(380, 17, 184, 165, 4, '8', 1, 'Record a Test Result', 'A member can record the result of a test step.', 'Test Run must exist and have been started.'),
(381, 18, 184, 165, 4, '8', 1, 'View Test Runs', 'View a list of Test Runs', 'Test Runs must exist.'),
(382, 19, 184, 165, 4, '2', 1, 'Complete Test Run', 'Complete a test run and close it to new test result entries.', 'Test run must have been started.'),
(383, 20, 184, 165, 5, '2', 1, 'Run Tests', 'A member can start recording test results for a test case as a Test Run.', 'Test case must exist.'),
(384, 21, 184, 165, 5, '4', 1, 'View Test Results', 'A member can review Test Runs and results', 'Test Runs must exist'),
(385, 22, 184, 165, 5, '1', 1, 'Add Test Cases to a Test Run', 'Plan a Test Run by adding Test Cases to it.', 'Test cases must exist.'),
(386, 23, 184, 165, 5, '3', 1, 'Re-Run a Test Run', 'Copy an existing Test Run to make a new instance of it.', 'Test Run must have been created.'),
(387, 1, 184, 205, 1, '1', 2, 'Become a member', 'This usecase describes the process of member of the public registering for the account.', 'None'),
(388, 2, 184, 205, 1, '2', 1, 'Log in', 'This usecase describes the process of registered member logging into the system.', 'None'),
(389, 3, 184, 205, 2, '1', 1, 'Create simple requirement category', 'This usecase describes the process of a user creating a category of simple requirements that will form a section in the requirements document.', 'A project must be created, user must have edit permission.'),
(390, 4, 184, 205, 2, '2', 1, 'Create simple requirement', 'This usecase describes the process of creating a text or image requirement within a Simple Requirement Category.', 'None'),
(391, 7, 184, 205, 2, '3', 1, 'Create actor', 'This usecase describes the process of a member defining an actor for a project.', 'None'),
(392, 8, 184, 205, 2, '4', 1, 'Actor inheritance', 'This usecase describes the process of defining an inheritance relationship between two actors.', 'None'),
(393, 5, 184, 205, 3, '1', 1, 'Create a library item', 'This usecase describes the process of ...', 'None'),
(394, 6, 184, 205, 3, '2', 1, 'Import a library project', 'This usecase describes the process of a user copying a library project into another project.', 'None'),
(395, 9, 184, 205, 4, '1', 1, 'Generate Test Cases', 'A member can generate test cases for a Release that has a ''released'' status.', 'A release must exist with ''released'' status.'),
(396, 10, 184, 205, 4, '3', 1, 'View Test Cases', 'Member can view a list of Test Cases and select to view the detailed steps of the Test Case.', 'At least one Test Case must exist.'),
(397, 13, 184, 205, 4, '5', 1, 'Add Test Case Step', 'A member can add a test case step', 'A test case must exist.'),
(398, 14, 184, 205, 4, '6', 1, 'Change order of Test Case steps', 'Member can re-order test case steps.', 'Test case must exist'),
(399, 12, 184, 205, 4, '4', 1, 'Edit or delete a Test Case step', 'A member can edit a test case step', 'Test case must exist.'),
(400, 19, 184, 205, 4, '2', 1, 'Complete Test Run', 'Complete a test run and close it to new test result entries.', 'Test run must have been started.'),
(401, 20, 184, 205, 5, '2', 1, 'Run Tests', 'A member can start recording test results for a test case as a Test Run.', 'Test case must exist.'),
(402, 21, 184, 205, 5, '4', 1, 'View Test Results', 'A member can review Test Runs and results', 'Test Runs must exist'),
(403, 22, 184, 205, 5, '1', 1, 'Add Test Cases to a Test Run', 'Plan a Test Run by adding Test Cases to it.', 'Test cases must exist.'),
(404, 23, 184, 205, 5, '3', 1, 'Re-Run a Test Run', 'Copy an existing Test Run to make a new instance of it.', 'Test Run must have been created.'),
(405, 42, 206, 200, 42, '1', 43, 'Become a member', 'This usecase describes the process of member of the public registering for the account.', 'None'),
(406, 43, 206, 200, 42, '2', 42, 'Log in', 'This usecase describes the process of registered member logging into the system.', 'None'),
(407, 44, 206, 200, 43, '1', 42, 'Create simple requirement category', 'This usecase describes the process of a user creating a category of simple requirements that will form a section in the requirements document.', 'A project must be created, user must have edit permission.'),
(408, 45, 206, 200, 43, '2', 42, 'Create simple requirement', 'This usecase describes the process of creating a text or image requirement within a Simple Requirement Category.', 'None'),
(409, 48, 206, 200, 43, '3', 42, 'Create actor', 'This usecase describes the process of a member defining an actor for a project.', 'None'),
(410, 49, 206, 200, 43, '4', 42, 'Actor inheritance', 'This usecase describes the process of defining an inheritance relationship between two actors.', 'None'),
(411, 46, 206, 200, 44, '1', 42, 'Create a library item', 'This usecase describes the process of ...', 'None'),
(412, 47, 206, 200, 44, '2', 42, 'Import a library project', 'This usecase describes the process of a user copying a library project into another project.', 'None'),
(413, 50, 206, 200, 45, '1', 42, 'Generate Test Cases', 'A member can generate test cases for a Release that has a ''released'' status.', 'A release must exist with ''released'' status.'),
(414, 51, 206, 200, 45, '3', 42, 'View Test Cases', 'Member can view a list of Test Cases and select to view the detailed steps of the Test Case.', 'At least one Test Case must exist.'),
(415, 54, 206, 200, 45, '5', 42, 'Add Test Case Step', 'A member can add a test case step', 'A test case must exist.'),
(416, 55, 206, 200, 45, '6', 42, 'Change order of Test Case steps', 'Member can re-order test case steps.', 'Test case must exist'),
(417, 53, 206, 200, 45, '4', 42, 'Edit or delete a Test Case step', 'A member can edit a test case step', 'Test case must exist.'),
(418, 60, 206, 200, 45, '2', 42, 'Complete Test Run', 'Complete a test run and close it to new test result entries.', 'Test run must have been started.'),
(419, 61, 206, 200, 46, '1', 42, 'Run Tests', 'A member can start recording test results for a test case as a Test Run.', 'Test case must exist.'),
(420, 62, 206, 200, 46, '3', 42, 'View Test Results', 'A member can review Test Runs and results', 'Test Runs must exist'),
(421, 63, 206, 200, 46, '1', 42, 'Add Test Cases to a Test Run', 'Plan a Test Run by adding Test Cases to it.', 'Test cases must exist.'),
(422, 64, 206, 200, 46, '2', 42, 'Re-Run a Test Run', 'Copy an existing Test Run to make a new instance of it.', 'Test Run must have been created.'),
(423, 64, 206, 200, 46, '2', 42, 'Resume a Test Run', 'Resume testing of an existing Test Run.', 'Test Run must have been created.'),
(434, 4, 213, 210, 5, '1', 4, 'Become a member', 'This usecase describes the process of registering an account on the system and becoming a member', 'None'),
(435, 5, 213, 210, 5, '2', 5, 'Log in', 'This usecase describes the process of a member authenticating themselves and logging on to their account.', 'User must have an account'),
(436, 6, 213, 210, 5, '3', 5, 'Update profile', 'This usecase describes the process of updating their account profile', 'None'),
(437, 7, 213, 210, 5, '4', 4, 'View member only content', 'This usecase describes the process of a user viewing content that is access controlled.', 'None'),
(438, 8, 213, 210, 5, '5', 5, 'Log out', 'This usecase describes the process of member completing their session and logging out of their account.', 'Member must be logged in.'),
(439, 65, 206, 200, 47, '2', 5, 'Display Alert', 'An alert is displayed when an interface is loaded based on the current user and rules for the display.', 'Alerts must have been created, the session must meet a display rule.'),
(440, 66, 206, 200, 47, '1', 5, 'Update Alert Condition', 'An Alert condition is created or update for a user.', 'The actor has requested a URL that has an associated Alert update.'),
(441, 66, 206, 200, 47, '1', 5, 'Update Alert Condition', 'An Alert condition is created or updated for a user.', 'The actor has requested a URL that has an associated Alert update.'),
(442, 65, 206, 200, 47, '2', 5, 'View Alerts', 'An alert is displayed when an interface is loaded based on the current user and rules for the display.', 'Alerts must have been created, the session must meet a display rule.'),
(443, 4, 215, 212, 4, '1', 5, 'Become a member', 'This usecase describes the process of member of the public registering for the account.', 'None'),
(444, 5, 215, 212, 4, '2', 4, 'Log in', 'This usecase describes the process of registered member logging into the system.', 'None'),
(445, 6, 215, 212, 5, '1', 4, 'Create simple requirement category', 'This usecase describes the process of a user creating a category of simple requirements that will form a section in the requirements document.', 'A project must be created, user must have edit permission.'),
(446, 7, 215, 212, 5, '2', 4, 'Create simple requirement', 'This usecase describes the process of creating a text or image requirement within a Simple Requirement Category.', 'None'),
(447, 10, 215, 212, 5, '3', 4, 'Create actor', 'This usecase describes the process of a member defining an actor for a project.', 'None'),
(448, 11, 215, 212, 5, '4', 4, 'Actor inheritance', 'This usecase describes the process of defining an inheritance relationship between two actors.', 'None'),
(449, 8, 215, 212, 6, '1', 4, 'Create a library item', 'This usecase describes the process of ...', 'None'),
(450, 9, 215, 212, 6, '2', 4, 'Import a library project', 'This usecase describes the process of a user copying a library project into another project.', 'None'),
(451, 12, 215, 212, 7, '1', 4, 'Generate Test Cases', 'A member can generate test cases for a Release that has a ''released'' status.', 'A release must exist with ''released'' status.'),
(452, 13, 215, 212, 7, '3', 4, 'View Test Cases', 'Member can view a list of Test Cases and select to view the detailed steps of the Test Case.', 'At least one Test Case must exist.'),
(453, 16, 215, 212, 7, '5', 4, 'Add Test Case Step', 'A member can add a test case step', 'A test case must exist.'),
(454, 17, 215, 212, 7, '6', 4, 'Change order of Test Case steps', 'Member can re-order test case steps.', 'Test case must exist'),
(455, 15, 215, 212, 7, '4', 4, 'Edit or delete a Test Case step', 'A member can edit a test case step', 'Test case must exist.'),
(456, 22, 215, 212, 7, '2', 4, 'Complete Test Run', 'Complete a test run and close it to new test result entries.', 'Test run must have been started.'),
(457, 23, 215, 212, 8, '2', 4, 'Run Tests', 'A member can start recording test results for a test case as a Test Run.', 'Test case must exist.'),
(458, 24, 215, 212, 8, '4', 4, 'View Test Results', 'A member can review Test Runs and results', 'Test Runs must exist'),
(459, 25, 215, 212, 8, '1', 4, 'Add Test Cases to a Test Run', 'Plan a Test Run by adding Test Cases to it.', 'Test cases must exist.'),
(460, 26, 215, 212, 8, '3', 4, 'Re-Run a Test Run', 'Copy an existing Test Run to make a new instance of it.', 'Test Run must have been created.'),
(461, 4, 215, 213, 4, '1', 5, 'Become a member', 'This usecase describes the process of member of the public registering for the account.', 'None'),
(462, 5, 215, 213, 4, '2', 4, 'Log in', 'This usecase describes the process of registered member logging into the system.', 'None'),
(463, 6, 215, 213, 5, '1', 4, 'Create simple requirement category', 'This usecase describes the process of a user creating a category of simple requirements that will form a section in the requirements document.', 'A project must be created, user must have edit permission.'),
(464, 7, 215, 213, 5, '2', 4, 'Create simple requirement', 'This usecase describes the process of creating a text or image requirement within a Simple Requirement Category.', 'None'),
(465, 10, 215, 213, 5, '3', 4, 'Create actor', 'This usecase describes the process of a member defining an actor for a project.', 'None'),
(466, 11, 215, 213, 5, '4', 4, 'Actor inheritance', 'This usecase describes the process of defining an inheritance relationship between two actors.', 'None'),
(467, 8, 215, 213, 6, '1', 4, 'Create a library item', 'This usecase describes the process of ...', 'None'),
(468, 9, 215, 213, 6, '2', 4, 'Import a library project', 'This usecase describes the process of a user copying a library project into another project.', 'None'),
(469, 12, 215, 213, 7, '1', 4, 'Generate Test Cases', 'A member can generate test cases for a Release that has a ''released'' status.', 'A release must exist with ''released'' status.'),
(470, 13, 215, 213, 7, '3', 4, 'View Test Cases', 'Member can view a list of Test Cases and select to view the detailed steps of the Test Case.', 'At least one Test Case must exist.'),
(471, 16, 215, 213, 7, '5', 4, 'Add Test Case Step', 'A member can add a test case step', 'A test case must exist.'),
(472, 17, 215, 213, 7, '6', 4, 'Change order of Test Case steps', 'Member can re-order test case steps.', 'Test case must exist'),
(473, 15, 215, 213, 7, '4', 4, 'Edit or delete a Test Case step', 'A member can edit a test case step', 'Test case must exist.'),
(474, 22, 215, 213, 7, '2', 4, 'Complete Test Run', 'Complete a test run and close it to new test result entries.', 'Test run must have been started.'),
(475, 23, 215, 213, 8, '2', 4, 'Run Tests', 'A member can start recording test results for a test case as a Test Run.', 'Test case must exist.'),
(476, 24, 215, 213, 8, '4', 4, 'View Test Results', 'A member can review Test Runs and results', 'Test Runs must exist'),
(477, 25, 215, 213, 8, '1', 4, 'Add Test Cases to a Test Run', 'Plan a Test Run by adding Test Cases to it.', 'Test cases must exist.'),
(478, 26, 215, 213, 8, '3', 4, 'Re-Run a Test Run', 'Copy an existing Test Run to make a new instance of it.', 'Test Run must have been created.'),
(479, 7, 208, 203, 4, '4', 4, 'Send account expiry email', 'This usecase describes the process of reminder emails being sent by the system when an account is expiring.', 'Account must exist.'),
(480, 7, 208, 203, 4, '6', 7, 'Send account expiry email', 'This usecase describes the process of reminder emails being sent by the system when an account is expiring.', 'Account must exist.'),
(481, 8, 208, 203, 4, '4', 4, 'Redeem a coupon', 'This usecase describes the process of a user redeeming a discount coupon when purchasing a membership', 'A coupon must have been created.'),
(482, 5, 208, 203, 4, '2', 5, 'Purchase a full membership', 'This usecase describes the process of a user purchasing a full membership', 'none'),
(483, 5, 208, 203, 4, '2', 4, 'Purchase a full membership', 'This usecase describes the process of a user purchasing a full membership', 'none'),
(484, 9, 208, 203, 4, '5', 5, 'Convert a trial to full account', 'This usecase describes the process of converting a trial account into a full paid account.', 'Member must have a trial account.'),
(485, 4, 208, 203, 4, '1', 4, 'Create trial account', 'This usecase describes the process of a public user creating a free 30 day account.', 'none'),
(486, 10, 208, 203, 5, '1', 4, 'Pay with Paypal', 'This usecase describes the process of a user paying with Paypal', 'none'),
(487, 11, 208, 203, 5, '2', 4, 'Pay with Credit Card', 'This usecase describes the process of a user paying with a credit card', 'none'),
(489, 4, 208, 203, 4, '1', 4, 'Create trial account (existing)', 'This usecase describes the process of a public user creating a free 30 day account.', 'none'),
(490, 4, 208, 203, 4, '1', 4, 'Create trial account', 'This usecase describes the process of a public user creating a free 30 day account.', 'none'),
(491, 6, 208, 214, 4, '3', 4, 'Gift a Membership', 'Give a membership as a gift to another person.', 'none'),
(492, 7, 208, 214, 4, '6', 7, 'Send account expiry email', 'This usecase describes the process of reminder emails being sent by the system when an account is expiring.', 'Account must exist.'),
(493, 8, 208, 214, 4, '4', 4, 'Redeem a coupon', 'This usecase describes the process of a user redeeming a discount coupon when purchasing a membership', 'A coupon must have been created.'),
(494, 5, 208, 214, 4, '2', 4, 'Purchase a full membership', 'This usecase describes the process of a user purchasing a full membership', 'none'),
(495, 9, 208, 214, 4, '5', 5, 'Convert a trial to full account', 'This usecase describes the process of converting a trial account into a full paid account.', 'Member must have a trial account.'),
(496, 10, 208, 214, 5, '1', 4, 'Pay with Paypal', 'This usecase describes the process of a user paying with Paypal', 'none'),
(497, 11, 208, 214, 5, '2', 4, 'Pay with Credit Card', 'This usecase describes the process of a user paying with a credit card', 'none'),
(498, 4, 208, 214, 4, '1', 4, 'Create trial account', 'This usecase describes the process of a public user creating a free 30 day account.', 'none'),
(499, 1, 216, 215, 1, '1', 1, 'Register', 'This usecase describes the process of a member of the public registering for an account on the system.', 'None'),
(500, 4, 216, 215, 5, '3', 4, 'Become a member', 'This usecase describes the process of registering an account on the system and becoming a member', 'None'),
(501, 5, 216, 215, 5, '4', 5, 'Log in', 'This usecase describes the process of a member authenticating themselves and logging on to their account.', 'User must have an account'),
(502, 6, 216, 215, 5, '5', 5, 'Update profile', 'This usecase describes the process of updating their account profile', 'None'),
(503, 7, 216, 215, 5, '6', 4, 'View member only content', 'This usecase describes the process of a user viewing content that is access controlled.', 'None'),
(504, 8, 216, 215, 5, '7', 5, 'Log out', 'This usecase describes the process of member completing their session and logging out of their account.', 'Member must be logged in.'),
(505, 1, 216, 215, 1, '1', 1, 'Request store feed', 'This usecase describes the process of an owner requesting a store feed.', 'Owner must have added store to group.'),
(506, 4, 216, 215, 5, '3', 4, 'Create an Owner account', 'This usecase describes the process of registering an account on the system and becoming a Owner', 'None'),
(507, 1, 216, 215, 1, '3', 5, 'Request store feed', 'This usecase describes the process of an owner requesting a store feed.', 'Owner must have added store to group.'),
(508, 4, 216, 215, 5, '1', 5, 'Create an Owner account', 'This usecase describes the process of registering an account on the system and becoming a Owner', 'None'),
(509, 5, 216, 215, 5, '2', 4, 'Log in', 'This usecase describes the process of a member authenticating themselves and logging on to their account.', 'User must have an account'),
(510, 6, 216, 215, 5, '3', 4, 'Update profile', 'This usecase describes the process of updating their account profile', 'None'),
(511, 8, 216, 215, 5, '5', 4, 'Log out', 'This usecase describes the process of member completing their session and logging out of their account.', 'Member must be logged in.'),
(532, 7, 216, 215, 5, '6', 4, 'View store group page', 'This usecase describes the process of a user viewing the store group page for the group they belong to.', 'None'),
(533, 9, 216, 215, 5, '4', 5, 'Invite an employee', 'This usecase describes the process of an Owner inviting a store employee to become a User.', 'Owner must have an account.'),
(534, 10, 216, 215, 5, '7', 5, 'Add Store to Group', 'This usecase describes the process of adding a Store to a Group.', 'None'),
(535, 7, 216, 215, 1, '1', 4, 'View store group page', 'This usecase describes the process of a user viewing the store group page for the group they belong to.', 'None'),
(536, 10, 216, 215, 1, '2', 5, 'Add Store to Group', 'This usecase describes the process of adding a Store to a Group.', 'None'),
(537, 11, 208, 214, 5, '2', 4, 'Pay with eWay', 'This usecase describes the process of a user paying with a credit card via eWay.', 'none'),
(538, 1, 216, 216, 1, '7', 5, 'Request store feed', 'This usecase describes the process of an owner requesting a store feed.', 'Owner must have added store to group.'),
(539, 4, 216, 216, 5, '3', 5, 'Create an Owner account', 'This usecase describes the process of registering an account on the system and becoming a Owner', 'None'),
(540, 5, 216, 216, 5, '4', 4, 'Log in', 'This usecase describes the process of a member authenticating themselves and logging on to their account.', 'User must have an account'),
(541, 6, 216, 216, 5, '5', 4, 'Update profile', 'This usecase describes the process of updating their account profile', 'None'),
(542, 8, 216, 216, 5, '9', 4, 'Log out', 'This usecase describes the process of member completing their session and logging out of their account.', 'Member must be logged in.'),
(543, 9, 216, 216, 5, '8', 5, 'Invite an employee', 'This usecase describes the process of an Owner inviting a store employee to become a User.', 'Owner must have an account.'),
(544, 7, 216, 216, 1, '1', 4, 'View store group page', 'This usecase describes the process of a user viewing the store group page for the group they belong to.', 'None'),
(545, 10, 216, 216, 1, '6', 5, 'Add Store to Group', 'This usecase describes the process of adding a Store to a Group.', 'None'),
(546, 6, 219, 219, 4, '3', 4, 'Gift a Membership', 'Give a membership as a gift to another person.', 'none'),
(547, 7, 219, 219, 4, '5', 7, 'Send account expiry email', 'This usecase describes the process of reminder emails being sent by the system when an account is expiring.', 'Account must exist.'),
(548, 8, 219, 219, 4, '4', 4, 'Redeem a coupon', 'This usecase describes the process of a user redeeming a discount coupon when purchasing a membership', 'A coupon must have been created.'),
(549, 5, 219, 219, 4, '2', 4, 'Purchase a full membership', 'This usecase describes the process of a user purchasing a full membership', 'none'),
(550, 9, 219, 219, 4, '5', 5, 'Convert a trial to full account', 'This usecase describes the process of converting a trial account into a full paid account.', 'Member must have a trial account.'),
(551, 10, 219, 219, 5, '1', 4, 'Pay with Paypal', 'This usecase describes the process of a user paying with Paypal', 'none'),
(552, 4, 219, 219, 4, '1', 4, 'Create trial account', 'This usecase describes the process of a public user creating a free 30 day account.', 'none'),
(553, 11, 219, 219, 5, '2', 4, 'Pay with eWay', 'This usecase describes the process of a user paying with a credit card via eWay.', 'none'),
(554, 4, 219, 219, 4, '1', 4, 'Register as a member', 'This usecase describes the process of a public user creating a member account.', 'none'),
(555, 5, 219, 219, 4, '3', 6, 'Log in', 'This usecase describes the process of a member logging in to an account.', 'none'),
(556, 12, 219, 219, 4, '5', 6, 'Log Out', 'This usecase describes the process of a member closing their logged-in session by logging out.', 'Member must be logged in to start.'),
(557, 13, 219, 219, 4, '2', 6, 'Verify email address', 'This usecase describes the process of a newly registered user verifying their email account.', 'Member must have registered.'),
(558, 14, 219, 219, 4, '4', 6, 'Update member profile', 'This usecase describes the process of updating a member profile.', 'None'),
(559, 4, 219, 220, 4, '1', 4, 'Register as a member', 'This usecase describes the process of a public user creating a member account.', 'none'),
(560, 5, 219, 220, 4, '3', 6, 'Log in', 'This usecase describes the process of a member logging in to an account.', 'none'),
(561, 12, 219, 220, 4, '5', 6, 'Log Out', 'This usecase describes the process of a member closing their logged-in session by logging out.', 'Member must be logged in to start.'),
(562, 13, 219, 220, 4, '2', 6, 'Verify email address', 'This usecase describes the process of a newly registered user verifying their email account.', 'Member must have registered.'),
(563, 14, 219, 220, 4, '4', 6, 'Update member profile', 'This usecase describes the process of updating a member profile.', 'None'),
(564, 7, 220, 221, 7, '1', 7, 'Register as a member', 'This usecase describes the process of a public user creating a member account.', 'none'),
(565, 8, 220, 221, 7, '3', 9, 'Log in', 'This usecase describes the process of a member logging in to an account.', 'none'),
(566, 15, 220, 221, 7, '5', 9, 'Log Out', 'This usecase describes the process of a member closing their logged-in session by logging out.', 'Member must be logged in to start.'),
(567, 16, 220, 221, 7, '2', 9, 'Verify email address', 'This usecase describes the process of a newly registered user verifying their email account.', 'Member must have registered.'),
(568, 17, 220, 221, 7, '4', 9, 'Update member profile', 'This usecase describes the process of updating a member profile.', 'None'),
(569, 11, 216, 215, 5, '9', 1, 'DPos Amin disabling a store feed', 'When Dpos admin needs to disable a store feed due to varying reasons', 'Store must have a live feed'),
(570, 1, 216, 222, 1, '7', 5, 'Request store feed', 'This usecase describes the process of an owner requesting a store feed.', 'Owner must have added store to group.'),
(571, 4, 216, 222, 5, '10', 5, 'Create an Owner account', 'This usecase describes the process of registering an account on the system and becoming a Owner', 'None'),
(572, 5, 216, 222, 5, '3', 4, 'Log in', 'This usecase describes the process of a member authenticating themselves and logging on to their account.', 'User must have an account'),
(573, 6, 216, 222, 5, '4', 4, 'Update profile', 'This usecase describes the process of updating their account profile', 'None'),
(574, 8, 216, 222, 5, '8', 4, 'Log out', 'This usecase describes the process of member completing their session and logging out of their account.', 'Member must be logged in.'),
(575, 9, 216, 222, 5, '5', 5, 'Invite an employee', 'This usecase describes the process of an Owner inviting a store employee to become a User.', 'Owner must have an account.'),
(576, 7, 216, 222, 1, '1', 4, 'View store group page', 'This usecase describes the process of a user viewing the store group page for the group they belong to.', 'None'),
(577, 10, 216, 222, 1, '6', 5, 'Add Store to Group', 'This usecase describes the process of adding a Store to a Group.', 'None'),
(578, 11, 216, 222, 5, '9', 1, 'DPos Amin disabling a store feed', 'When Dpos admin needs to disable a store feed due to varying reasons', 'Store must have a live feed'),
(579, 12, 216, 215, 7, '2', 6, 'Disable store feed', 'Administrator logs into maintenance to disable a stores feed.', 'Store must have a live feed'),
(580, 13, 216, 215, 6, '1', 5, 'View dashboard sales screen', 'When an owner or employee logs into the cloud reporting system.  ', 'User must have valid username, login and a live store feed.'),
(581, 13, 216, 215, 6, '1', 5, 'View home dashboard', 'When an owner or employee logs into the cloud reporting system.  ', 'User must have valid username, login and a live store feed.'),
(582, 14, 216, 215, 7, '1', 6, 'Enable store feed', 'Admin logs into maintenance site to create a new store feed for new client', 'Request store feed must be recieved'),
(583, 15, 216, 215, 7, '3', 6, 'View offline stores', 'Dpos Admin log into maintenance to view all stores and their last known updates', 'Must have DPos admin rights'),
(584, 1, 216, 223, 1, '3', 5, 'Request store feed', 'This usecase describes the process of an owner requesting a store feed.', 'Owner must have added store to group.'),
(585, 4, 216, 223, 5, '1', 5, 'Create an Owner account', 'This usecase describes the process of registering an account on the system and becoming a Owner', 'None'),
(586, 5, 216, 223, 5, '2', 4, 'Log in', 'This usecase describes the process of a member authenticating themselves and logging on to their account.', 'User must have an account'),
(587, 6, 216, 223, 5, '3', 4, 'Update profile', 'This usecase describes the process of updating their account profile', 'None'),
(588, 8, 216, 223, 5, '5', 4, 'Log out', 'This usecase describes the process of member completing their session and logging out of their account.', 'Member must be logged in.'),
(589, 9, 216, 223, 5, '4', 5, 'Invite an employee', 'This usecase describes the process of an Owner inviting a store employee to become a User.', 'Owner must have an account.'),
(590, 7, 216, 223, 1, '1', 4, 'View store group page', 'This usecase describes the process of a user viewing the store group page for the group they belong to.', 'None'),
(591, 10, 216, 223, 1, '2', 5, 'Add Store to Group', 'This usecase describes the process of adding a Store to a Group.', 'None'),
(592, 12, 216, 223, 7, '2', 6, 'Disable store feed', 'Administrator logs into maintenance to disable a stores feed.', 'Store must have a live feed'),
(593, 13, 216, 223, 6, '1', 5, 'View home dashboard', 'When an owner or employee logs into the cloud reporting system.  ', 'User must have valid username, login and a live store feed.'),
(594, 14, 216, 223, 7, '1', 6, 'Enable store feed', 'Admin logs into maintenance site to create a new store feed for new client', 'Request store feed must be recieved'),
(595, 15, 216, 223, 7, '3', 6, 'View offline stores', 'Dpos Admin log into maintenance to view all stores and their last known updates', 'Must have DPos admin rights'),
(596, 4, 221, 224, 4, '3', 8, 'Request store feed', 'This usecase describes the process of an owner requesting a store feed.', 'Owner must have added store to group.'),
(597, 7, 221, 224, 8, '1', 8, 'Create an Owner account', 'This usecase describes the process of registering an account on the system and becoming a Owner', 'None'),
(598, 8, 221, 224, 8, '2', 7, 'Log in', 'This usecase describes the process of a member authenticating themselves and logging on to their account.', 'User must have an account'),
(599, 9, 221, 224, 8, '3', 7, 'Update profile', 'This usecase describes the process of updating their account profile', 'None'),
(600, 11, 221, 224, 8, '5', 7, 'Log out', 'This usecase describes the process of member completing their session and logging out of their account.', 'Member must be logged in.'),
(601, 12, 221, 224, 8, '4', 8, 'Invite an employee', 'This usecase describes the process of an Owner inviting a store employee to become a User.', 'Owner must have an account.'),
(602, 10, 221, 224, 4, '1', 7, 'View store group page', 'This usecase describes the process of a user viewing the store group page for the group they belong to.', 'None'),
(603, 13, 221, 224, 4, '2', 8, 'Add Store to Group', 'This usecase describes the process of adding a Store to a Group.', 'None'),
(604, 15, 221, 224, 10, '2', 9, 'Disable store feed', 'Administrator logs into maintenance to disable a stores feed.', 'Store must have a live feed'),
(605, 16, 221, 224, 9, '1', 8, 'View home dashboard', 'When an owner or employee logs into the cloud reporting system.  ', 'User must have valid username, login and a live store feed.'),
(606, 17, 221, 224, 10, '1', 9, 'Enable store feed', 'Admin logs into maintenance site to create a new store feed for new client', 'Request store feed must be recieved'),
(607, 18, 221, 224, 10, '3', 9, 'View offline stores', 'Dpos Admin log into maintenance to view all stores and their last known updates', 'Must have DPos admin rights'),
(610, 1, 229, 232, 1, '1', 1, 'Test only', 'This usecase describes the process of ...', 'None'),
(611, 2, 229, 232, 1, '1', 1, 'A multi version uc', 'This usecase describes the process of ...', 'None'),
(612, 2, 229, 232, 1, '1', 1, 'A multi version uc that''s been edited', 'This usecase describes the process of ...', 'None'),
(613, 2, 229, 232, 1, '1', 1, 'A multi version uc that''s been edited', 'This usecase describes the process of rolling it forward', 'None'),
(614, 3, 229, 232, 1, '2', 1, 'Sacrificial use case', 'This usecase describes the process of ...', 'None');

-- --------------------------------------------------------

--
-- Table structure for table `user`
--

CREATE TABLE IF NOT EXISTS `user` (
  `id` int(11) NOT NULL AUTO_INCREMENT,
  `firstname` varchar(255) NOT NULL,
  `lastname` varchar(255) NOT NULL,
  `email` varchar(255) NOT NULL,
  `password` varchar(255) NOT NULL,
  `address_id` int(11) DEFAULT NULL,
  `salt` varchar(50) NOT NULL,
  `username` varchar(50) NOT NULL,
  `type` tinyint(4) NOT NULL DEFAULT '0' COMMENT '0=public, 1=member, 2=staff ',
  `active` tinyint(1) NOT NULL DEFAULT '1',
  `company_id` int(11) DEFAULT NULL,
  `admin` tinyint(4) NOT NULL DEFAULT '0',
  `verify` tinyint(1) NOT NULL DEFAULT '0',
  `verification_code` varchar(40) DEFAULT NULL,
  PRIMARY KEY (`id`),
  UNIQUE KEY `username` (`username`),
  KEY `address_id` (`address_id`)
) ENGINE=InnoDB  DEFAULT CHARSET=utf8 AUTO_INCREMENT=160 ;

--
-- Dumping data for table `user`
--

INSERT INTO `user` (`id`, `firstname`, `lastname`, `email`, `password`, `address_id`, `salt`, `username`, `type`, `active`, `company_id`, `admin`, `verify`, `verification_code`) VALUES
(113, 'twit', 'twitter', 'twit@test.com', '1a1dc91c907325c69271ddf0c944bc72', NULL, '52aa245e381000.34176327', 'twit@test.com', 1, 1, 505, 0, 0, ''),
(114, 'Bill', 'Other', 'bill@test.com', '1a1dc91c907325c69271ddf0c944bc72', NULL, '53363dae19c183.12004062', 'bill@test.com', 1, 1, 507, 0, 0, ''),
(115, 'abhishek', 'saini', 'abhishek.saini@test.com', '3ec22ea7499a4a4f33b2a25ccc925f1e', NULL, '53453125ee0632.72686363', 'abhishek.saini@test.com', 1, 1, 509, 0, 0, ''),
(116, 'Ted', 'Haddergash', 'ted@test.com', '1a1dc91c907325c69271ddf0c944bc72', NULL, '534e63289394c3.37189685', 'ted@test.com', 1, 1, 510, 0, 0, ''),
(117, 'Tad', 'Haddergash', 'tad@billson.com', '1a1dc91c907325c69271ddf0c944bc72', NULL, '534e667188da20.00200784', 'tad@billson.com', 1, 1, 511, 0, 0, ''),
(118, 'STH', 'shosreoj', 'invite@test.com', '1a1dc91c907325c69271ddf0c944bc72', NULL, '536706021252e9.84388793', 'invite@test.com', 1, 1, 512, 1, 0, ''),
(119, 'Mark', 'Birglaw', 'employee@test.com', '3d801aa532c1cec3ee82d87a99fdf63f', NULL, '536749af9d0c11.22948007', 'employee@test.com', 0, 1, 512, 0, 0, ''),
(120, 'Admin', 'Check', 'adcheck@test.com', '35f504164d5a963d6a820e71614a4009', NULL, '53674b114862d1.87916714', 'adcheck@test.com', 1, 1, 513, 1, 0, ''),
(121, 'James', 'Billson', 'james@billson.com', '1a1dc91c907325c69271ddf0c944bc72', NULL, '5371aa52515081.17184557', 'james@billson.com', 1, 1, 514, 1, 0, ''),
(122, 'test', 'testing', 'testpass@billson.com', '35f504164d5a963d6a820e71614a4009', NULL, '5371ef3898e2b3.21676223', 'testpass@billson.com', 1, 1, 515, 1, 0, ''),
(123, 'again', 'another', 'test@testly.com', '35f504164d5a963d6a820e71614a4009', NULL, '5371efce8fde67.96007732', 'test@testly.com', 1, 1, 516, 1, 0, ''),
(124, 'testing', 'againmyfriend', 'testf@billson.com', '35f504164d5a963d6a820e71614a4009', NULL, '5371f25325a743.06874267', 'testf@billson.com', 1, 1, 517, 1, 0, ''),
(125, 'testg', 'testgy', 'testg@billson.com', '1a1dc91c907325c69271ddf0c944bc72', NULL, '5371f2be88d953.35269170', 'testg@billson.com', 1, 1, 518, 1, 0, ''),
(126, 'Testnew', 'email', 'testemail@billson.com', '1a1dc91c907325c69271ddf0c944bc72', NULL, '5372c28c0996f4.32869035', 'testemail@billson.com', 0, 0, NULL, 0, 0, ''),
(127, 'Chris', 'Bolden', 'chris@winegenius.com', '2c682dbe85eed2c57e19a7189191e47a', NULL, '5372fd41deb3c8.60768347', 'chris@winegenius.com', 1, 1, 520, 1, 0, ''),
(128, 'Chris', 'Bolden', 'chris@wineprefencesystems.com', 'c4ec4c3333cb59aa3a70e388b57c5986', NULL, '53a8f14d979d38.17206809', 'chris@wineprefencesystems.com', 0, 1, 0, 0, 0, ''),
(129, 'Chris', 'Bolden', 'chris@winepreferencesystems.com', '35f504164d5a963d6a820e71614a4009', NULL, '53a8f15a045cc0.75264218', 'chris@winepreferencesystems.com', 0, 1, 0, 0, 0, ''),
(130, 'Test', 'Test', 'test_colab@billson.com', '1a1dc91c907325c69271ddf0c944bc72', NULL, '537304f4914f33.26139397', 'test_colab@billson.com', 1, 1, 521, 1, 0, ''),
(131, 'abhishek', 'saini', 'abhishek.saini@enukesoftware.com', 'e5d1dfdc999e351aaf8861788e340f2c', NULL, '537316806342a9.66844546', 'abhishek.saini@enukesoftware.com', 1, 1, 526, 1, 0, ''),
(132, 'Tim', 'Percy ', 'tim.percy@bigpond.com', '2430e5d313f49f9560d2b88027e9fd1b', NULL, '537425a09aa5a6.87958505', 'tim.percy@bigpond.com', 1, 1, 524, 1, 0, ''),
(133, 'Matthew ', 'Lear', 'matthew@custometrics.com.au', '5982de3b9305a4ef75a7715c4f6841b8', NULL, '537c0f97d950e9.57008769', 'matthew@custometrics.com.au', 1, 1, 525, 1, 0, ''),
(134, 'harleen', 'barmi', 'tdsengg@inizsolutions.com', '63c2f1271bb6a054779be474ead66121', NULL, '537d96901ac683.89081776', 'tdsengg@inizsolutions.com', 0, 0, NULL, 0, 0, ''),
(135, 'Hari', 'Kishore', 'hari.kishore@enukesoftware.com', 'e10adc3949ba59abbe56e057f20f883e', NULL, '538577a0845fc4.03536198', 'hari.kishore@enukesoftware.com', 1, 1, NULL, 0, 0, ''),
(136, 'Katie', 'Fisher', 'katie_fisher@billson.com', '3d801aa532c1cec3ee82d87a99fdf63f', NULL, '53a8fd838f8858.21558235', '', 0, 1, 514, 0, 0, ''),
(137, 'sunil', 'soni', 'sunilsoni386@gmail.com', '453f00850cfdf4e9d322ca7c76ea7d71', NULL, '53bad6419fc391.55582544', 'sunilsoni386@gmail.com', 0, 0, NULL, 0, 0, ''),
(138, 'Test', 'NEwuser', 'new@reqrap.com', '1a1dc91c907325c69271ddf0c944bc72', NULL, '53bde36f6e0cb2.66285526', 'new@reqrap.com', 0, 0, NULL, 0, 0, ''),
(139, 'mittal', 'gajera', 'gajeramital97@gmail.com', 'fb2ce1903555d35dd9e9646d2c6ece73', NULL, '53c3ff26d8f111.05944633', 'gajeramital97@gmail.com', 0, 0, NULL, 0, 0, ''),
(140, 'madhukumara ms', 'madhukumara ms', 'madhukumara.ms@gmail.com', '62c2454cf1c9354add53fa18b6185d72', NULL, '53c4db61018a20.93897652', 'madhukumara.ms@gmail.com', 1, 1, 535, 1, 1, ''),
(141, 'Freetart', 'McNurk', 'TestFN@reqrap.com', '1a1dc91c907325c69271ddf0c944bc72', NULL, '53c53afe55a856.59628022', 'TestFN@reqrap.com', 1, 1, 529, 1, 0, ''),
(142, 'Luke', 'Payne', 'luke@dsoft.com.au', '58c4f537eec5332ae0363b18e0f2164d', NULL, '53c604adc6b8e4.24963417', 'luke@dsoft.com.au', 1, 1, 530, 1, 0, 'cdf8af2b2b'),
(143, 'Daniel ', 'Canil', 'daniel@dsoft.com.au', '3d801aa532c1cec3ee82d87a99fdf63f', NULL, '53c6074c96b338.03357379', 'daniel@dsoft.com.au', 0, 1, 530, 0, 0, 'd56292fa0a'),
(144, 'ADAMU', 'USMAN K', 'usmanadamu41@gmail.com', 'b3e43c06134854fc09a81bf274571fa8', NULL, '53c65cf2442820.56397309', 'usmanadamu41@gmail.com', 0, 0, NULL, 0, 0, ''),
(145, 'Test', 'party', 'flyingbuttmonkeys@hotmail.com', '1a1dc91c907325c69271ddf0c944bc72', NULL, '53c66d17490a87.69349386', 'flyingbuttmonkeys@hotmail.com', 1, 1, 531, 1, 0, ''),
(148, 'sharmila', 'viswanath', 'sharmilavishu5@gmail.com', 'd84cdb668ae6ba4872a3bbae9639d3cc', NULL, '53c956ed99fc15.18686170', 'sharmilavishu5@gmail.com', 0, 0, NULL, 0, 0, ''),
(149, 'analyn', 'erfe', 'analyn_erfe@yahoo.com', '53d71171a087594b38e874eaa9b57f2d', NULL, '53cb661f479b10.38111447', 'analyn_erfe@yahoo.com', 0, 0, NULL, 0, 0, ''),
(150, 'Lan', 'Nguyen', 'vanlan228@gmail.com', 'c5a05bd6b87f6d0c465011f467e0c8a6', NULL, '53ccd40522f157.36621057', 'vanlan228@gmail.com', 1, 1, 532, 1, 0, ''),
(151, 'James', 'Billson', 'dpos@billson.com', '1a1dc91c907325c69271ddf0c944bc72', NULL, '53d1989a71fab6.42085443', 'dpos@billson.com', 1, 1, 530, 0, 0, 'a98670d69a'),
(152, 'donlineb', 'donlineb', 'donlineb@gmail.com', 'd7120c6878acfd3c5c4fe3f5acacaa37', NULL, '53d27559a67c52.59953290', 'donlineb@gmail.com', 1, 1, 534, 1, 0, ''),
(153, 'darwin alejandro', 'rodriguez rojas', 'darwinrr18@gmail.com', 'c95f6f86bb52fc848888a8b32eaff4b8', NULL, '53d5465ddabf10.54098414', 'darwinrr18@gmail.com', 0, 0, NULL, 0, 0, ''),
(154, 'Test', 'employee', 'testemployee@billson.com', '1a1dc91c907325c69271ddf0c944bc72', NULL, '53d5a815d0c7d3.53635930', 'testemployee@billson.com', 1, 1, 514, 0, 0, 'd95b1e3ff5'),
(155, 'New', 'Collaborator', 'newcolab@billson.com', '1a1dc91c907325c69271ddf0c944bc72', NULL, '53d5a99b25b632.22218655', 'newcolab@billson.com', 1, 1, 537, 1, 0, '4e28452d6b');

-- --------------------------------------------------------

--
-- Table structure for table `users_meta`
--

CREATE TABLE IF NOT EXISTS `users_meta` (
  `id` int(11) NOT NULL AUTO_INCREMENT,
  `user_id` int(11) NOT NULL,
  `name` varchar(60) DEFAULT NULL,
  `value` varchar(255) DEFAULT NULL,
  PRIMARY KEY (`id`)
) ENGINE=InnoDB  DEFAULT CHARSET=utf8 AUTO_INCREMENT=10 ;

-- --------------------------------------------------------

--
-- Table structure for table `user_meta`
--

CREATE TABLE IF NOT EXISTS `user_meta` (
  `id` int(11) NOT NULL AUTO_INCREMENT,
  `user_id` int(11) NOT NULL,
  `has_viewed` tinyint(1) NOT NULL,
  `has_acknowledged` tinyint(1) NOT NULL,
  `alert_messages_id` int(11) NOT NULL,
  PRIMARY KEY (`id`),
  KEY `alert_messages_id` (`alert_messages_id`),
  KEY `user_id` (`user_id`)
) ENGINE=InnoDB  DEFAULT CHARSET=utf8 COLLATE=utf8_unicode_ci AUTO_INCREMENT=7 ;

--
-- Dumping data for table `user_meta`
--

INSERT INTO `user_meta` (`id`, `user_id`, `has_viewed`, `has_acknowledged`, `alert_messages_id`) VALUES
(1, 115, 0, 0, 1),
(2, 115, 0, 0, 2),
(3, 121, 1, 1, 1),
(4, 121, 1, 1, 2),
(5, 142, 1, 1, 2),
(6, 151, 1, 1, 2);

-- --------------------------------------------------------

--
-- Table structure for table `uses`
--

CREATE TABLE IF NOT EXISTS `uses` (
  `uses` int(11) NOT NULL,
  `usedby` int(11) NOT NULL,
  PRIMARY KEY (`uses`),
  KEY `usedby` (`usedby`)
) ENGINE=InnoDB DEFAULT CHARSET=utf8;

-- --------------------------------------------------------

--
-- Table structure for table `version`
--

CREATE TABLE IF NOT EXISTS `version` (
  `id` int(11) NOT NULL AUTO_INCREMENT,
  `number` int(11) NOT NULL DEFAULT '1',
  `release` varchar(6) NOT NULL,
  `project_id` int(11) NOT NULL,
  `status` tinyint(1) NOT NULL,
  `object` int(2) NOT NULL,
  `action` tinyint(1) NOT NULL,
  `foreign_key` int(11) NOT NULL,
  `foreign_id` int(11) NOT NULL,
  `active` tinyint(1) NOT NULL,
  `create_date` timestamp NOT NULL DEFAULT CURRENT_TIMESTAMP ON UPDATE CURRENT_TIMESTAMP,
  `create_user` int(11) NOT NULL,
  PRIMARY KEY (`id`),
  KEY `project_id` (`project_id`),
  KEY `create_user` (`create_user`),
  KEY `active` (`active`),
  KEY `object` (`object`),
  KEY `action` (`action`),
  KEY `foreign_key` (`foreign_key`),
  KEY `foreign_id` (`foreign_id`)
) ENGINE=InnoDB  DEFAULT CHARSET=utf8 AUTO_INCREMENT=6402 ;

--
-- Dumping data for table `version`
--

INSERT INTO `version` (`id`, `number`, `release`, `project_id`, `status`, `object`, `action`, `foreign_key`, `foreign_id`, `active`, `create_date`, `create_user`) VALUES
(2325, 0, '165', 184, 1, 4, 1, 186, 1, 0, '2014-04-29 06:30:06', 113),
(2326, 0, '165', 184, 1, 4, 1, 187, 2, 1, '2014-04-27 08:37:13', 113),
(2327, 0, '165', 184, 1, 5, 1, 884, 1, 0, '2014-05-19 09:39:07', 113),
(2328, 0, '165', 184, 1, 5, 1, 885, 2, 0, '2014-05-19 09:39:09', 113),
(2329, 0, '165', 184, 1, 5, 1, 886, 3, 0, '2014-05-19 09:39:05', 113),
(2330, 0, '165', 184, 1, 5, 1, 887, 4, 0, '2014-05-18 13:37:54', 113),
(2331, 0, '165', 184, 1, 8, 1, 338, 1, 1, '2014-04-27 08:37:20', 113),
(2332, 0, '165', 184, 1, 8, 1, 339, 2, 1, '2014-04-27 08:37:22', 113),
(2333, 0, '165', 184, 1, 8, 1, 340, 3, 1, '2014-04-27 08:37:23', 113),
(2334, 0, '165', 184, 1, 9, 1, 509, 1, 1, '2014-04-27 08:37:24', 113),
(2335, 0, '165', 184, 1, 9, 1, 510, 2, 1, '2014-04-27 08:37:27', 113),
(2336, 0, '165', 184, 1, 9, 1, 511, 3, 1, '2014-04-27 08:37:28', 113),
(2337, 0, '165', 184, 1, 10, 1, 222, 1, 1, '2014-04-27 08:37:28', 113),
(2338, 0, '165', 184, 1, 10, 1, 223, 2, 0, '2014-04-29 19:16:41', 113),
(2339, 0, '165', 184, 1, 10, 1, 224, 3, 1, '2014-04-27 08:37:31', 113),
(2340, 0, '165', 184, 1, 13, 1, 363, 1, 1, '2014-04-27 08:37:32', 113),
(2341, 0, '165', 184, 1, 13, 1, 364, 2, 1, '2014-04-27 08:37:35', 113),
(2342, 0, '165', 184, 1, 13, 1, 365, 3, 1, '2014-04-27 08:37:38', 113),
(2343, 1, '165', 184, 1, 10, 1, 225, 4, 0, '2014-04-27 08:42:58', 113),
(2344, 2, '165', 184, 1, 8, 1, 341, 4, 1, '2014-04-27 08:42:42', 113),
(2345, 3, '165', 184, 1, 9, 1, 512, 4, 1, '2014-04-27 08:42:43', 113),
(2346, 4, '165', 184, 1, 10, 2, 226, 4, 1, '2014-04-27 08:42:58', 113),
(2347, 5, '165', 184, 1, 10, 1, 227, 5, 1, '2014-04-27 09:18:30', 113),
(2348, 6, '165', 184, 1, 8, 1, 342, 5, 1, '2014-04-27 09:18:31', 113),
(2349, 7, '165', 184, 1, 9, 1, 513, 5, 0, '2014-04-28 00:20:48', 113),
(2350, 8, '165', 184, 1, 10, 1, 228, 6, 1, '2014-04-27 09:20:08', 113),
(2351, 9, '165', 184, 1, 8, 1, 343, 6, 1, '2014-04-27 09:20:08', 113),
(2352, 10, '165', 184, 1, 9, 1, 514, 6, 1, '2014-04-27 09:20:08', 113),
(2358, 11, '165', 184, 1, 9, 2, 515, 5, 1, '2014-04-28 00:20:48', 113),
(2359, 12, '165', 184, 1, 12, 1, 121, 1, 0, '2014-05-18 13:48:53', 113),
(2360, 13, '165', 184, 1, 15, 1, 85, 1, 1, '2014-04-28 00:21:55', 113),
(2470, 0, '177', 193, 1, 13, 1, 408, 1, 1, '2014-04-28 03:37:57', 114),
(2471, 1, '177', 193, 1, 13, 1, 409, 2, 1, '2014-04-28 03:37:57', 114),
(2472, 2, '177', 193, 1, 13, 1, 410, 3, 1, '2014-04-28 03:37:57', 114),
(2473, 3, '177', 193, 1, 4, 1, 209, 1, 1, '2014-04-28 03:37:58', 114),
(2474, 4, '177', 193, 1, 5, 1, 903, 1, 1, '2014-04-28 03:37:58', 114),
(2475, 5, '177', 193, 1, 10, 1, 241, 1, 1, '2014-04-28 03:38:21', 114),
(2476, 6, '177', 193, 1, 8, 1, 356, 1, 1, '2014-04-28 03:38:21', 114),
(2477, 7, '177', 193, 1, 9, 1, 528, 1, 1, '2014-04-28 03:38:21', 114),
(2478, 8, '177', 193, 1, 6, 1, 19, 1, 1, '2014-04-28 03:38:33', 114),
(2545, 0, '186', 199, 1, 13, 1, 441, 1, 1, '2014-04-28 07:23:11', 114),
(2546, 1, '186', 199, 1, 13, 1, 442, 2, 1, '2014-04-28 07:23:11', 114),
(2547, 2, '186', 199, 1, 13, 1, 443, 3, 1, '2014-04-28 07:23:11', 114),
(2548, 3, '186', 199, 1, 4, 1, 222, 1, 0, '2014-04-28 07:24:00', 114),
(2549, 4, '186', 199, 1, 5, 1, 915, 1, 0, '2014-04-28 07:25:23', 114),
(2550, 5, '186', 199, 1, 4, 2, 223, 1, 1, '2014-04-28 07:24:00', 114),
(2551, 6, '186', 199, 1, 4, 1, 224, 2, 1, '2014-04-28 07:24:54', 114),
(2552, 7, '186', 199, 1, 5, 3, 915, 1, 0, '2014-04-28 07:25:23', 114),
(2553, 8, '186', 199, 1, 5, 1, 916, 2, 1, '2014-04-28 07:25:34', 114),
(2554, 9, '186', 199, 1, 10, 1, 246, 1, 1, '2014-04-28 07:26:37', 114),
(2555, 10, '186', 199, 1, 8, 1, 361, 1, 1, '2014-04-28 07:26:37', 114),
(2556, 11, '186', 199, 1, 9, 1, 533, 1, 0, '2014-04-28 07:34:33', 114),
(2557, 12, '186', 199, 1, 10, 1, 247, 2, 1, '2014-04-28 07:27:24', 114),
(2558, 13, '186', 199, 1, 8, 1, 362, 2, 1, '2014-04-28 07:27:25', 114),
(2559, 14, '186', 199, 1, 9, 1, 534, 2, 1, '2014-04-28 07:27:25', 114),
(2560, 15, '186', 199, 1, 10, 1, 248, 3, 1, '2014-04-28 07:27:52', 114),
(2561, 16, '186', 199, 1, 8, 1, 363, 3, 1, '2014-04-28 07:27:54', 114),
(2562, 17, '186', 199, 1, 9, 1, 535, 3, 1, '2014-04-28 07:27:55', 114),
(2563, 18, '186', 199, 1, 10, 1, 249, 4, 1, '2014-04-28 07:29:26', 114),
(2564, 19, '186', 199, 1, 8, 1, 364, 4, 1, '2014-04-28 07:29:26', 114),
(2565, 20, '186', 199, 1, 9, 1, 536, 4, 1, '2014-04-28 07:29:26', 114),
(2566, 21, '186', 199, 1, 10, 1, 250, 5, 1, '2014-04-28 07:30:23', 114),
(2567, 22, '186', 199, 1, 8, 1, 365, 5, 1, '2014-04-28 07:30:23', 114),
(2568, 23, '186', 199, 1, 9, 1, 537, 5, 1, '2014-04-28 07:30:23', 114),
(2569, 24, '186', 199, 1, 12, 1, 122, 1, 1, '2014-04-28 07:31:48', 114),
(2570, 25, '186', 199, 1, 15, 1, 86, 1, 1, '2014-04-28 07:31:49', 114),
(2571, 26, '186', 199, 1, 2, 1, 94, 1, 1, '2014-04-28 07:32:17', 114),
(2572, 27, '186', 199, 1, 14, 1, 59, 1, 1, '2014-04-28 07:32:17', 114),
(2573, 28, '186', 199, 1, 9, 2, 538, 1, 1, '2014-04-28 07:34:33', 114),
(2574, 29, '186', 199, 1, 9, 1, 539, 6, 0, '2014-04-28 07:35:42', 114),
(2575, 30, '186', 199, 1, 9, 2, 540, 6, 1, '2014-04-28 07:35:42', 114),
(2576, 31, '186', 199, 1, 14, 1, 60, 2, 1, '2014-04-28 07:35:54', 114),
(2577, 0, '187', 199, 1, 2, 1, 95, 1, 1, '2014-04-28 07:36:51', 114),
(2578, 0, '187', 199, 1, 4, 1, 225, 1, 1, '2014-04-28 07:36:53', 114),
(2579, 0, '187', 199, 1, 4, 1, 226, 2, 1, '2014-04-28 07:36:54', 114),
(2580, 0, '187', 199, 1, 5, 1, 917, 2, 1, '2014-04-28 07:36:56', 114),
(2581, 0, '187', 199, 1, 8, 1, 366, 1, 1, '2014-04-28 07:36:58', 114),
(2582, 0, '187', 199, 1, 8, 1, 367, 2, 1, '2014-04-28 07:36:59', 114),
(2583, 0, '187', 199, 1, 8, 1, 368, 3, 1, '2014-04-28 07:37:00', 114),
(2584, 0, '187', 199, 1, 8, 1, 369, 4, 1, '2014-04-28 07:37:01', 114),
(2585, 0, '187', 199, 1, 8, 1, 370, 5, 1, '2014-04-28 07:37:02', 114),
(2586, 0, '187', 199, 1, 9, 1, 541, 1, 1, '2014-04-28 07:37:03', 114),
(2587, 0, '187', 199, 1, 9, 1, 542, 6, 1, '2014-04-28 07:37:04', 114),
(2588, 0, '187', 199, 1, 9, 1, 543, 2, 1, '2014-04-28 07:37:05', 114),
(2589, 0, '187', 199, 1, 9, 1, 544, 3, 1, '2014-04-28 07:37:06', 114),
(2590, 0, '187', 199, 1, 9, 1, 545, 4, 1, '2014-04-28 07:37:07', 114),
(2591, 0, '187', 199, 1, 9, 1, 546, 5, 1, '2014-04-28 07:37:10', 114),
(2592, 0, '187', 199, 1, 10, 1, 251, 1, 1, '2014-04-28 07:37:12', 114),
(2593, 0, '187', 199, 1, 10, 1, 252, 2, 1, '2014-04-28 07:37:13', 114),
(2594, 0, '187', 199, 1, 10, 1, 253, 3, 1, '2014-04-28 07:37:14', 114),
(2595, 0, '187', 199, 1, 10, 1, 254, 4, 1, '2014-04-28 07:37:15', 114),
(2596, 0, '187', 199, 1, 10, 1, 255, 5, 1, '2014-04-28 07:37:16', 114),
(2597, 0, '187', 199, 1, 12, 1, 123, 1, 0, '2014-05-02 03:03:09', 114),
(2598, 0, '187', 199, 1, 13, 1, 444, 1, 1, '2014-04-28 07:37:19', 114),
(2599, 0, '187', 199, 1, 13, 1, 445, 2, 1, '2014-04-28 07:37:20', 114),
(2600, 0, '187', 199, 1, 13, 1, 446, 3, 1, '2014-04-28 07:37:22', 114),
(2601, 0, '187', 199, 1, 14, 1, 61, 1, 1, '2014-04-28 07:37:23', 114),
(2602, 0, '187', 199, 1, 14, 1, 62, 2, 1, '2014-04-28 07:37:25', 114),
(2603, 0, '187', 199, 1, 15, 1, 87, 1, 1, '2014-04-28 07:37:26', 114),
(2604, 14, '165', 184, 1, 10, 1, 256, 7, 1, '2014-04-29 02:37:34', 113),
(2605, 15, '165', 184, 1, 8, 1, 371, 7, 1, '2014-04-29 02:37:35', 113),
(2606, 16, '165', 184, 1, 9, 1, 547, 7, 1, '2014-04-29 02:37:35', 113),
(2607, 17, '165', 184, 1, 10, 1, 257, 8, 0, '2014-04-29 02:51:11', 113),
(2608, 18, '165', 184, 1, 8, 1, 372, 8, 1, '2014-04-29 02:39:14', 113),
(2609, 19, '165', 184, 1, 9, 1, 548, 8, 1, '2014-04-29 02:39:14', 113),
(2610, 20, '165', 184, 1, 10, 2, 258, 8, 1, '2014-04-29 02:51:11', 113),
(2611, 21, '165', 184, 1, 4, 2, 227, 1, 0, '2014-04-29 06:45:16', 113),
(2612, 22, '165', 184, 1, 4, 2, 228, 1, 0, '2014-04-29 06:46:39', 113),
(2613, 23, '165', 184, 1, 4, 2, 229, 1, 0, '2014-04-29 06:47:34', 113),
(2614, 24, '165', 184, 1, 4, 2, 230, 1, 0, '2014-04-29 06:51:34', 113),
(2615, 25, '165', 184, 1, 4, 2, 231, 1, 0, '2014-04-29 06:56:12', 113),
(2616, 26, '165', 184, 1, 4, 2, 232, 1, 0, '2014-04-29 07:00:12', 113),
(2617, 27, '165', 184, 1, 4, 2, 233, 1, 0, '2014-04-29 07:02:32', 113),
(2618, 28, '165', 184, 1, 4, 2, 234, 1, 0, '2014-04-29 07:04:11', 113),
(2619, 29, '165', 184, 1, 4, 2, 235, 1, 0, '2014-04-29 07:05:03', 113),
(2620, 30, '165', 184, 1, 4, 2, 236, 1, 1, '2014-04-29 07:05:03', 113),
(2621, 31, '165', 184, 1, 1, 1, 101, 1, 1, '2014-04-29 07:25:47', 113),
(2622, 32, '165', 184, 1, 1, 1, 102, 2, 0, '2014-04-29 07:26:36', 113),
(2623, 33, '165', 184, 1, 1, 3, 102, 2, 0, '2014-04-29 07:26:36', 113),
(2624, 34, '165', 184, 1, 1, 1, 103, 3, 1, '2014-04-29 19:15:58', 113),
(2625, 35, '165', 184, 1, 16, 1, 66, 1, 1, '2014-04-29 19:15:58', 113),
(2626, 36, '165', 184, 1, 10, 2, 259, 2, 1, '2014-04-29 19:16:41', 113),
(2627, 37, '165', 184, 1, 6, 1, 26, 1, 1, '2014-04-29 19:34:37', 113),
(2628, 38, '165', 184, 1, 6, 1, 27, 2, 1, '2014-04-29 19:37:14', 113),
(2629, 39, '165', 184, 1, 7, 1, 16, 1, 0, '2014-05-12 07:53:14', 113),
(2630, 40, '165', 184, 1, 7, 1, 17, 2, 0, '2014-05-12 07:53:20', 113),
(2631, 41, '165', 184, 1, 6, 1, 28, 3, 1, '2014-04-29 20:23:28', 113),
(2632, 42, '165', 184, 1, 6, 1, 29, 4, 1, '2014-04-29 20:24:22', 113),
(2633, 43, '165', 184, 1, 7, 1, 18, 3, 1, '2014-04-29 20:38:53', 113),
(2634, 44, '165', 184, 1, 7, 1, 19, 4, 1, '2014-04-29 20:41:21', 113),
(2635, 45, '165', 184, 1, 6, 1, 30, 5, 1, '2014-04-29 20:45:04', 113),
(2636, 46, '165', 184, 1, 6, 1, 31, 6, 1, '2014-04-29 20:46:19', 113),
(2637, 47, '165', 184, 1, 2, 1, 96, 1, 1, '2014-04-29 20:46:50', 113),
(2677, 0, '188', 200, 1, 13, 1, 447, 1, 1, '2014-04-30 00:17:36', 113),
(2678, 1, '188', 200, 1, 13, 1, 448, 2, 1, '2014-04-30 00:17:36', 113),
(2679, 2, '188', 200, 1, 13, 1, 449, 3, 1, '2014-04-30 00:17:36', 113),
(2680, 3, '188', 200, 1, 4, 1, 237, 1, 0, '2014-04-30 00:22:05', 113),
(2681, 4, '188', 200, 1, 5, 1, 921, 1, 0, '2014-04-30 00:22:23', 113),
(2682, 5, '188', 200, 1, 6, 1, 32, 1, 1, '2014-04-30 00:17:52', 113),
(2683, 6, '188', 200, 1, 7, 1, 30, 1, 1, '2014-04-30 00:18:15', 113),
(2684, 7, '188', 200, 1, 7, 1, 31, 2, 1, '2014-04-30 00:19:29', 113),
(2685, 8, '188', 200, 1, 17, 1, 47, 1, 1, '2014-04-30 00:20:10', 113),
(2686, 9, '188', 200, 1, 18, 1, 31, 1, 1, '2014-04-30 00:20:37', 113),
(2687, 10, '188', 200, 1, 18, 1, 32, 2, 1, '2014-04-30 00:20:53', 113),
(2688, 11, '188', 200, 1, 10, 1, 261, 1, 1, '2014-04-30 00:21:35', 113),
(2689, 12, '188', 200, 1, 8, 1, 374, 1, 1, '2014-04-30 00:21:35', 113),
(2690, 13, '188', 200, 1, 9, 1, 550, 1, 1, '2014-04-30 00:21:35', 113),
(2691, 14, '188', 200, 1, 4, 2, 238, 1, 1, '2014-04-30 00:22:05', 113),
(2692, 15, '188', 200, 1, 5, 2, 922, 1, 0, '2014-04-30 00:47:44', 113),
(2693, 0, '188', 200, 1, 2, 1, 99, 7, 1, '2014-04-30 00:22:44', 113),
(2694, 0, '188', 200, 1, 4, 1, 239, 7, 1, '2014-04-30 00:22:45', 113),
(2695, 0, '188', 200, 1, 4, 1, 240, 8, 1, '2014-04-30 00:22:46', 113),
(2696, 0, '188', 200, 1, 5, 1, 923, 8, 1, '2014-04-30 00:22:48', 113),
(2697, 0, '188', 200, 1, 8, 1, 375, 7, 1, '2014-04-30 00:22:49', 113),
(2698, 0, '188', 200, 1, 8, 1, 376, 8, 1, '2014-04-30 00:22:51', 113),
(2699, 0, '188', 200, 1, 8, 1, 377, 9, 1, '2014-04-30 00:22:53', 113),
(2700, 0, '188', 200, 1, 8, 1, 378, 10, 1, '2014-04-30 00:22:55', 113),
(2701, 0, '188', 200, 1, 8, 1, 379, 11, 1, '2014-04-30 00:22:56', 113),
(2702, 0, '188', 200, 1, 9, 1, 551, 7, 1, '2014-04-30 00:22:56', 113),
(2703, 0, '188', 200, 1, 9, 1, 552, 12, 1, '2014-04-30 00:22:57', 113),
(2704, 0, '188', 200, 1, 9, 1, 553, 8, 1, '2014-04-30 00:23:00', 113),
(2705, 0, '188', 200, 1, 9, 1, 554, 9, 1, '2014-04-30 00:23:01', 113),
(2706, 0, '188', 200, 1, 9, 1, 555, 10, 1, '2014-04-30 00:23:02', 113),
(2707, 0, '188', 200, 1, 9, 1, 556, 11, 1, '2014-04-30 00:23:03', 113),
(2708, 0, '188', 200, 1, 10, 1, 262, 7, 1, '2014-04-30 00:23:04', 113),
(2709, 0, '188', 200, 1, 10, 1, 263, 8, 1, '2014-04-30 00:23:05', 113),
(2710, 0, '188', 200, 1, 10, 1, 264, 9, 1, '2014-04-30 00:23:07', 113),
(2711, 0, '188', 200, 1, 10, 1, 265, 10, 1, '2014-04-30 00:23:08', 113),
(2712, 0, '188', 200, 1, 10, 1, 266, 11, 1, '2014-04-30 00:23:09', 113),
(2713, 0, '188', 200, 1, 12, 1, 126, 7, 1, '2014-04-30 00:23:10', 113),
(2714, 0, '188', 200, 1, 13, 1, 450, 7, 1, '2014-04-30 00:23:11', 113),
(2715, 0, '188', 200, 1, 13, 1, 451, 8, 1, '2014-04-30 00:23:12', 113),
(2716, 0, '188', 200, 1, 13, 1, 452, 9, 1, '2014-04-30 00:23:14', 113),
(2717, 0, '188', 200, 1, 14, 1, 64, 7, 1, '2014-04-30 00:23:16', 113),
(2718, 0, '188', 200, 1, 14, 1, 65, 8, 1, '2014-04-30 00:23:19', 113),
(2719, 0, '188', 200, 1, 15, 1, 89, 7, 1, '2014-04-30 00:23:21', 113),
(2720, 16, '188', 200, 1, 5, 2, 924, 5, 0, '2014-04-30 00:23:54', 113),
(2721, 17, '188', 200, 1, 5, 2, 925, 5, 0, '2014-04-30 00:24:38', 113),
(2722, 18, '188', 200, 1, 5, 3, 923, 5, 0, '2014-04-30 00:24:38', 113),
(2723, 19, '188', 200, 1, 5, 2, 926, 5, 0, '2014-04-30 00:25:03', 113),
(2724, 20, '188', 200, 1, 5, 3, 926, 5, 0, '2014-04-30 00:25:03', 113),
(2725, 21, '188', 200, 1, 5, 2, 927, 5, 0, '2014-04-30 00:45:24', 113),
(2726, 22, '188', 200, 1, 5, 3, 927, 5, 0, '2014-04-30 00:45:24', 113),
(2727, 23, '188', 200, 1, 5, 2, 928, 1, 1, '2014-04-30 00:47:44', 113),
(2728, 24, '188', 200, 1, 5, 2, 929, 5, 0, '2014-04-30 00:51:22', 113),
(2729, 25, '188', 200, 1, 5, 2, 930, 5, 0, '2014-04-30 00:51:40', 113),
(2730, 26, '188', 200, 1, 5, 2, 931, 5, 0, '2014-04-30 00:59:34', 113),
(2731, 27, '188', 200, 1, 5, 3, 931, 5, 0, '2014-04-30 00:59:34', 113),
(2732, 28, '188', 200, 1, 5, 2, 932, 5, 1, '2014-04-30 00:59:43', 113),
(2923, 1, '187', 199, 1, 10, 1, 296, 6, 1, '2014-04-30 22:45:29', 114),
(2924, 2, '187', 199, 1, 8, 1, 409, 6, 1, '2014-04-30 22:45:29', 114),
(2925, 3, '187', 199, 1, 9, 1, 591, 7, 0, '2014-04-30 23:16:06', 114),
(2926, 4, '187', 199, 1, 10, 1, 297, 7, 0, '2014-04-30 22:46:42', 114),
(2927, 5, '187', 199, 1, 8, 1, 410, 7, 1, '2014-04-30 22:46:16', 114),
(2928, 6, '187', 199, 1, 9, 1, 592, 8, 1, '2014-04-30 22:46:17', 114),
(2929, 7, '187', 199, 1, 10, 3, 297, 7, 0, '2014-04-30 22:46:42', 114),
(2930, 8, '187', 199, 1, 10, 1, 298, 8, 0, '2014-04-30 22:47:41', 114),
(2931, 9, '187', 199, 1, 8, 1, 411, 8, 1, '2014-04-30 22:47:18', 114),
(2932, 10, '187', 199, 1, 9, 1, 593, 9, 1, '2014-04-30 22:47:18', 114),
(2933, 11, '187', 199, 1, 10, 3, 298, 8, 0, '2014-04-30 22:47:41', 114),
(2934, 12, '187', 199, 1, 9, 2, 594, 7, 1, '2014-04-30 23:16:06', 114),
(2935, 13, '187', 199, 1, 12, 1, 132, 2, 0, '2014-05-02 05:18:53', 114),
(2936, 14, '187', 199, 1, 15, 1, 95, 2, 1, '2014-04-30 23:16:22', 114),
(2937, 15, '187', 199, 1, 12, 1, 133, 3, 0, '2014-05-03 01:15:13', 114),
(2938, 16, '187', 199, 1, 15, 1, 96, 3, 1, '2014-04-30 23:16:42', 114),
(2939, 17, '187', 199, 1, 9, 1, 595, 10, 0, '2014-04-30 23:18:01', 114),
(2940, 18, '187', 199, 1, 9, 2, 596, 10, 0, '2014-04-30 23:18:21', 114),
(2941, 19, '187', 199, 1, 9, 2, 597, 10, 0, '2014-05-01 06:49:51', 114),
(2942, 20, '187', 199, 1, 12, 1, 134, 4, 0, '2014-05-04 07:15:25', 114),
(2943, 21, '187', 199, 1, 15, 1, 97, 4, 1, '2014-04-30 23:18:48', 114),
(2944, 22, '187', 199, 1, 2, 1, 107, 2, 1, '2014-04-30 23:19:01', 114),
(2945, 23, '187', 199, 1, 14, 1, 76, 3, 1, '2014-04-30 23:19:02', 114),
(2946, 24, '187', 199, 1, 1, 1, 109, 1, 0, '2014-04-30 23:20:49', 114),
(2947, 25, '187', 199, 1, 16, 1, 68, 1, 1, '2014-04-30 23:19:33', 114),
(2948, 26, '187', 199, 1, 1, 2, 110, 1, 1, '2014-04-30 23:20:49', 114),
(2949, 27, '187', 199, 1, 3, 1, 50, 1, 1, '2014-04-30 23:24:20', 114),
(2950, 28, '187', 199, 1, 6, 1, 35, 1, 1, '2014-04-30 23:55:06', 114),
(2951, 29, '187', 199, 1, 3, 1, 51, 2, 1, '2014-05-01 06:37:50', 114),
(2952, 30, '187', 199, 1, 3, 1, 52, 3, 1, '2014-05-01 06:39:48', 114),
(2953, 31, '187', 199, 1, 3, 1, 53, 4, 1, '2014-05-01 06:40:51', 114),
(2954, 32, '187', 199, 1, 12, 1, 135, 5, 0, '2014-05-01 06:50:12', 114),
(2955, 33, '187', 199, 1, 15, 1, 98, 5, 1, '2014-05-01 06:49:35', 114),
(2956, 34, '187', 199, 1, 9, 2, 598, 10, 1, '2014-05-01 06:49:51', 114),
(2957, 35, '187', 199, 1, 12, 2, 136, 5, 0, '2014-05-02 00:09:31', 114),
(2958, 36, '187', 199, 1, 12, 2, 137, 5, 1, '2014-05-02 00:09:31', 114),
(2959, 37, '187', 199, 1, 1, 1, 111, 2, 1, '2014-05-02 01:15:10', 114),
(2960, 38, '187', 199, 1, 7, 1, 34, 1, 1, '2014-05-02 01:48:54', 114),
(2961, 39, '187', 199, 1, 7, 1, 35, 2, 1, '2014-05-02 01:49:12', 114),
(2962, 40, '187', 199, 1, 7, 1, 36, 3, 1, '2014-05-02 01:49:27', 114),
(2963, 41, '187', 199, 1, 7, 1, 37, 4, 1, '2014-05-02 01:49:47', 114),
(2964, 42, '187', 199, 1, 12, 2, 138, 1, 0, '2014-05-04 07:53:03', 114),
(2965, 43, '187', 199, 1, 12, 2, 139, 2, 0, '2014-05-04 08:35:31', 114),
(2967, 45, '187', 199, 1, 12, 2, 140, 3, 0, '2014-05-04 09:12:23', 114),
(2973, 51, '187', 199, 1, 12, 2, 141, 4, 0, '2014-05-04 23:53:49', 114),
(2978, 56, '187', 199, 1, 12, 2, 142, 1, 1, '2014-05-04 07:53:03', 114),
(2979, 57, '187', 199, 1, 12, 2, 143, 2, 1, '2014-05-04 08:35:31', 114),
(2980, 29, '188', 200, 1, 12, 1, 144, 5, 1, '2014-05-04 08:40:20', 113),
(2982, 31, '188', 200, 1, 12, 2, 145, 4, 0, '2014-05-09 08:36:54', 113),
(2983, 58, '187', 199, 1, 12, 2, 146, 3, 1, '2014-05-04 09:12:23', 114),
(2984, 59, '187', 199, 1, 11, 1, 22, 1, 1, '2014-05-04 23:51:47', 114),
(2985, 60, '187', 199, 1, 12, 1, 147, 6, 0, '2014-05-05 00:32:33', 114),
(2986, 61, '187', 199, 1, 12, 2, 148, 4, 1, '2014-05-04 23:53:49', 114),
(2987, 62, '187', 199, 1, 12, 3, 147, 6, 0, '2014-05-05 00:32:33', 114),
(2988, 63, '187', 199, 1, 12, 1, 149, 7, 0, '2014-05-05 00:37:12', 114),
(2989, 64, '187', 199, 1, 12, 3, 149, 7, 0, '2014-05-05 00:37:12', 114),
(2990, 65, '187', 199, 1, 12, 1, 150, 8, 0, '2014-05-05 00:38:31', 114),
(2991, 66, '187', 199, 1, 12, 3, 150, 8, 0, '2014-05-05 00:38:31', 114),
(2992, 0, '189', 201, 1, 13, 1, 453, 1, 1, '2014-05-05 05:31:22', 118),
(2993, 1, '189', 201, 1, 13, 1, 454, 2, 1, '2014-05-05 05:31:22', 118),
(2994, 2, '189', 201, 1, 13, 1, 455, 3, 1, '2014-05-05 05:31:22', 118),
(2995, 3, '189', 201, 1, 4, 1, 241, 1, 1, '2014-05-05 05:31:22', 118),
(2996, 4, '189', 201, 1, 5, 1, 933, 1, 1, '2014-05-05 05:31:22', 118),
(2997, 0, '190', 202, 1, 13, 1, 456, 1, 1, '2014-05-05 11:14:44', 120),
(2998, 1, '190', 202, 1, 13, 1, 457, 2, 1, '2014-05-05 11:14:45', 120),
(2999, 2, '190', 202, 1, 13, 1, 458, 3, 1, '2014-05-05 11:14:45', 120),
(3000, 3, '190', 202, 1, 4, 1, 242, 1, 1, '2014-05-05 11:14:45', 120),
(3001, 4, '190', 202, 1, 5, 1, 934, 1, 1, '2014-05-05 11:14:46', 120),
(3002, 0, '190', 202, 1, 2, 1, 108, 4, 1, '2014-05-05 11:15:01', 120),
(3003, 0, '190', 202, 1, 4, 1, 243, 4, 1, '2014-05-05 11:15:03', 120),
(3004, 0, '190', 202, 1, 4, 1, 244, 5, 1, '2014-05-05 11:15:05', 120),
(3005, 0, '190', 202, 1, 5, 1, 935, 5, 1, '2014-05-05 11:15:07', 120),
(3006, 0, '190', 202, 1, 8, 1, 412, 4, 1, '2014-05-05 11:15:08', 120),
(3007, 0, '190', 202, 1, 8, 1, 413, 5, 1, '2014-05-05 11:15:10', 120),
(3008, 0, '190', 202, 1, 8, 1, 414, 6, 1, '2014-05-05 11:15:11', 120),
(3009, 0, '190', 202, 1, 8, 1, 415, 7, 1, '2014-05-05 11:15:14', 120),
(3010, 0, '190', 202, 1, 8, 1, 416, 8, 1, '2014-05-05 11:15:16', 120),
(3011, 0, '190', 202, 1, 9, 1, 599, 4, 1, '2014-05-05 11:15:18', 120),
(3012, 0, '190', 202, 1, 9, 1, 600, 9, 1, '2014-05-05 11:15:19', 120),
(3013, 0, '190', 202, 1, 9, 1, 601, 5, 1, '2014-05-05 11:15:20', 120),
(3014, 0, '190', 202, 1, 9, 1, 602, 6, 1, '2014-05-05 11:15:22', 120),
(3015, 0, '190', 202, 1, 9, 1, 603, 7, 1, '2014-05-05 11:15:23', 120),
(3016, 0, '190', 202, 1, 9, 1, 604, 8, 1, '2014-05-05 11:15:26', 120),
(3017, 0, '190', 202, 1, 10, 1, 299, 4, 1, '2014-05-05 11:15:27', 120),
(3018, 0, '190', 202, 1, 10, 1, 300, 5, 1, '2014-05-05 11:15:28', 120),
(3019, 0, '190', 202, 1, 10, 1, 301, 6, 1, '2014-05-05 11:15:30', 120),
(3020, 0, '190', 202, 1, 10, 1, 302, 7, 1, '2014-05-05 11:15:31', 120),
(3021, 0, '190', 202, 1, 10, 1, 303, 8, 1, '2014-05-05 11:15:33', 120),
(3022, 0, '190', 202, 1, 12, 1, 151, 4, 1, '2014-05-05 11:15:35', 120),
(3023, 0, '190', 202, 1, 13, 1, 459, 4, 1, '2014-05-05 11:15:37', 120),
(3024, 0, '190', 202, 1, 13, 1, 460, 5, 1, '2014-05-05 11:15:38', 120),
(3025, 0, '190', 202, 1, 13, 1, 461, 6, 1, '2014-05-05 11:15:41', 120),
(3026, 0, '190', 202, 1, 14, 1, 77, 4, 1, '2014-05-05 11:15:43', 120),
(3027, 0, '190', 202, 1, 14, 1, 78, 5, 1, '2014-05-05 11:15:45', 120),
(3028, 0, '190', 202, 1, 15, 1, 99, 4, 1, '2014-05-05 11:15:46', 120),
(3029, 5, '190', 202, 1, 10, 1, 304, 9, 0, '2014-05-07 05:10:45', 120),
(3030, 6, '190', 202, 1, 8, 1, 417, 9, 1, '2014-05-05 11:18:05', 120),
(3031, 7, '190', 202, 1, 9, 1, 605, 10, 1, '2014-05-05 11:18:06', 120),
(3032, 8, '190', 202, 1, 10, 1, 305, 10, 0, '2014-05-05 11:20:27', 120),
(3033, 9, '190', 202, 1, 8, 1, 418, 10, 1, '2014-05-05 11:18:43', 120),
(3034, 10, '190', 202, 1, 9, 1, 606, 11, 1, '2014-05-05 11:18:43', 120),
(3035, 11, '190', 202, 1, 5, 1, 936, 6, 1, '2014-05-05 11:19:11', 120),
(3036, 12, '190', 202, 1, 10, 1, 306, 11, 1, '2014-05-05 11:19:29', 120),
(3037, 13, '190', 202, 1, 8, 1, 419, 11, 1, '2014-05-05 11:19:29', 120),
(3038, 14, '190', 202, 1, 9, 1, 607, 12, 1, '2014-05-05 11:19:29', 120),
(3039, 15, '190', 202, 1, 10, 3, 305, 10, 0, '2014-05-05 11:20:27', 120),
(3040, 16, '190', 202, 1, 10, 1, 307, 12, 1, '2014-05-05 11:20:48', 120),
(3041, 17, '190', 202, 1, 8, 1, 420, 12, 1, '2014-05-05 11:20:50', 120),
(3042, 18, '190', 202, 1, 9, 1, 608, 13, 1, '2014-05-05 11:20:50', 120),
(3043, 19, '190', 202, 1, 10, 1, 308, 13, 1, '2014-05-05 11:21:31', 120),
(3044, 20, '190', 202, 1, 8, 1, 421, 13, 1, '2014-05-05 11:21:31', 120),
(3045, 21, '190', 202, 1, 9, 1, 609, 14, 1, '2014-05-05 11:21:31', 120),
(3046, 22, '190', 202, 1, 6, 1, 36, 1, 0, '2014-05-07 00:13:27', 120),
(3047, 23, '190', 202, 1, 17, 1, 48, 1, 0, '2014-05-05 13:04:25', 120),
(3048, 24, '190', 202, 1, 17, 1, 49, 2, 0, '2014-05-05 11:43:39', 120),
(3049, 25, '190', 202, 1, 17, 3, 49, 2, 0, '2014-05-05 11:43:39', 120),
(3050, 26, '190', 202, 1, 18, 1, 33, 1, 0, '2014-05-05 12:01:00', 120),
(3051, 27, '190', 202, 1, 17, 2, 50, 1, 0, '2014-05-07 04:19:40', 120),
(3052, 28, '190', 202, 1, 18, 1, 34, 2, 0, '2014-05-05 23:01:54', 120),
(3053, 29, '190', 202, 1, 7, 1, 38, 1, 1, '2014-05-05 11:49:18', 120),
(3054, 30, '190', 202, 1, 7, 1, 39, 2, 0, '2014-05-07 00:17:39', 120),
(3055, 31, '190', 202, 1, 18, 1, 35, 3, 0, '2014-05-05 12:01:36', 120),
(3056, 32, '190', 202, 1, 18, 3, 33, 1, 0, '2014-05-05 12:01:00', 120),
(3057, 33, '190', 202, 1, 18, 1, 36, 4, 0, '2014-05-05 12:03:06', 120),
(3058, 34, '190', 202, 1, 18, 3, 35, 3, 0, '2014-05-05 12:01:36', 120),
(3059, 35, '190', 202, 1, 18, 1, 37, 5, 0, '2014-05-05 12:03:42', 120),
(3060, 36, '190', 202, 1, 18, 3, 36, 4, 0, '2014-05-05 12:03:06', 120),
(3061, 37, '190', 202, 1, 18, 1, 38, 6, 0, '2014-05-05 12:03:51', 120),
(3062, 38, '190', 202, 1, 18, 3, 37, 5, 0, '2014-05-05 12:03:42', 120),
(3063, 39, '190', 202, 1, 18, 3, 38, 6, 0, '2014-05-05 12:03:51', 120),
(3064, 40, '190', 202, 1, 17, 2, 51, 1, 0, '2014-05-06 00:55:59', 120),
(3065, 41, '190', 202, 1, 18, 2, 39, 2, 0, '2014-05-07 00:11:14', 120),
(3066, 42, '190', 202, 1, 18, 2, 40, 2, 1, '2014-05-07 02:05:14', 120),
(3067, 43, '190', 202, 1, 18, 1, 41, 7, 1, '2014-05-05 23:13:57', 120),
(3068, 44, '190', 202, 1, 17, 2, 52, 1, 1, '2014-05-06 18:05:41', 120),
(3069, 45, '190', 202, 1, 6, 2, 37, 1, 0, '2014-05-07 00:15:15', 120),
(3070, 46, '190', 202, 1, 6, 2, 38, 1, 1, '2014-05-07 02:05:15', 120),
(3071, 47, '190', 202, 1, 7, 2, 40, 2, 1, '2014-05-07 02:05:39', 120),
(3072, 48, '190', 202, 1, 18, 1, 42, 8, 1, '2014-05-07 01:13:28', 120),
(3073, 49, '190', 202, 1, 6, 1, 39, 2, 1, '2014-05-07 01:32:42', 120),
(3074, 50, '190', 202, 1, 6, 1, 40, 3, 1, '2014-05-07 01:40:48', 120),
(3075, 51, '190', 202, 1, 6, 1, 41, 4, 0, '2014-05-07 01:41:09', 120),
(3076, 52, '190', 202, 1, 6, 3, 41, 4, 0, '2014-05-07 01:41:09', 120),
(3077, 53, '190', 202, 1, 6, 1, 42, 5, 1, '2014-05-07 01:45:31', 120),
(3078, 54, '190', 202, 1, 6, 1, 43, 6, 1, '2014-05-07 01:45:45', 120),
(3079, 55, '190', 202, 1, 1, 1, 112, 1, 1, '2014-05-07 04:21:02', 120),
(3080, 56, '190', 202, 1, 1, 1, 113, 2, 1, '2014-05-07 04:21:16', 120),
(3081, 57, '190', 202, 1, 2, 1, 109, 5, 1, '2014-05-07 04:21:54', 120),
(3082, 58, '190', 202, 1, 12, 1, 152, 5, 1, '2014-05-07 04:22:12', 120),
(3083, 59, '190', 202, 1, 10, 2, 309, 9, 1, '2014-05-06 19:05:45', 120),
(3084, 32, '188', 200, 1, 11, 1, 23, 1, 1, '2014-05-09 08:36:10', 113),
(3085, 33, '188', 200, 1, 12, 2, 153, 4, 0, '2014-05-09 08:37:42', 113),
(3086, 34, '188', 200, 1, 11, 1, 24, 2, 1, '2014-05-09 08:37:29', 113),
(3087, 35, '188', 200, 1, 12, 2, 154, 4, 1, '2014-05-09 08:37:43', 113),
(3088, 48, '165', 184, 1, 17, 1, 53, 1, 0, '2014-05-12 07:15:47', 113),
(3089, 49, '165', 184, 1, 18, 1, 43, 1, 1, '2014-05-12 07:15:39', 113),
(3090, 50, '165', 184, 1, 17, 2, 54, 1, 1, '2014-05-12 07:15:47', 113),
(3091, 51, '165', 184, 1, 7, 2, 41, 1, 1, '2014-05-12 07:53:14', 113),
(3092, 52, '165', 184, 1, 7, 2, 42, 2, 1, '2014-05-12 07:53:20', 113),
(3093, 53, '165', 184, 1, 7, 1, 43, 5, 1, '2014-05-12 07:53:46', 113),
(3094, 54, '165', 184, 1, 7, 1, 44, 6, 1, '2014-05-12 07:54:02', 113),
(3095, 55, '165', 184, 1, 7, 1, 45, 7, 1, '2014-05-12 07:54:45', 113),
(3096, 56, '165', 184, 1, 7, 1, 46, 8, 1, '2014-05-12 07:55:09', 113),
(3097, 57, '165', 184, 1, 7, 1, 47, 9, 1, '2014-05-12 07:56:59', 113),
(3201, 0, '199', 206, 1, 13, 1, 480, 1, 1, '2014-05-14 02:47:48', 121),
(3202, 1, '199', 206, 1, 13, 1, 481, 2, 1, '2014-05-14 02:47:48', 121),
(3203, 2, '199', 206, 1, 13, 1, 482, 3, 1, '2014-05-14 02:47:48', 121),
(3204, 3, '199', 206, 1, 4, 1, 255, 1, 1, '2014-05-14 02:47:48', 121),
(3205, 4, '199', 206, 1, 5, 1, 943, 1, 1, '2014-05-14 02:47:48', 121),
(3206, 0, '199', 206, 1, 2, 1, 113, 4, 1, '2014-05-14 02:48:01', 121),
(3207, 0, '199', 206, 1, 4, 1, 256, 4, 1, '2014-05-14 02:48:01', 121),
(3208, 0, '199', 206, 1, 4, 1, 257, 5, 1, '2014-05-14 02:48:01', 121),
(3209, 0, '199', 206, 1, 5, 1, 944, 5, 1, '2014-05-14 02:48:01', 121),
(3210, 0, '199', 206, 1, 8, 1, 438, 4, 1, '2014-05-14 02:48:01', 121),
(3211, 0, '199', 206, 1, 8, 1, 439, 5, 1, '2014-05-14 02:48:02', 121),
(3212, 0, '199', 206, 1, 8, 1, 440, 6, 1, '2014-05-14 02:48:02', 121),
(3213, 0, '199', 206, 1, 8, 1, 441, 7, 1, '2014-05-14 02:48:02', 121),
(3214, 0, '199', 206, 1, 8, 1, 442, 8, 1, '2014-05-14 02:48:02', 121),
(3215, 0, '199', 206, 1, 9, 1, 630, 4, 1, '2014-05-14 02:48:02', 121),
(3216, 0, '199', 206, 1, 9, 1, 631, 9, 1, '2014-05-14 02:48:02', 121),
(3217, 0, '199', 206, 1, 9, 1, 632, 5, 1, '2014-05-14 02:48:02', 121),
(3218, 0, '199', 206, 1, 9, 1, 633, 6, 1, '2014-05-14 02:48:03', 121),
(3219, 0, '199', 206, 1, 9, 1, 634, 7, 1, '2014-05-14 02:48:03', 121),
(3220, 0, '199', 206, 1, 9, 1, 635, 8, 1, '2014-05-14 02:48:03', 121),
(3221, 0, '199', 206, 1, 10, 1, 326, 4, 1, '2014-05-14 02:48:03', 121),
(3222, 0, '199', 206, 1, 10, 1, 327, 5, 1, '2014-05-14 02:48:03', 121),
(3223, 0, '199', 206, 1, 10, 1, 328, 6, 1, '2014-05-14 02:48:03', 121),
(3224, 0, '199', 206, 1, 10, 1, 329, 7, 1, '2014-05-14 02:48:03', 121),
(3225, 0, '199', 206, 1, 10, 1, 330, 8, 1, '2014-05-14 02:48:04', 121),
(3226, 0, '199', 206, 1, 12, 1, 158, 4, 1, '2014-05-14 02:48:04', 121),
(3227, 0, '199', 206, 1, 13, 1, 483, 4, 1, '2014-05-14 02:48:04', 121),
(3228, 0, '199', 206, 1, 13, 1, 484, 5, 1, '2014-05-14 02:48:04', 121),
(3229, 0, '199', 206, 1, 13, 1, 485, 6, 1, '2014-05-14 02:48:04', 121),
(3230, 0, '199', 206, 1, 14, 1, 86, 4, 1, '2014-05-14 02:48:04', 121),
(3231, 0, '199', 206, 1, 14, 1, 87, 5, 1, '2014-05-14 02:48:05', 121),
(3232, 0, '199', 206, 1, 15, 1, 104, 4, 1, '2014-05-14 02:48:05', 121),
(3233, 0, '200', 206, 1, 2, 1, 114, 4, 0, '2014-07-28 09:51:06', 121),
(3234, 0, '200', 206, 1, 4, 1, 258, 1, 0, '2014-05-14 06:29:53', 121),
(3235, 0, '200', 206, 1, 4, 1, 259, 4, 0, '2014-05-14 06:30:52', 121),
(3236, 0, '200', 206, 1, 4, 1, 260, 5, 0, '2014-05-14 06:31:01', 121),
(3237, 0, '200', 206, 1, 5, 1, 945, 1, 0, '2014-05-14 06:18:16', 121),
(3238, 0, '200', 206, 1, 5, 1, 946, 5, 0, '2014-07-28 09:48:23', 121),
(3239, 0, '200', 206, 1, 8, 1, 443, 4, 1, '2014-05-14 02:48:14', 121),
(3240, 0, '200', 206, 1, 8, 1, 444, 5, 1, '2014-05-14 02:48:14', 121),
(3241, 0, '200', 206, 1, 8, 1, 445, 6, 1, '2014-05-14 02:48:14', 121),
(3242, 0, '200', 206, 1, 8, 1, 446, 7, 1, '2014-05-14 02:48:14', 121),
(3243, 0, '200', 206, 1, 8, 1, 447, 8, 1, '2014-05-14 02:48:14', 121),
(3244, 0, '200', 206, 1, 9, 1, 636, 4, 1, '2014-05-14 02:48:15', 121),
(3245, 0, '200', 206, 1, 9, 1, 637, 9, 1, '2014-05-14 02:48:15', 121),
(3246, 0, '200', 206, 1, 9, 1, 638, 5, 1, '2014-05-14 02:48:15', 121),
(3247, 0, '200', 206, 1, 9, 1, 639, 6, 1, '2014-05-14 02:48:15', 121),
(3248, 0, '200', 206, 1, 9, 1, 640, 7, 1, '2014-05-14 02:48:15', 121),
(3249, 0, '200', 206, 1, 9, 1, 641, 8, 1, '2014-05-14 02:48:15', 121),
(3250, 0, '200', 206, 1, 10, 1, 331, 4, 0, '2014-07-28 09:47:57', 121),
(3251, 0, '200', 206, 1, 10, 1, 332, 5, 1, '2014-05-14 02:48:16', 121),
(3252, 0, '200', 206, 1, 10, 1, 333, 6, 1, '2014-05-14 02:48:16', 121),
(3253, 0, '200', 206, 1, 10, 1, 334, 7, 0, '2014-07-28 09:48:11', 121),
(3254, 0, '200', 206, 1, 10, 1, 335, 8, 1, '2014-05-14 02:48:16', 121),
(3255, 0, '200', 206, 1, 12, 1, 159, 4, 0, '2014-05-14 12:12:34', 121),
(3256, 0, '200', 206, 1, 13, 1, 486, 1, 1, '2014-05-14 02:48:16', 121),
(3257, 0, '200', 206, 1, 13, 1, 487, 2, 1, '2014-05-14 02:48:16', 121),
(3258, 0, '200', 206, 1, 13, 1, 488, 3, 1, '2014-05-14 02:48:16', 121),
(3259, 0, '200', 206, 1, 13, 1, 489, 4, 1, '2014-05-14 02:48:16', 121),
(3260, 0, '200', 206, 1, 13, 1, 490, 5, 1, '2014-05-14 02:48:16', 121),
(3261, 0, '200', 206, 1, 13, 1, 491, 6, 1, '2014-05-14 02:48:17', 121),
(3262, 0, '200', 206, 1, 14, 1, 88, 4, 1, '2014-05-14 02:48:17', 121),
(3263, 0, '200', 206, 1, 14, 1, 89, 5, 1, '2014-05-14 02:48:17', 121),
(3264, 0, '200', 206, 1, 15, 1, 105, 4, 1, '2014-05-14 02:48:17', 121),
(3265, 0, '201', 207, 1, 13, 1, 492, 1, 1, '2014-05-14 04:45:16', 113),
(3266, 1, '201', 207, 1, 13, 1, 493, 2, 1, '2014-05-14 04:45:16', 113),
(3267, 2, '201', 207, 1, 13, 1, 494, 3, 1, '2014-05-14 04:45:17', 113),
(3268, 3, '201', 207, 1, 4, 1, 261, 1, 0, '2014-05-14 04:45:46', 113),
(3269, 4, '201', 207, 1, 5, 1, 947, 1, 0, '2014-05-14 04:49:40', 113),
(3270, 5, '201', 207, 1, 4, 2, 262, 1, 1, '2014-05-14 04:45:46', 113),
(3271, 6, '201', 207, 1, 4, 1, 263, 2, 1, '2014-05-14 04:46:28', 113),
(3272, 7, '201', 207, 1, 4, 1, 264, 3, 0, '2014-05-14 04:47:38', 113),
(3273, 8, '201', 207, 1, 4, 2, 265, 3, 1, '2014-05-14 04:47:38', 113),
(3274, 9, '201', 207, 1, 10, 1, 336, 1, 1, '2014-05-14 04:49:29', 113),
(3275, 10, '201', 207, 1, 8, 1, 448, 1, 1, '2014-05-14 04:49:29', 113),
(3276, 11, '201', 207, 1, 9, 1, 642, 1, 0, '2014-05-14 05:00:06', 113),
(3277, 12, '201', 207, 1, 5, 2, 948, 1, 1, '2014-05-14 04:49:40', 113),
(3278, 13, '201', 207, 1, 10, 1, 337, 2, 1, '2014-05-14 04:51:07', 113),
(3279, 14, '201', 207, 1, 8, 1, 449, 2, 1, '2014-05-14 04:51:07', 113),
(3280, 15, '201', 207, 1, 9, 1, 643, 2, 0, '2014-05-14 05:08:13', 113),
(3281, 16, '201', 207, 1, 10, 1, 338, 3, 1, '2014-05-14 04:57:52', 113),
(3282, 17, '201', 207, 1, 8, 1, 450, 3, 1, '2014-05-14 04:57:52', 113),
(3283, 18, '201', 207, 1, 9, 1, 644, 3, 1, '2014-05-14 04:57:52', 113),
(3284, 19, '201', 207, 1, 9, 2, 645, 1, 1, '2014-05-14 05:00:06', 113),
(3285, 20, '201', 207, 1, 12, 1, 160, 1, 0, '2014-05-14 05:05:05', 113),
(3286, 21, '201', 207, 1, 15, 1, 106, 1, 1, '2014-05-14 05:00:18', 113),
(3287, 22, '201', 207, 1, 12, 1, 161, 2, 1, '2014-05-14 05:04:33', 113),
(3288, 23, '201', 207, 1, 12, 2, 162, 1, 1, '2014-05-14 05:05:05', 113),
(3289, 24, '201', 207, 1, 9, 2, 646, 2, 1, '2014-05-14 05:08:13', 113),
(3290, 25, '201', 207, 1, 17, 1, 55, 1, 0, '2014-05-14 05:11:20', 113),
(3291, 26, '201', 207, 1, 18, 1, 44, 1, 1, '2014-05-14 05:11:09', 113),
(3292, 27, '201', 207, 1, 17, 2, 56, 1, 1, '2014-05-14 05:11:20', 113),
(3293, 0, '202', 207, 1, 4, 1, 266, 1, 1, '2014-05-14 05:14:38', 113),
(3294, 0, '202', 207, 1, 4, 1, 267, 2, 1, '2014-05-14 05:14:38', 113),
(3295, 0, '202', 207, 1, 4, 1, 268, 3, 1, '2014-05-14 05:14:38', 113),
(3296, 0, '202', 207, 1, 5, 1, 949, 1, 1, '2014-05-14 05:14:38', 113),
(3297, 0, '202', 207, 1, 8, 1, 451, 1, 1, '2014-05-14 05:14:38', 113),
(3298, 0, '202', 207, 1, 8, 1, 452, 2, 1, '2014-05-14 05:14:38', 113),
(3299, 0, '202', 207, 1, 8, 1, 453, 3, 1, '2014-05-14 05:14:38', 113),
(3300, 0, '202', 207, 1, 9, 1, 647, 1, 1, '2014-05-14 05:14:38', 113),
(3301, 0, '202', 207, 1, 9, 1, 648, 2, 1, '2014-05-14 05:14:39', 113),
(3302, 0, '202', 207, 1, 9, 1, 649, 3, 1, '2014-05-14 05:14:39', 113),
(3303, 0, '202', 207, 1, 10, 1, 339, 1, 1, '2014-05-14 05:14:39', 113),
(3304, 0, '202', 207, 1, 10, 1, 340, 2, 1, '2014-05-14 05:14:39', 113),
(3305, 0, '202', 207, 1, 10, 1, 341, 3, 1, '2014-05-14 05:14:39', 113),
(3306, 0, '202', 207, 1, 12, 1, 163, 2, 1, '2014-05-14 05:14:39', 113),
(3307, 0, '202', 207, 1, 12, 1, 164, 1, 0, '2014-06-10 05:16:38', 113),
(3308, 0, '202', 207, 1, 13, 1, 495, 1, 1, '2014-05-14 05:14:39', 113),
(3309, 0, '202', 207, 1, 13, 1, 496, 2, 1, '2014-05-14 05:14:39', 113),
(3310, 0, '202', 207, 1, 13, 1, 497, 3, 1, '2014-05-14 05:14:39', 113),
(3311, 0, '202', 207, 1, 15, 1, 107, 1, 1, '2014-05-14 05:14:40', 113),
(3312, 0, '202', 207, 1, 17, 1, 57, 1, 1, '2014-05-14 05:14:40', 113),
(3313, 0, '202', 207, 1, 18, 1, 45, 1, 1, '2014-05-14 05:14:40', 113),
(3314, 0, '203', 208, 1, 13, 1, 498, 1, 1, '2014-05-14 05:16:15', 121),
(3315, 1, '203', 208, 1, 13, 1, 499, 2, 1, '2014-05-14 05:16:15', 121),
(3316, 2, '203', 208, 1, 13, 1, 500, 3, 1, '2014-05-14 05:16:15', 121),
(3317, 3, '203', 208, 1, 4, 1, 269, 1, 0, '2014-05-14 05:16:45', 121),
(3318, 4, '203', 208, 1, 5, 1, 950, 1, 0, '2014-05-14 05:16:39', 121),
(3319, 0, '203', 208, 1, 4, 1, 270, 4, 1, '2014-05-14 05:16:27', 121),
(3320, 0, '203', 208, 1, 4, 1, 271, 5, 0, '2014-06-17 04:14:00', 121),
(3321, 0, '203', 208, 1, 4, 1, 272, 6, 0, '2014-06-17 04:24:16', 121),
(3322, 0, '203', 208, 1, 5, 1, 951, 4, 1, '2014-05-14 05:16:27', 121),
(3323, 0, '203', 208, 1, 8, 1, 454, 4, 1, '2014-05-14 05:16:28', 121),
(3324, 0, '203', 208, 1, 8, 1, 455, 5, 1, '2014-05-14 05:16:28', 121),
(3325, 0, '203', 208, 1, 8, 1, 456, 6, 1, '2014-05-14 05:16:28', 121),
(3326, 0, '203', 208, 1, 9, 1, 650, 4, 0, '2014-06-16 23:30:45', 121),
(3327, 0, '203', 208, 1, 9, 1, 651, 5, 0, '2014-06-16 06:50:45', 121),
(3328, 0, '203', 208, 1, 9, 1, 652, 6, 0, '2014-06-16 08:09:58', 121),
(3329, 0, '203', 208, 1, 10, 1, 342, 4, 0, '2014-06-16 23:30:03', 121),
(3330, 0, '203', 208, 1, 10, 1, 343, 5, 0, '2014-06-16 06:49:57', 121),
(3331, 0, '203', 208, 1, 10, 1, 344, 6, 1, '2014-05-14 05:16:29', 121),
(3332, 0, '203', 208, 1, 12, 1, 165, 5, 0, '2014-06-16 02:26:06', 121),
(3333, 0, '203', 208, 1, 12, 1, 166, 4, 0, '2014-06-16 02:25:28', 121),
(3334, 0, '203', 208, 1, 13, 1, 501, 4, 1, '2014-05-14 05:16:30', 121),
(3335, 0, '203', 208, 1, 13, 1, 502, 5, 1, '2014-05-14 05:16:30', 121),
(3336, 0, '203', 208, 1, 13, 1, 503, 6, 1, '2014-05-14 05:16:30', 121),
(3337, 0, '203', 208, 1, 15, 1, 108, 4, 0, '2014-06-17 04:50:23', 121),
(3338, 0, '203', 208, 1, 17, 1, 58, 4, 1, '2014-05-14 05:16:30', 121),
(3339, 0, '203', 208, 1, 18, 1, 46, 4, 1, '2014-05-14 05:16:30', 121),
(3340, 5, '203', 208, 1, 5, 3, 950, 1, 0, '2014-05-14 05:16:39', 121),
(3341, 6, '203', 208, 1, 4, 3, 269, 1, 0, '2014-05-14 05:16:45', 121),
(3342, 7, '203', 208, 1, 12, 1, 167, 6, 0, '2014-05-14 05:32:49', 121),
(3343, 8, '203', 208, 1, 15, 1, 109, 5, 0, '2014-06-16 07:21:26', 121),
(3344, 9, '203', 208, 1, 12, 2, 168, 6, 0, '2014-06-16 03:50:46', 121),
(3345, 10, '203', 208, 1, 11, 1, 25, 1, 0, '2014-06-16 03:55:35', 129),
(3346, 11, '203', 208, 1, 11, 1, 26, 2, 0, '2014-06-16 02:26:48', 129),
(3347, 1, '200', 206, 1, 5, 2, 952, 1, 1, '2014-05-14 06:18:16', 121),
(3348, 2, '200', 206, 1, 10, 1, 345, 9, 0, '2014-05-14 06:37:15', 121),
(3349, 3, '200', 206, 1, 8, 1, 457, 9, 1, '2014-05-14 06:19:18', 121),
(3350, 4, '200', 206, 1, 9, 1, 653, 10, 0, '2014-05-14 06:33:36', 121),
(3351, 5, '200', 206, 1, 10, 1, 346, 10, 0, '2014-05-14 11:10:16', 121),
(3352, 6, '200', 206, 1, 8, 1, 458, 10, 1, '2014-05-14 06:20:31', 121),
(3353, 7, '200', 206, 1, 9, 1, 654, 11, 1, '2014-05-14 06:20:31', 121),
(3354, 8, '200', 206, 1, 10, 1, 347, 11, 0, '2014-07-28 09:48:03', 121),
(3355, 9, '200', 206, 1, 8, 1, 459, 11, 1, '2014-05-14 06:21:15', 121),
(3356, 10, '200', 206, 1, 9, 1, 655, 12, 1, '2014-05-14 06:21:15', 121),
(3357, 11, '200', 206, 1, 10, 1, 348, 12, 1, '2014-05-14 06:25:11', 121),
(3358, 12, '200', 206, 1, 8, 1, 460, 12, 1, '2014-05-14 06:25:11', 121),
(3359, 13, '200', 206, 1, 9, 1, 656, 13, 1, '2014-05-14 06:25:11', 121),
(3360, 14, '200', 206, 1, 10, 1, 349, 13, 0, '2014-05-14 06:26:12', 121),
(3361, 15, '200', 206, 1, 8, 1, 461, 13, 1, '2014-05-14 06:26:04', 121),
(3362, 16, '200', 206, 1, 9, 1, 657, 14, 1, '2014-05-14 06:26:04', 121),
(3363, 17, '200', 206, 1, 10, 3, 349, 13, 0, '2014-05-14 06:26:12', 121),
(3364, 18, '200', 206, 1, 5, 1, 953, 6, 1, '2014-05-14 06:26:44', 121),
(3365, 19, '200', 206, 1, 10, 1, 350, 14, 1, '2014-05-14 06:27:17', 121),
(3366, 20, '200', 206, 1, 8, 1, 462, 14, 1, '2014-05-14 06:27:17', 121),
(3367, 21, '200', 206, 1, 9, 1, 658, 15, 1, '2014-05-14 06:27:17', 121),
(3368, 22, '200', 206, 1, 10, 1, 351, 15, 1, '2014-05-14 06:28:27', 121),
(3369, 23, '200', 206, 1, 8, 1, 463, 15, 1, '2014-05-14 06:28:27', 121),
(3370, 24, '200', 206, 1, 9, 1, 659, 16, 1, '2014-05-14 06:28:27', 121),
(3371, 25, '200', 206, 1, 5, 1, 954, 7, 1, '2014-05-14 06:29:05', 121),
(3372, 26, '200', 206, 1, 10, 1, 352, 16, 1, '2014-05-14 06:29:48', 121),
(3373, 27, '200', 206, 1, 8, 1, 464, 16, 1, '2014-05-14 06:29:48', 121),
(3374, 28, '200', 206, 1, 9, 1, 660, 17, 0, '2014-05-14 07:53:06', 121),
(3375, 29, '200', 206, 1, 4, 3, 258, 1, 0, '2014-05-14 06:29:53', 121),
(3376, 30, '200', 206, 1, 4, 2, 273, 4, 1, '2014-05-14 06:30:52', 121),
(3377, 31, '200', 206, 1, 4, 2, 274, 5, 1, '2014-05-14 06:31:01', 121),
(3378, 32, '200', 206, 1, 9, 2, 661, 10, 0, '2014-05-14 06:34:12', 121),
(3379, 33, '200', 206, 1, 12, 1, 169, 5, 0, '2014-05-14 12:13:06', 121),
(3380, 34, '200', 206, 1, 15, 1, 110, 5, 1, '2014-05-14 06:33:50', 121),
(3381, 35, '200', 206, 1, 9, 2, 662, 10, 1, '2014-05-14 06:34:12', 121),
(3382, 36, '200', 206, 1, 12, 1, 170, 6, 0, '2014-05-14 07:06:31', 121),
(3383, 37, '200', 206, 1, 15, 1, 111, 6, 1, '2014-05-14 06:34:40', 121),
(3384, 38, '200', 206, 1, 1, 1, 114, 1, 0, '2014-05-14 06:36:37', 121),
(3385, 39, '200', 206, 1, 16, 1, 69, 1, 1, '2014-05-14 06:35:19', 121),
(3386, 40, '200', 206, 1, 1, 2, 115, 1, 1, '2014-05-14 06:36:37', 121),
(3387, 41, '200', 206, 1, 10, 2, 353, 9, 1, '2014-05-14 06:37:15', 121),
(3388, 42, '200', 206, 1, 9, 1, 663, 18, 0, '2014-05-14 06:42:18', 121),
(3389, 43, '200', 206, 1, 9, 2, 664, 18, 1, '2014-05-14 06:42:18', 121),
(3390, 44, '200', 206, 1, 9, 1, 665, 19, 0, '2014-05-14 06:43:18', 121),
(3391, 45, '200', 206, 1, 9, 2, 666, 19, 1, '2014-05-14 06:43:18', 121),
(3392, 46, '200', 206, 1, 9, 1, 667, 20, 0, '2014-05-14 06:43:30', 121),
(3393, 47, '200', 206, 1, 9, 2, 668, 20, 1, '2014-05-14 06:43:30', 121),
(3394, 48, '200', 206, 1, 10, 1, 354, 17, 0, '2014-05-14 07:00:09', 121),
(3395, 49, '200', 206, 1, 8, 1, 465, 17, 1, '2014-05-14 06:46:05', 121),
(3396, 50, '200', 206, 1, 9, 1, 669, 21, 0, '2014-05-14 07:02:24', 121),
(3397, 51, '200', 206, 1, 6, 1, 44, 1, 1, '2014-05-14 06:47:52', 121),
(3398, 52, '200', 206, 1, 7, 1, 48, 1, 1, '2014-05-14 06:48:42', 121),
(3399, 53, '200', 206, 1, 7, 1, 49, 2, 1, '2014-05-14 06:48:56', 121),
(3400, 54, '200', 206, 1, 7, 1, 50, 3, 1, '2014-05-14 06:49:14', 121),
(3401, 55, '200', 206, 1, 7, 1, 51, 4, 1, '2014-05-14 06:49:44', 121),
(3402, 56, '200', 206, 1, 7, 1, 52, 5, 1, '2014-05-14 06:50:09', 121),
(3403, 57, '200', 206, 1, 7, 1, 53, 6, 1, '2014-05-14 06:50:41', 121),
(3404, 58, '200', 206, 1, 10, 2, 355, 17, 1, '2014-05-14 07:00:09', 121),
(3405, 59, '200', 206, 1, 9, 2, 670, 21, 0, '2014-05-14 07:02:53', 121),
(3406, 60, '200', 206, 1, 9, 2, 671, 21, 1, '2014-05-14 07:02:53', 121),
(3407, 61, '200', 206, 1, 12, 1, 171, 7, 0, '2014-05-14 12:12:55', 121),
(3408, 62, '200', 206, 1, 15, 1, 112, 7, 1, '2014-05-14 07:03:12', 121),
(3409, 63, '200', 206, 1, 9, 1, 672, 22, 0, '2014-05-14 07:05:45', 121),
(3410, 64, '200', 206, 1, 9, 2, 673, 22, 1, '2014-05-14 07:05:45', 121),
(3411, 65, '200', 206, 1, 15, 1, 113, 8, 1, '2014-05-14 07:05:54', 121),
(3412, 66, '200', 206, 1, 12, 2, 172, 6, 1, '2014-05-14 07:06:31', 121),
(3413, 67, '200', 206, 1, 9, 1, 674, 23, 0, '2014-05-14 08:09:06', 121),
(3414, 68, '200', 206, 1, 9, 2, 675, 17, 1, '2014-05-14 07:53:06', 121),
(3415, 69, '200', 206, 1, 9, 2, 676, 23, 1, '2014-05-14 08:09:06', 121),
(3416, 70, '200', 206, 1, 1, 1, 116, 2, 1, '2014-05-14 08:10:38', 121),
(3417, 71, '200', 206, 1, 1, 1, 117, 3, 1, '2014-05-14 08:12:15', 121),
(3418, 72, '200', 206, 1, 5, 1, 955, 8, 1, '2014-05-14 08:12:45', 121),
(3419, 73, '200', 206, 1, 10, 1, 356, 18, 1, '2014-05-14 08:13:31', 121),
(3420, 74, '200', 206, 1, 8, 1, 466, 18, 1, '2014-05-14 08:13:31', 121),
(3421, 75, '200', 206, 1, 9, 1, 677, 24, 1, '2014-05-14 08:13:31', 121),
(3422, 76, '200', 206, 1, 10, 1, 357, 19, 1, '2014-05-14 08:15:12', 121),
(3423, 77, '200', 206, 1, 8, 1, 467, 19, 1, '2014-05-14 08:15:12', 121),
(3424, 78, '200', 206, 1, 9, 1, 678, 25, 0, '2014-05-14 22:15:28', 121),
(3425, 79, '200', 206, 1, 10, 1, 358, 20, 1, '2014-05-14 08:16:16', 121),
(3426, 80, '200', 206, 1, 8, 1, 468, 20, 1, '2014-05-14 08:16:16', 121),
(3427, 81, '200', 206, 1, 9, 1, 679, 26, 1, '2014-05-14 08:16:16', 121),
(3428, 82, '200', 206, 1, 5, 1, 956, 9, 1, '2014-05-14 11:09:27', 121),
(3429, 83, '200', 206, 1, 10, 3, 346, 10, 0, '2014-05-14 11:10:16', 121),
(3430, 84, '200', 206, 1, 10, 1, 359, 21, 1, '2014-05-14 11:10:55', 121),
(3431, 85, '200', 206, 1, 8, 1, 469, 21, 1, '2014-05-14 11:10:55', 121),
(3432, 86, '200', 206, 1, 9, 1, 680, 27, 1, '2014-05-14 11:10:55', 121),
(3433, 87, '200', 206, 1, 10, 1, 360, 22, 1, '2014-05-14 11:43:32', 121),
(3434, 88, '200', 206, 1, 8, 1, 470, 22, 1, '2014-05-14 11:43:32', 121),
(3435, 89, '200', 206, 1, 9, 1, 681, 28, 1, '2014-05-14 11:43:32', 121),
(3436, 90, '200', 206, 1, 10, 1, 361, 23, 1, '2014-05-14 11:49:20', 121),
(3437, 91, '200', 206, 1, 8, 1, 471, 23, 1, '2014-05-14 11:49:20', 121),
(3438, 92, '200', 206, 1, 9, 1, 682, 29, 1, '2014-05-14 11:49:20', 121),
(3439, 93, '200', 206, 1, 10, 1, 362, 24, 1, '2014-05-14 11:49:58', 121),
(3440, 94, '200', 206, 1, 8, 1, 472, 24, 1, '2014-05-14 11:49:58', 121),
(3441, 95, '200', 206, 1, 9, 1, 683, 30, 1, '2014-05-14 11:49:58', 121),
(3442, 96, '200', 206, 1, 10, 1, 363, 25, 1, '2014-05-14 11:50:54', 121),
(3443, 97, '200', 206, 1, 8, 1, 473, 25, 1, '2014-05-14 11:50:54', 121),
(3444, 98, '200', 206, 1, 9, 1, 684, 31, 1, '2014-05-14 11:50:54', 121),
(3445, 99, '200', 206, 1, 10, 1, 364, 26, 1, '2014-05-14 11:52:08', 121),
(3446, 100, '200', 206, 1, 8, 1, 474, 26, 1, '2014-05-14 11:52:08', 121),
(3447, 101, '200', 206, 1, 9, 1, 685, 32, 0, '2014-05-14 11:53:28', 121),
(3448, 102, '200', 206, 1, 1, 1, 118, 4, 0, '2014-05-14 22:06:07', 121),
(3449, 103, '200', 206, 1, 16, 1, 70, 2, 1, '2014-05-14 11:52:59', 121),
(3450, 104, '200', 206, 1, 9, 2, 686, 32, 1, '2014-05-14 11:53:28', 121),
(3451, 105, '200', 206, 1, 12, 1, 173, 8, 0, '2014-05-14 12:12:45', 121),
(3452, 106, '200', 206, 1, 15, 1, 114, 9, 1, '2014-05-14 11:53:37', 121),
(3453, 107, '200', 206, 1, 9, 1, 687, 33, 0, '2014-05-14 11:54:49', 121),
(3454, 108, '200', 206, 1, 9, 2, 688, 33, 1, '2014-05-14 11:54:49', 121),
(3455, 109, '200', 206, 1, 8, 1, 475, 27, 1, '2014-05-14 11:54:55', 121),
(3456, 110, '200', 206, 1, 9, 1, 689, 34, 0, '2014-05-14 11:55:30', 121),
(3457, 111, '200', 206, 1, 9, 2, 690, 34, 1, '2014-05-14 11:55:30', 121),
(3458, 112, '200', 206, 1, 2, 1, 115, 5, 1, '2014-05-14 11:55:45', 121),
(3459, 113, '200', 206, 1, 14, 1, 90, 6, 1, '2014-05-14 11:55:45', 121),
(3460, 114, '200', 206, 1, 16, 1, 71, 3, 1, '2014-05-14 11:55:49', 121),
(3461, 115, '200', 206, 1, 5, 1, 957, 10, 1, '2014-05-14 11:57:23', 121),
(3462, 116, '200', 206, 1, 5, 1, 958, 11, 1, '2014-05-14 11:57:43', 121),
(3463, 117, '200', 206, 1, 5, 1, 959, 12, 1, '2014-05-14 11:57:58', 121),
(3464, 118, '200', 206, 1, 5, 1, 960, 13, 1, '2014-05-14 11:59:06', 121),
(3465, 119, '200', 206, 1, 10, 1, 365, 27, 1, '2014-05-14 12:00:46', 121),
(3466, 120, '200', 206, 1, 8, 1, 476, 28, 1, '2014-05-14 12:00:46', 121),
(3467, 121, '200', 206, 1, 9, 1, 691, 35, 1, '2014-05-14 12:00:46', 121),
(3468, 122, '200', 206, 1, 10, 1, 366, 28, 1, '2014-05-14 12:01:13', 121),
(3469, 123, '200', 206, 1, 8, 1, 477, 29, 1, '2014-05-14 12:01:13', 121),
(3470, 124, '200', 206, 1, 9, 1, 692, 36, 1, '2014-05-14 12:01:13', 121),
(3471, 125, '200', 206, 1, 10, 1, 367, 29, 1, '2014-05-14 12:01:56', 121),
(3472, 126, '200', 206, 1, 8, 1, 478, 30, 1, '2014-05-14 12:01:56', 121),
(3473, 127, '200', 206, 1, 9, 1, 693, 37, 0, '2014-05-14 22:10:46', 121),
(3474, 128, '200', 206, 1, 10, 1, 368, 30, 1, '2014-05-14 12:03:03', 121),
(3475, 129, '200', 206, 1, 8, 1, 479, 31, 1, '2014-05-14 12:03:03', 121),
(3476, 130, '200', 206, 1, 9, 1, 694, 38, 1, '2014-05-14 12:03:03', 121),
(3477, 131, '200', 206, 1, 10, 1, 369, 31, 1, '2014-05-14 12:04:05', 121),
(3478, 132, '200', 206, 1, 8, 1, 480, 32, 1, '2014-05-14 12:04:05', 121),
(3479, 133, '200', 206, 1, 9, 1, 695, 39, 1, '2014-05-14 12:04:05', 121),
(3480, 134, '200', 206, 1, 10, 1, 370, 32, 1, '2014-05-14 12:05:17', 121),
(3481, 135, '200', 206, 1, 8, 1, 481, 33, 1, '2014-05-14 12:05:17', 121),
(3482, 136, '200', 206, 1, 9, 1, 696, 40, 1, '2014-05-14 12:05:17', 121),
(3483, 137, '200', 206, 1, 17, 1, 59, 1, 0, '2014-05-14 12:10:42', 121),
(3484, 138, '200', 206, 1, 17, 2, 60, 1, 1, '2014-05-14 12:10:42', 121),
(3485, 139, '200', 206, 1, 17, 1, 61, 2, 0, '2014-05-14 12:11:29', 121),
(3486, 140, '200', 206, 1, 17, 2, 62, 2, 0, '2014-05-14 12:11:32', 121),
(3487, 141, '200', 206, 1, 17, 2, 63, 2, 0, '2014-05-14 12:11:35', 121),
(3488, 142, '200', 206, 1, 17, 2, 64, 2, 0, '2014-05-14 12:11:43', 121),
(3489, 143, '200', 206, 1, 17, 2, 65, 2, 0, '2014-05-14 12:11:46', 121),
(3490, 144, '200', 206, 1, 17, 2, 66, 2, 1, '2014-05-14 12:11:46', 121),
(3491, 145, '200', 206, 1, 12, 2, 174, 4, 1, '2014-05-14 12:12:34', 121),
(3492, 146, '200', 206, 1, 12, 2, 175, 8, 1, '2014-05-14 12:12:45', 121),
(3493, 147, '200', 206, 1, 12, 2, 176, 7, 1, '2014-05-14 12:12:55', 121),
(3494, 148, '200', 206, 1, 12, 2, 177, 5, 1, '2014-05-14 12:13:06', 121),
(3495, 149, '200', 206, 1, 1, 2, 119, 4, 1, '2014-05-14 22:06:07', 121),
(3496, 150, '200', 206, 1, 9, 2, 697, 37, 0, '2014-05-14 22:11:35', 121),
(3497, 151, '200', 206, 1, 12, 1, 178, 9, 0, '2014-05-14 22:18:47', 121),
(3498, 152, '200', 206, 1, 15, 1, 115, 10, 1, '2014-05-14 22:11:17', 121),
(3499, 153, '200', 206, 1, 9, 2, 698, 37, 1, '2014-05-14 22:11:35', 121),
(3500, 154, '200', 206, 1, 1, 1, 120, 5, 0, '2014-05-14 22:14:20', 121),
(3501, 155, '200', 206, 1, 16, 1, 72, 4, 1, '2014-05-14 22:12:03', 121),
(3502, 156, '200', 206, 1, 9, 1, 699, 41, 0, '2014-05-14 22:12:50', 121),
(3503, 157, '200', 206, 1, 9, 2, 700, 41, 1, '2014-05-14 22:12:50', 121),
(3504, 158, '200', 206, 1, 2, 1, 116, 6, 1, '2014-05-14 22:13:00', 121),
(3505, 159, '200', 206, 1, 14, 1, 91, 7, 1, '2014-05-14 22:13:01', 121),
(3506, 160, '200', 206, 1, 1, 2, 121, 5, 1, '2014-05-14 22:14:20', 121),
(3507, 161, '200', 206, 1, 9, 2, 701, 25, 0, '2014-05-14 22:18:08', 121),
(3508, 162, '200', 206, 1, 12, 1, 179, 10, 0, '2014-05-14 22:18:37', 121),
(3509, 163, '200', 206, 1, 15, 1, 116, 11, 1, '2014-05-14 22:15:37', 121),
(3510, 164, '200', 206, 1, 9, 2, 702, 25, 1, '2014-05-14 22:18:08', 121),
(3511, 165, '200', 206, 1, 12, 2, 180, 10, 1, '2014-05-14 22:18:37', 121),
(3512, 166, '200', 206, 1, 12, 2, 181, 9, 1, '2014-05-14 22:18:47', 121),
(3513, 167, '200', 206, 1, 6, 1, 45, 2, 1, '2014-05-14 22:21:12', 121),
(3514, 168, '200', 206, 1, 6, 1, 46, 3, 1, '2014-05-14 22:21:58', 121),
(3515, 169, '200', 206, 1, 6, 1, 47, 4, 1, '2014-05-14 22:23:14', 121),
(3516, 170, '200', 206, 1, 6, 1, 48, 5, 0, '2014-07-28 09:51:13', 121),
(3517, 171, '200', 206, 1, 6, 1, 49, 6, 1, '2014-05-14 22:37:34', 121),
(3518, 172, '200', 206, 1, 6, 1, 50, 7, 1, '2014-05-14 22:40:29', 121),
(3519, 173, '200', 206, 1, 6, 1, 51, 8, 1, '2014-05-14 22:41:42', 121),
(3520, 174, '200', 206, 1, 6, 1, 52, 9, 1, '2014-05-14 22:42:53', 121),
(3521, 175, '200', 206, 1, 7, 1, 54, 7, 1, '2014-05-14 22:44:38', 121),
(3522, 176, '200', 206, 1, 7, 1, 55, 8, 1, '2014-05-14 22:44:54', 121),
(3523, 177, '200', 206, 1, 7, 1, 56, 9, 1, '2014-05-14 22:45:13', 121),
(3524, 178, '200', 206, 1, 7, 1, 57, 10, 1, '2014-05-14 22:45:40', 121),
(3525, 179, '200', 206, 1, 7, 1, 58, 11, 1, '2014-05-14 22:47:58', 121),
(3526, 180, '200', 206, 1, 7, 1, 59, 12, 1, '2014-05-14 22:49:34', 121),
(3527, 181, '200', 206, 1, 7, 1, 60, 13, 1, '2014-05-14 22:49:58', 121),
(3528, 182, '200', 206, 1, 7, 1, 61, 14, 1, '2014-05-14 22:52:22', 121),
(3529, 183, '200', 206, 1, 7, 1, 62, 15, 1, '2014-05-14 22:52:36', 121),
(3530, 184, '200', 206, 1, 7, 1, 63, 16, 1, '2014-05-14 22:52:53', 121),
(3531, 185, '200', 206, 1, 7, 1, 64, 17, 1, '2014-05-14 22:53:25', 121),
(3532, 186, '200', 206, 1, 7, 1, 65, 18, 1, '2014-05-14 22:53:40', 121),
(3533, 187, '200', 206, 1, 18, 1, 47, 1, 1, '2014-05-14 22:56:08', 121),
(3534, 188, '200', 206, 1, 18, 1, 48, 2, 1, '2014-05-14 22:59:01', 121),
(3535, 189, '200', 206, 1, 18, 1, 49, 3, 1, '2014-05-14 23:02:45', 121),
(3536, 190, '200', 206, 1, 18, 1, 50, 4, 1, '2014-05-14 23:09:12', 121),
(3537, 0, '204', 209, 1, 13, 1, 504, 1, 1, '2014-05-15 03:01:42', 132),
(3538, 1, '204', 209, 1, 13, 1, 505, 2, 1, '2014-05-15 03:01:42', 132),
(3539, 2, '204', 209, 1, 13, 1, 506, 3, 1, '2014-05-15 03:01:42', 132),
(3540, 3, '204', 209, 1, 4, 1, 275, 1, 1, '2014-05-15 03:01:43', 132),
(3541, 4, '204', 209, 1, 5, 1, 961, 1, 1, '2014-05-15 03:01:43', 132),
(3542, 191, '200', 206, 1, 2, 1, 117, 7, 0, '2014-05-16 12:31:35', 121),
(3543, 192, '200', 206, 1, 3, 1, 54, 1, 1, '2014-05-16 12:31:10', 121),
(3544, 193, '200', 206, 1, 3, 1, 55, 2, 1, '2014-05-16 12:31:10', 121),
(3545, 194, '200', 206, 1, 2, 3, 117, 7, 0, '2014-05-16 12:31:35', 121),
(3546, 58, '165', 184, 1, 10, 1, 371, 9, 1, '2014-05-18 12:37:29', 113),
(3547, 59, '165', 184, 1, 8, 1, 482, 9, 1, '2014-05-18 12:37:29', 113),
(3548, 60, '165', 184, 1, 9, 1, 703, 9, 1, '2014-05-18 12:37:29', 113),
(3549, 61, '165', 184, 1, 10, 1, 372, 10, 1, '2014-05-18 12:38:38', 113),
(3550, 62, '165', 184, 1, 8, 1, 483, 10, 1, '2014-05-18 12:38:38', 113),
(3551, 63, '165', 184, 1, 9, 1, 704, 10, 1, '2014-05-18 12:38:38', 113),
(3552, 64, '165', 184, 1, 10, 1, 373, 11, 0, '2014-05-18 12:45:29', 113),
(3553, 65, '165', 184, 1, 8, 1, 484, 11, 1, '2014-05-18 12:45:26', 113),
(3554, 66, '165', 184, 1, 9, 1, 705, 11, 1, '2014-05-18 12:45:26', 113),
(3555, 67, '165', 184, 1, 10, 3, 373, 11, 0, '2014-05-18 12:45:29', 113),
(3556, 68, '165', 184, 1, 10, 1, 374, 12, 0, '2014-05-18 12:47:56', 113),
(3557, 69, '165', 184, 1, 8, 1, 485, 12, 1, '2014-05-18 12:46:07', 113);
INSERT INTO `version` (`id`, `number`, `release`, `project_id`, `status`, `object`, `action`, `foreign_key`, `foreign_id`, `active`, `create_date`, `create_user`) VALUES
(3558, 70, '165', 184, 1, 9, 1, 706, 12, 1, '2014-05-18 12:46:07', 113),
(3559, 71, '165', 184, 1, 10, 1, 375, 13, 1, '2014-05-18 12:46:41', 113),
(3560, 72, '165', 184, 1, 8, 1, 486, 13, 1, '2014-05-18 12:46:41', 113),
(3561, 73, '165', 184, 1, 9, 1, 707, 13, 1, '2014-05-18 12:46:41', 113),
(3562, 74, '165', 184, 1, 10, 1, 376, 14, 1, '2014-05-18 12:47:16', 113),
(3563, 75, '165', 184, 1, 8, 1, 487, 14, 1, '2014-05-18 12:47:16', 113),
(3564, 76, '165', 184, 1, 9, 1, 708, 14, 1, '2014-05-18 12:47:16', 113),
(3565, 77, '165', 184, 1, 10, 2, 377, 12, 1, '2014-05-18 12:47:56', 113),
(3566, 78, '165', 184, 1, 10, 1, 378, 15, 0, '2014-05-18 13:41:49', 113),
(3567, 79, '165', 184, 1, 8, 1, 488, 15, 1, '2014-05-18 12:51:41', 113),
(3568, 80, '165', 184, 1, 9, 1, 709, 15, 1, '2014-05-18 12:51:41', 113),
(3569, 81, '165', 184, 1, 10, 1, 379, 16, 0, '2014-05-18 13:39:29', 113),
(3570, 82, '165', 184, 1, 8, 1, 489, 16, 1, '2014-05-18 12:52:22', 113),
(3571, 83, '165', 184, 1, 9, 1, 710, 16, 1, '2014-05-18 12:52:22', 113),
(3572, 84, '165', 184, 1, 10, 1, 380, 17, 0, '2014-05-18 13:39:35', 113),
(3573, 85, '165', 184, 1, 8, 1, 490, 17, 1, '2014-05-18 13:32:22', 113),
(3574, 86, '165', 184, 1, 9, 1, 711, 17, 1, '2014-05-18 13:32:22', 113),
(3575, 87, '165', 184, 1, 10, 1, 381, 18, 0, '2014-05-18 13:40:28', 113),
(3576, 88, '165', 184, 1, 8, 1, 491, 18, 1, '2014-05-18 13:34:17', 113),
(3577, 89, '165', 184, 1, 9, 1, 712, 18, 1, '2014-05-18 13:34:17', 113),
(3578, 90, '165', 184, 1, 10, 1, 382, 19, 1, '2014-05-18 13:35:24', 113),
(3579, 91, '165', 184, 1, 8, 1, 492, 19, 1, '2014-05-18 13:35:24', 113),
(3580, 92, '165', 184, 1, 9, 1, 713, 19, 1, '2014-05-18 13:35:24', 113),
(3581, 93, '165', 184, 1, 5, 2, 962, 4, 1, '2014-05-18 13:37:54', 113),
(3582, 94, '165', 184, 1, 5, 1, 963, 5, 1, '2014-05-18 13:38:07', 113),
(3583, 95, '165', 184, 1, 10, 1, 383, 20, 1, '2014-05-18 13:39:23', 113),
(3584, 96, '165', 184, 1, 8, 1, 493, 20, 1, '2014-05-18 13:39:23', 113),
(3585, 97, '165', 184, 1, 9, 1, 714, 20, 1, '2014-05-18 13:39:23', 113),
(3586, 98, '165', 184, 1, 10, 3, 379, 16, 0, '2014-05-18 13:39:29', 113),
(3587, 99, '165', 184, 1, 10, 3, 380, 17, 0, '2014-05-18 13:39:35', 113),
(3588, 100, '165', 184, 1, 10, 1, 384, 21, 1, '2014-05-18 13:40:23', 113),
(3589, 101, '165', 184, 1, 8, 1, 494, 21, 1, '2014-05-18 13:40:24', 113),
(3590, 102, '165', 184, 1, 9, 1, 715, 21, 1, '2014-05-18 13:40:24', 113),
(3591, 103, '165', 184, 1, 10, 3, 381, 18, 0, '2014-05-18 13:40:28', 113),
(3592, 104, '165', 184, 1, 10, 1, 385, 22, 1, '2014-05-18 13:41:21', 113),
(3593, 105, '165', 184, 1, 8, 1, 495, 22, 1, '2014-05-18 13:41:21', 113),
(3594, 106, '165', 184, 1, 9, 1, 716, 22, 0, '2014-05-18 13:43:39', 113),
(3595, 107, '165', 184, 1, 10, 3, 378, 15, 0, '2014-05-18 13:41:49', 113),
(3596, 108, '165', 184, 1, 9, 2, 717, 22, 1, '2014-05-18 13:43:39', 113),
(3597, 109, '165', 184, 1, 9, 1, 718, 23, 0, '2014-05-18 13:44:28', 113),
(3598, 110, '165', 184, 1, 9, 2, 719, 23, 1, '2014-05-18 13:44:28', 113),
(3599, 111, '165', 184, 1, 12, 1, 182, 2, 0, '2014-05-18 13:48:14', 113),
(3600, 112, '165', 184, 1, 15, 1, 117, 2, 1, '2014-05-18 13:44:59', 113),
(3601, 113, '165', 184, 1, 12, 1, 183, 3, 0, '2014-05-18 13:48:44', 113),
(3602, 114, '165', 184, 1, 15, 1, 118, 3, 1, '2014-05-18 13:45:22', 113),
(3603, 115, '165', 184, 1, 1, 1, 122, 4, 0, '2014-05-18 14:04:27', 113),
(3604, 116, '165', 184, 1, 16, 1, 73, 2, 1, '2014-05-18 13:45:41', 113),
(3605, 117, '165', 184, 1, 2, 1, 118, 2, 1, '2014-05-18 13:46:01', 113),
(3606, 118, '165', 184, 1, 14, 1, 92, 1, 1, '2014-05-18 13:46:01', 113),
(3607, 119, '165', 184, 1, 14, 1, 93, 2, 1, '2014-05-18 13:46:19', 113),
(3608, 120, '165', 184, 1, 9, 1, 720, 24, 0, '2014-05-18 13:47:38', 113),
(3609, 121, '165', 184, 1, 9, 2, 721, 24, 1, '2014-05-18 13:47:38', 113),
(3610, 122, '165', 184, 1, 12, 1, 184, 4, 0, '2014-05-18 13:48:30', 113),
(3611, 123, '165', 184, 1, 15, 1, 119, 4, 1, '2014-05-18 13:47:57', 113),
(3612, 124, '165', 184, 1, 12, 2, 185, 2, 1, '2014-05-18 13:48:14', 113),
(3613, 125, '165', 184, 1, 12, 2, 186, 4, 1, '2014-05-18 13:48:30', 113),
(3614, 126, '165', 184, 1, 12, 2, 187, 3, 1, '2014-05-18 13:48:44', 113),
(3615, 127, '165', 184, 1, 12, 2, 188, 1, 1, '2014-05-18 13:48:53', 113),
(3616, 128, '165', 184, 1, 8, 1, 496, 23, 1, '2014-05-18 14:01:13', 113),
(3617, 129, '165', 184, 1, 9, 1, 722, 25, 1, '2014-05-18 14:01:13', 113),
(3618, 130, '165', 184, 1, 9, 1, 723, 26, 0, '2014-05-18 14:01:42', 113),
(3619, 131, '165', 184, 1, 9, 2, 724, 26, 1, '2014-05-18 14:01:42', 113),
(3620, 132, '165', 184, 1, 3, 1, 56, 1, 1, '2014-05-18 14:03:09', 113),
(3621, 133, '165', 184, 1, 3, 1, 57, 2, 1, '2014-05-18 14:03:50', 113),
(3622, 134, '165', 184, 1, 1, 2, 123, 4, 1, '2014-05-18 14:04:27', 113),
(3623, 135, '165', 184, 1, 6, 1, 53, 7, 1, '2014-05-18 14:06:25', 113),
(3624, 136, '165', 184, 1, 6, 1, 54, 8, 1, '2014-05-18 14:06:53', 113),
(3625, 137, '165', 184, 1, 6, 1, 55, 9, 1, '2014-05-18 14:07:29', 113),
(3626, 138, '165', 184, 1, 6, 1, 56, 10, 1, '2014-05-18 14:08:06', 113),
(3627, 139, '165', 184, 1, 10, 1, 386, 23, 1, '2014-05-18 14:16:09', 113),
(3628, 140, '165', 184, 1, 8, 1, 497, 24, 1, '2014-05-18 14:16:09', 113),
(3629, 141, '165', 184, 1, 9, 1, 725, 27, 1, '2014-05-18 14:16:09', 113),
(3630, 142, '165', 184, 1, 5, 3, 886, 3, 0, '2014-05-19 09:39:05', 113),
(3631, 143, '165', 184, 1, 5, 3, 884, 1, 0, '2014-05-19 09:39:07', 113),
(3632, 144, '165', 184, 1, 5, 3, 885, 2, 0, '2014-05-19 09:39:09', 113),
(3633, 0, '205', 184, 1, 1, 1, 124, 1, 1, '2014-05-19 09:39:16', 113),
(3634, 0, '205', 184, 1, 1, 1, 125, 3, 1, '2014-05-19 09:39:16', 113),
(3635, 0, '205', 184, 1, 1, 1, 126, 4, 1, '2014-05-19 09:39:16', 113),
(3636, 0, '205', 184, 1, 2, 1, 119, 1, 1, '2014-05-19 09:39:16', 113),
(3637, 0, '205', 184, 1, 2, 1, 120, 2, 1, '2014-05-19 09:39:16', 113),
(3638, 0, '205', 184, 1, 3, 1, 58, 1, 1, '2014-05-19 09:39:16', 113),
(3639, 0, '205', 184, 1, 3, 1, 59, 2, 1, '2014-05-19 09:39:16', 113),
(3640, 0, '205', 184, 1, 4, 1, 276, 2, 1, '2014-05-19 09:39:16', 113),
(3641, 0, '205', 184, 1, 4, 1, 277, 1, 1, '2014-05-19 09:39:17', 113),
(3642, 0, '205', 184, 1, 5, 1, 964, 4, 1, '2014-05-19 09:39:17', 113),
(3643, 0, '205', 184, 1, 5, 1, 965, 5, 1, '2014-05-19 09:39:17', 113),
(3644, 0, '205', 184, 1, 6, 1, 57, 1, 1, '2014-05-19 09:39:17', 113),
(3645, 0, '205', 184, 1, 6, 1, 58, 2, 1, '2014-05-19 09:39:17', 113),
(3646, 0, '205', 184, 1, 6, 1, 59, 3, 1, '2014-05-19 09:39:17', 113),
(3647, 0, '205', 184, 1, 6, 1, 60, 4, 1, '2014-05-19 09:39:17', 113),
(3648, 0, '205', 184, 1, 6, 1, 61, 5, 1, '2014-05-19 09:39:17', 113),
(3649, 0, '205', 184, 1, 6, 1, 62, 6, 1, '2014-05-19 09:39:17', 113),
(3650, 0, '205', 184, 1, 6, 1, 63, 7, 1, '2014-05-19 09:39:17', 113),
(3651, 0, '205', 184, 1, 6, 1, 64, 8, 1, '2014-05-19 09:39:18', 113),
(3652, 0, '205', 184, 1, 6, 1, 65, 9, 1, '2014-05-19 09:39:18', 113),
(3653, 0, '205', 184, 1, 6, 1, 66, 10, 1, '2014-05-19 09:39:18', 113),
(3654, 0, '205', 184, 1, 7, 1, 66, 1, 1, '2014-05-19 09:39:18', 113),
(3655, 0, '205', 184, 1, 7, 1, 67, 2, 1, '2014-05-19 09:39:18', 113),
(3656, 0, '205', 184, 1, 7, 1, 68, 3, 1, '2014-05-19 09:39:18', 113),
(3657, 0, '205', 184, 1, 7, 1, 69, 4, 1, '2014-05-19 09:39:18', 113),
(3658, 0, '205', 184, 1, 7, 1, 70, 5, 1, '2014-05-19 09:39:18', 113),
(3659, 0, '205', 184, 1, 7, 1, 71, 6, 1, '2014-05-19 09:39:18', 113),
(3660, 0, '205', 184, 1, 7, 1, 72, 7, 1, '2014-05-19 09:39:18', 113),
(3661, 0, '205', 184, 1, 7, 1, 73, 8, 1, '2014-05-19 09:39:19', 113),
(3662, 0, '205', 184, 1, 7, 1, 74, 9, 1, '2014-05-19 09:39:19', 113),
(3663, 0, '205', 184, 1, 8, 1, 498, 1, 1, '2014-05-19 09:39:19', 113),
(3664, 0, '205', 184, 1, 8, 1, 499, 2, 1, '2014-05-19 09:39:19', 113),
(3665, 0, '205', 184, 1, 8, 1, 500, 3, 1, '2014-05-19 09:39:19', 113),
(3666, 0, '205', 184, 1, 8, 1, 501, 4, 1, '2014-05-19 09:39:19', 113),
(3667, 0, '205', 184, 1, 8, 1, 502, 5, 1, '2014-05-19 09:39:19', 113),
(3668, 0, '205', 184, 1, 8, 1, 503, 6, 1, '2014-05-19 09:39:19', 113),
(3669, 0, '205', 184, 1, 8, 1, 504, 7, 1, '2014-05-19 09:39:19', 113),
(3670, 0, '205', 184, 1, 8, 1, 505, 8, 1, '2014-05-19 09:39:19', 113),
(3671, 0, '205', 184, 1, 8, 1, 506, 9, 1, '2014-05-19 09:39:19', 113),
(3672, 0, '205', 184, 1, 8, 1, 507, 10, 1, '2014-05-19 09:39:20', 113),
(3673, 0, '205', 184, 1, 8, 1, 508, 11, 1, '2014-05-19 09:39:20', 113),
(3674, 0, '205', 184, 1, 8, 1, 509, 12, 1, '2014-05-19 09:39:20', 113),
(3675, 0, '205', 184, 1, 8, 1, 510, 13, 1, '2014-05-19 09:39:20', 113),
(3676, 0, '205', 184, 1, 8, 1, 511, 14, 1, '2014-05-19 09:39:20', 113),
(3677, 0, '205', 184, 1, 8, 1, 512, 15, 1, '2014-05-19 09:39:20', 113),
(3678, 0, '205', 184, 1, 8, 1, 513, 16, 1, '2014-05-19 09:39:20', 113),
(3679, 0, '205', 184, 1, 8, 1, 514, 17, 1, '2014-05-19 09:39:20', 113),
(3680, 0, '205', 184, 1, 8, 1, 515, 18, 1, '2014-05-19 09:39:20', 113),
(3681, 0, '205', 184, 1, 8, 1, 516, 19, 1, '2014-05-19 09:39:20', 113),
(3682, 0, '205', 184, 1, 8, 1, 517, 20, 1, '2014-05-19 09:39:20', 113),
(3683, 0, '205', 184, 1, 8, 1, 518, 21, 1, '2014-05-19 09:39:21', 113),
(3684, 0, '205', 184, 1, 8, 1, 519, 22, 1, '2014-05-19 09:39:21', 113),
(3685, 0, '205', 184, 1, 8, 1, 520, 23, 1, '2014-05-19 09:39:21', 113),
(3686, 0, '205', 184, 1, 8, 1, 521, 24, 1, '2014-05-19 09:39:21', 113),
(3687, 0, '205', 184, 1, 9, 1, 726, 1, 1, '2014-05-19 09:39:21', 113),
(3688, 0, '205', 184, 1, 9, 1, 727, 2, 1, '2014-05-19 09:39:21', 113),
(3689, 0, '205', 184, 1, 9, 1, 728, 3, 1, '2014-05-19 09:39:21', 113),
(3690, 0, '205', 184, 1, 9, 1, 729, 4, 1, '2014-05-19 09:39:21', 113),
(3691, 0, '205', 184, 1, 9, 1, 730, 5, 1, '2014-05-19 09:39:21', 113),
(3692, 0, '205', 184, 1, 9, 1, 731, 6, 1, '2014-05-19 09:39:21', 113),
(3693, 0, '205', 184, 1, 9, 1, 732, 7, 1, '2014-05-19 09:39:21', 113),
(3694, 0, '205', 184, 1, 9, 1, 733, 8, 1, '2014-05-19 09:39:22', 113),
(3695, 0, '205', 184, 1, 9, 1, 734, 9, 1, '2014-05-19 09:39:22', 113),
(3696, 0, '205', 184, 1, 9, 1, 735, 10, 1, '2014-05-19 09:39:22', 113),
(3697, 0, '205', 184, 1, 9, 1, 736, 11, 1, '2014-05-19 09:39:22', 113),
(3698, 0, '205', 184, 1, 9, 1, 737, 12, 1, '2014-05-19 09:39:22', 113),
(3699, 0, '205', 184, 1, 9, 1, 738, 13, 1, '2014-05-19 09:39:22', 113),
(3700, 0, '205', 184, 1, 9, 1, 739, 14, 1, '2014-05-19 09:39:22', 113),
(3701, 0, '205', 184, 1, 9, 1, 740, 15, 1, '2014-05-19 09:39:22', 113),
(3702, 0, '205', 184, 1, 9, 1, 741, 16, 1, '2014-05-19 09:39:22', 113),
(3703, 0, '205', 184, 1, 9, 1, 742, 17, 1, '2014-05-19 09:39:23', 113),
(3704, 0, '205', 184, 1, 9, 1, 743, 18, 1, '2014-05-19 09:39:23', 113),
(3705, 0, '205', 184, 1, 9, 1, 744, 19, 1, '2014-05-19 09:39:23', 113),
(3706, 0, '205', 184, 1, 9, 1, 745, 20, 1, '2014-05-19 09:39:23', 113),
(3707, 0, '205', 184, 1, 9, 1, 746, 21, 1, '2014-05-19 09:39:23', 113),
(3708, 0, '205', 184, 1, 9, 1, 747, 22, 1, '2014-05-19 09:39:23', 113),
(3709, 0, '205', 184, 1, 9, 1, 748, 23, 1, '2014-05-19 09:39:23', 113),
(3710, 0, '205', 184, 1, 9, 1, 749, 24, 1, '2014-05-19 09:39:23', 113),
(3711, 0, '205', 184, 1, 9, 1, 750, 25, 1, '2014-05-19 09:39:23', 113),
(3712, 0, '205', 184, 1, 9, 1, 751, 26, 1, '2014-05-19 09:39:23', 113),
(3713, 0, '205', 184, 1, 9, 1, 752, 27, 1, '2014-05-19 09:39:23', 113),
(3714, 0, '205', 184, 1, 10, 1, 387, 1, 1, '2014-05-19 09:39:24', 113),
(3715, 0, '205', 184, 1, 10, 1, 388, 2, 1, '2014-05-19 09:39:24', 113),
(3716, 0, '205', 184, 1, 10, 1, 389, 3, 1, '2014-05-19 09:39:24', 113),
(3717, 0, '205', 184, 1, 10, 1, 390, 4, 1, '2014-05-19 09:39:24', 113),
(3718, 0, '205', 184, 1, 10, 1, 391, 7, 1, '2014-05-19 09:39:25', 113),
(3719, 0, '205', 184, 1, 10, 1, 392, 8, 1, '2014-05-19 09:39:25', 113),
(3720, 0, '205', 184, 1, 10, 1, 393, 5, 1, '2014-05-19 09:39:25', 113),
(3721, 0, '205', 184, 1, 10, 1, 394, 6, 1, '2014-05-19 09:39:25', 113),
(3722, 0, '205', 184, 1, 10, 1, 395, 9, 1, '2014-05-19 09:39:25', 113),
(3723, 0, '205', 184, 1, 10, 1, 396, 10, 1, '2014-05-19 09:39:25', 113),
(3724, 0, '205', 184, 1, 10, 1, 397, 13, 1, '2014-05-19 09:39:25', 113),
(3725, 0, '205', 184, 1, 10, 1, 398, 14, 1, '2014-05-19 09:39:25', 113),
(3726, 0, '205', 184, 1, 10, 1, 399, 12, 1, '2014-05-19 09:39:25', 113),
(3727, 0, '205', 184, 1, 10, 1, 400, 19, 1, '2014-05-19 09:39:26', 113),
(3728, 0, '205', 184, 1, 10, 1, 401, 20, 1, '2014-05-19 09:39:26', 113),
(3729, 0, '205', 184, 1, 10, 1, 402, 21, 1, '2014-05-19 09:39:26', 113),
(3730, 0, '205', 184, 1, 10, 1, 403, 22, 1, '2014-05-19 09:39:26', 113),
(3731, 0, '205', 184, 1, 10, 1, 404, 23, 1, '2014-05-19 09:39:26', 113),
(3732, 0, '205', 184, 1, 12, 1, 189, 2, 1, '2014-05-19 09:39:26', 113),
(3733, 0, '205', 184, 1, 12, 1, 190, 4, 1, '2014-05-19 09:39:26', 113),
(3734, 0, '205', 184, 1, 12, 1, 191, 3, 1, '2014-05-19 09:39:26', 113),
(3735, 0, '205', 184, 1, 12, 1, 192, 1, 1, '2014-05-19 09:39:26', 113),
(3736, 0, '205', 184, 1, 13, 1, 507, 1, 1, '2014-05-19 09:39:26', 113),
(3737, 0, '205', 184, 1, 13, 1, 508, 2, 1, '2014-05-19 09:39:26', 113),
(3738, 0, '205', 184, 1, 13, 1, 509, 3, 1, '2014-05-19 09:39:27', 113),
(3739, 0, '205', 184, 1, 14, 1, 94, 1, 1, '2014-05-19 09:39:27', 113),
(3740, 0, '205', 184, 1, 14, 1, 95, 2, 1, '2014-05-19 09:39:27', 113),
(3741, 0, '205', 184, 1, 15, 1, 120, 1, 1, '2014-05-19 09:39:27', 113),
(3742, 0, '205', 184, 1, 15, 1, 121, 2, 1, '2014-05-19 09:39:27', 113),
(3743, 0, '205', 184, 1, 15, 1, 122, 3, 1, '2014-05-19 09:39:27', 113),
(3744, 0, '205', 184, 1, 15, 1, 123, 4, 1, '2014-05-19 09:39:27', 113),
(3745, 0, '205', 184, 1, 16, 1, 74, 1, 1, '2014-05-19 09:39:27', 113),
(3746, 0, '205', 184, 1, 16, 1, 75, 2, 1, '2014-05-19 09:39:27', 113),
(3747, 0, '205', 184, 1, 17, 1, 67, 1, 1, '2014-05-19 09:39:27', 113),
(3748, 0, '205', 184, 1, 18, 1, 51, 1, 1, '2014-05-19 09:39:27', 113),
(3749, 0, '200', 206, 1, 1, 1, 127, 42, 1, '2014-05-19 09:47:13', 121),
(3750, 0, '200', 206, 1, 1, 1, 128, 44, 1, '2014-05-19 09:47:13', 121),
(3751, 0, '200', 206, 1, 1, 1, 129, 45, 0, '2014-05-19 10:25:14', 121),
(3752, 0, '200', 206, 1, 2, 1, 121, 42, 1, '2014-05-19 09:47:13', 121),
(3753, 0, '200', 206, 1, 2, 1, 122, 43, 1, '2014-05-19 09:47:13', 121),
(3754, 0, '200', 206, 1, 3, 1, 60, 42, 1, '2014-05-19 09:47:13', 121),
(3755, 0, '200', 206, 1, 3, 1, 61, 43, 1, '2014-05-19 09:47:13', 121),
(3756, 0, '200', 206, 1, 4, 1, 278, 43, 1, '2014-05-19 09:47:14', 121),
(3757, 0, '200', 206, 1, 4, 1, 279, 42, 1, '2014-05-19 09:47:14', 121),
(3758, 0, '200', 206, 1, 5, 1, 966, 45, 1, '2014-05-19 09:47:14', 121),
(3759, 0, '200', 206, 1, 5, 1, 967, 46, 1, '2014-05-19 09:47:14', 121),
(3760, 0, '200', 206, 1, 6, 1, 67, 42, 1, '2014-05-19 09:47:14', 121),
(3761, 0, '200', 206, 1, 6, 1, 68, 43, 0, '2014-05-22 06:23:06', 121),
(3762, 0, '200', 206, 1, 6, 1, 69, 44, 1, '2014-05-19 09:47:14', 121),
(3763, 0, '200', 206, 1, 6, 1, 70, 45, 1, '2014-05-19 09:47:14', 121),
(3764, 0, '200', 206, 1, 6, 1, 71, 46, 1, '2014-05-19 09:47:14', 121),
(3765, 0, '200', 206, 1, 6, 1, 72, 47, 1, '2014-05-19 09:47:14', 121),
(3766, 0, '200', 206, 1, 6, 1, 73, 48, 1, '2014-05-19 09:47:15', 121),
(3767, 0, '200', 206, 1, 6, 1, 74, 49, 1, '2014-05-19 09:47:15', 121),
(3768, 0, '200', 206, 1, 6, 1, 75, 50, 1, '2014-05-19 09:47:15', 121),
(3769, 0, '200', 206, 1, 6, 1, 76, 51, 1, '2014-05-19 09:47:15', 121),
(3770, 0, '200', 206, 1, 7, 1, 75, 42, 1, '2014-05-19 09:47:15', 121),
(3771, 0, '200', 206, 1, 7, 1, 76, 43, 1, '2014-05-19 09:47:15', 121),
(3772, 0, '200', 206, 1, 7, 1, 77, 44, 1, '2014-05-19 09:47:15', 121),
(3773, 0, '200', 206, 1, 7, 1, 78, 45, 1, '2014-05-19 09:47:15', 121),
(3774, 0, '200', 206, 1, 7, 1, 79, 46, 1, '2014-05-19 09:47:15', 121),
(3775, 0, '200', 206, 1, 7, 1, 80, 47, 1, '2014-05-19 09:47:16', 121),
(3776, 0, '200', 206, 1, 7, 1, 81, 48, 1, '2014-05-19 09:47:16', 121),
(3777, 0, '200', 206, 1, 7, 1, 82, 49, 1, '2014-05-19 09:47:16', 121),
(3778, 0, '200', 206, 1, 7, 1, 83, 50, 1, '2014-05-19 09:47:16', 121),
(3779, 0, '200', 206, 1, 8, 1, 522, 42, 1, '2014-05-19 09:47:16', 121),
(3780, 0, '200', 206, 1, 8, 1, 523, 43, 1, '2014-05-19 09:47:16', 121),
(3781, 0, '200', 206, 1, 8, 1, 524, 44, 1, '2014-05-19 09:47:16', 121),
(3782, 0, '200', 206, 1, 8, 1, 525, 45, 1, '2014-05-19 09:47:17', 121),
(3783, 0, '200', 206, 1, 8, 1, 526, 46, 1, '2014-05-19 09:47:17', 121),
(3784, 0, '200', 206, 1, 8, 1, 527, 47, 1, '2014-05-19 09:47:17', 121),
(3785, 0, '200', 206, 1, 8, 1, 528, 48, 1, '2014-05-19 09:47:17', 121),
(3786, 0, '200', 206, 1, 8, 1, 529, 49, 1, '2014-05-19 09:47:17', 121),
(3787, 0, '200', 206, 1, 8, 1, 530, 50, 1, '2014-05-19 09:47:17', 121),
(3788, 0, '200', 206, 1, 8, 1, 531, 51, 1, '2014-05-19 09:47:17', 121),
(3789, 0, '200', 206, 1, 8, 1, 532, 52, 1, '2014-05-19 09:47:17', 121),
(3790, 0, '200', 206, 1, 8, 1, 533, 53, 1, '2014-05-19 09:47:18', 121),
(3791, 0, '200', 206, 1, 8, 1, 534, 54, 1, '2014-05-19 09:47:18', 121),
(3792, 0, '200', 206, 1, 8, 1, 535, 55, 1, '2014-05-19 09:47:18', 121),
(3793, 0, '200', 206, 1, 8, 1, 536, 56, 1, '2014-05-19 09:47:18', 121),
(3794, 0, '200', 206, 1, 8, 1, 537, 57, 1, '2014-05-19 09:47:19', 121),
(3795, 0, '200', 206, 1, 8, 1, 538, 58, 1, '2014-05-19 09:47:19', 121),
(3796, 0, '200', 206, 1, 8, 1, 539, 59, 1, '2014-05-19 09:47:19', 121),
(3797, 0, '200', 206, 1, 8, 1, 540, 60, 1, '2014-05-19 09:47:19', 121),
(3798, 0, '200', 206, 1, 8, 1, 541, 61, 1, '2014-05-19 09:47:19', 121),
(3799, 0, '200', 206, 1, 8, 1, 542, 62, 1, '2014-05-19 09:47:19', 121),
(3800, 0, '200', 206, 1, 8, 1, 543, 63, 1, '2014-05-19 09:47:19', 121),
(3801, 0, '200', 206, 1, 8, 1, 544, 64, 1, '2014-05-19 09:47:19', 121),
(3802, 0, '200', 206, 1, 8, 1, 545, 65, 1, '2014-05-19 09:47:19', 121),
(3803, 0, '200', 206, 1, 9, 1, 753, 42, 1, '2014-05-19 09:47:20', 121),
(3804, 0, '200', 206, 1, 9, 1, 754, 43, 1, '2014-05-19 09:47:20', 121),
(3805, 0, '200', 206, 1, 9, 1, 755, 44, 1, '2014-05-19 09:47:20', 121),
(3806, 0, '200', 206, 1, 9, 1, 756, 45, 1, '2014-05-19 09:47:20', 121),
(3807, 0, '200', 206, 1, 9, 1, 757, 46, 1, '2014-05-19 09:47:20', 121),
(3808, 0, '200', 206, 1, 9, 1, 758, 47, 1, '2014-05-19 09:47:20', 121),
(3809, 0, '200', 206, 1, 9, 1, 759, 48, 1, '2014-05-19 09:47:20', 121),
(3810, 0, '200', 206, 1, 9, 1, 760, 49, 1, '2014-05-19 09:47:20', 121),
(3811, 0, '200', 206, 1, 9, 1, 761, 50, 1, '2014-05-19 09:47:20', 121),
(3812, 0, '200', 206, 1, 9, 1, 762, 51, 1, '2014-05-19 09:47:21', 121),
(3813, 0, '200', 206, 1, 9, 1, 763, 52, 1, '2014-05-19 09:47:21', 121),
(3814, 0, '200', 206, 1, 9, 1, 764, 53, 1, '2014-05-19 09:47:21', 121),
(3815, 0, '200', 206, 1, 9, 1, 765, 54, 1, '2014-05-19 09:47:21', 121),
(3816, 0, '200', 206, 1, 9, 1, 766, 55, 1, '2014-05-19 09:47:21', 121),
(3817, 0, '200', 206, 1, 9, 1, 767, 56, 1, '2014-05-19 09:47:21', 121),
(3818, 0, '200', 206, 1, 9, 1, 768, 57, 1, '2014-05-19 09:47:21', 121),
(3819, 0, '200', 206, 1, 9, 1, 769, 58, 1, '2014-05-19 09:47:21', 121),
(3820, 0, '200', 206, 1, 9, 1, 770, 59, 1, '2014-05-19 09:47:22', 121),
(3821, 0, '200', 206, 1, 9, 1, 771, 60, 1, '2014-05-19 09:47:22', 121),
(3822, 0, '200', 206, 1, 9, 1, 772, 61, 0, '2014-05-19 10:01:27', 121),
(3823, 0, '200', 206, 1, 9, 1, 773, 62, 1, '2014-05-19 09:47:22', 121),
(3824, 0, '200', 206, 1, 9, 1, 774, 63, 1, '2014-05-19 09:47:22', 121),
(3825, 0, '200', 206, 1, 9, 1, 775, 64, 1, '2014-05-19 09:47:22', 121),
(3826, 0, '200', 206, 1, 9, 1, 776, 65, 1, '2014-05-19 09:47:22', 121),
(3827, 0, '200', 206, 1, 9, 1, 777, 66, 1, '2014-05-19 09:47:22', 121),
(3828, 0, '200', 206, 1, 9, 1, 778, 67, 1, '2014-05-19 09:47:23', 121),
(3829, 0, '200', 206, 1, 9, 1, 779, 68, 1, '2014-05-19 09:47:23', 121),
(3830, 0, '200', 206, 1, 10, 1, 405, 42, 1, '2014-05-19 09:47:23', 121),
(3831, 0, '200', 206, 1, 10, 1, 406, 43, 1, '2014-05-19 09:47:23', 121),
(3832, 0, '200', 206, 1, 10, 1, 407, 44, 1, '2014-05-19 09:47:23', 121),
(3833, 0, '200', 206, 1, 10, 1, 408, 45, 1, '2014-05-19 09:47:23', 121),
(3834, 0, '200', 206, 1, 10, 1, 409, 48, 1, '2014-05-19 09:47:23', 121),
(3835, 0, '200', 206, 1, 10, 1, 410, 49, 1, '2014-05-19 09:47:23', 121),
(3836, 0, '200', 206, 1, 10, 1, 411, 46, 1, '2014-05-19 09:47:23', 121),
(3837, 0, '200', 206, 1, 10, 1, 412, 47, 1, '2014-05-19 09:47:24', 121),
(3838, 0, '200', 206, 1, 10, 1, 413, 50, 1, '2014-05-19 09:47:24', 121),
(3839, 0, '200', 206, 1, 10, 1, 414, 51, 1, '2014-05-19 09:47:24', 121),
(3840, 0, '200', 206, 1, 10, 1, 415, 54, 1, '2014-05-19 09:47:24', 121),
(3841, 0, '200', 206, 1, 10, 1, 416, 55, 1, '2014-05-19 09:47:24', 121),
(3842, 0, '200', 206, 1, 10, 1, 417, 53, 1, '2014-05-19 09:47:24', 121),
(3843, 0, '200', 206, 1, 10, 1, 418, 60, 1, '2014-05-19 09:47:24', 121),
(3844, 0, '200', 206, 1, 10, 1, 419, 61, 1, '2014-05-19 09:47:24', 121),
(3845, 0, '200', 206, 1, 10, 1, 420, 62, 1, '2014-05-19 09:47:25', 121),
(3846, 0, '200', 206, 1, 10, 1, 421, 63, 0, '2014-05-19 09:47:52', 121),
(3847, 0, '200', 206, 1, 10, 1, 422, 64, 0, '2014-05-19 09:48:34', 121),
(3848, 0, '200', 206, 1, 12, 1, 193, 43, 1, '2014-05-19 09:47:25', 121),
(3849, 0, '200', 206, 1, 12, 1, 194, 45, 1, '2014-05-19 09:47:25', 121),
(3850, 0, '200', 206, 1, 12, 1, 195, 44, 1, '2014-05-19 09:47:25', 121),
(3851, 0, '200', 206, 1, 12, 1, 196, 42, 1, '2014-05-19 09:47:25', 121),
(3852, 0, '200', 206, 1, 13, 1, 510, 42, 1, '2014-05-19 09:47:25', 121),
(3853, 0, '200', 206, 1, 13, 1, 511, 43, 1, '2014-05-19 09:47:26', 121),
(3854, 0, '200', 206, 1, 13, 1, 512, 44, 0, '2014-07-28 09:51:34', 121),
(3855, 0, '200', 206, 1, 14, 1, 96, 42, 1, '2014-05-19 09:47:26', 121),
(3856, 0, '200', 206, 1, 14, 1, 97, 43, 1, '2014-05-19 09:47:26', 121),
(3857, 0, '200', 206, 1, 15, 1, 124, 42, 1, '2014-05-19 09:47:26', 121),
(3858, 0, '200', 206, 1, 15, 1, 125, 43, 1, '2014-05-19 09:47:26', 121),
(3859, 0, '200', 206, 1, 15, 1, 126, 44, 1, '2014-05-19 09:47:26', 121),
(3860, 0, '200', 206, 1, 15, 1, 127, 45, 1, '2014-05-19 09:47:26', 121),
(3861, 0, '200', 206, 1, 16, 1, 76, 42, 1, '2014-05-19 09:47:26', 121),
(3862, 0, '200', 206, 1, 16, 1, 77, 43, 1, '2014-05-19 09:47:27', 121),
(3863, 0, '200', 206, 1, 17, 1, 68, 42, 1, '2014-05-19 09:47:27', 121),
(3864, 0, '200', 206, 1, 18, 1, 52, 42, 1, '2014-05-19 09:47:27', 121),
(3865, 195, '200', 206, 1, 10, 3, 421, 63, 0, '2014-05-19 09:47:52', 121),
(3866, 196, '200', 206, 1, 10, 2, 423, 64, 1, '2014-05-19 09:48:34', 121),
(3867, 197, '200', 206, 1, 9, 2, 780, 61, 0, '2014-05-19 10:03:00', 121),
(3868, 198, '200', 206, 1, 9, 1, 781, 69, 0, '2014-05-19 10:05:51', 121),
(3869, 199, '200', 206, 1, 2, 1, 123, 44, 1, '2014-05-19 10:02:32', 121),
(3870, 200, '200', 206, 1, 14, 1, 98, 44, 1, '2014-05-19 10:02:32', 121),
(3871, 201, '200', 206, 1, 9, 2, 782, 61, 1, '2014-05-19 10:03:00', 121),
(3872, 202, '200', 206, 1, 9, 2, 783, 69, 1, '2014-05-19 10:05:51', 121),
(3873, 203, '200', 206, 1, 9, 1, 784, 70, 0, '2014-05-19 10:06:58', 121),
(3874, 204, '200', 206, 1, 9, 2, 785, 70, 1, '2014-05-19 10:06:58', 121),
(3875, 205, '200', 206, 1, 12, 1, 197, 46, 0, '2014-07-28 09:50:45', 121),
(3876, 206, '200', 206, 1, 15, 1, 128, 46, 1, '2014-05-19 10:07:10', 121),
(3877, 207, '200', 206, 1, 1, 1, 130, 46, 0, '2014-05-19 10:25:03', 121),
(3878, 208, '200', 206, 1, 16, 1, 78, 44, 1, '2014-05-19 10:07:32', 121),
(3879, 209, '200', 206, 1, 1, 2, 131, 46, 1, '2014-05-19 10:25:03', 121),
(3880, 210, '200', 206, 1, 1, 3, 129, 45, 0, '2014-05-19 10:25:14', 121),
(3881, 1, '205', 184, 1, 11, 1, 27, 1, 1, '2014-05-20 08:28:44', 113),
(3882, 2, '205', 184, 1, 11, 1, 28, 2, 1, '2014-05-20 08:32:23', 113),
(3883, 3, '205', 184, 1, 11, 1, 29, 3, 0, '2014-05-20 08:32:43', 113),
(3884, 4, '205', 184, 1, 11, 1, 30, 3, 1, '2014-05-20 08:32:43', 113),
(3947, 0, '208', 211, 1, 13, 1, 519, 1, 1, '2014-05-21 02:25:20', 133),
(3948, 1, '208', 211, 1, 13, 1, 520, 2, 1, '2014-05-21 02:25:20', 133),
(3949, 2, '208', 211, 1, 13, 1, 521, 3, 1, '2014-05-21 02:25:20', 133),
(3950, 3, '208', 211, 1, 4, 1, 283, 1, 1, '2014-05-21 02:25:20', 133),
(3951, 4, '208', 211, 1, 5, 1, 971, 1, 1, '2014-05-21 02:25:20', 133),
(3952, 0, '209', 212, 1, 13, 1, 522, 1, 1, '2014-05-21 02:30:29', 133),
(3953, 1, '209', 212, 1, 13, 1, 523, 2, 1, '2014-05-21 02:30:29', 133),
(3954, 2, '209', 212, 1, 13, 1, 524, 3, 1, '2014-05-21 02:30:29', 133),
(3955, 3, '209', 212, 1, 4, 1, 284, 1, 1, '2014-05-21 02:30:29', 133),
(3956, 4, '209', 212, 1, 5, 1, 972, 1, 1, '2014-05-21 02:30:29', 133),
(3966, 0, '210', 213, 1, 13, 1, 525, 1, 1, '2014-05-21 04:55:50', 131),
(3967, 1, '210', 213, 1, 13, 1, 526, 2, 1, '2014-05-21 04:55:50', 131),
(3968, 2, '210', 213, 1, 13, 1, 527, 3, 1, '2014-05-21 04:55:50', 131),
(3969, 3, '210', 213, 1, 4, 1, 285, 1, 1, '2014-05-21 04:55:50', 131),
(3970, 4, '210', 213, 1, 5, 1, 973, 1, 1, '2014-05-21 04:55:50', 131),
(3971, 0, '210', 213, 1, 2, 1, 126, 4, 1, '2014-05-21 04:55:59', 131),
(3972, 0, '210', 213, 1, 4, 1, 286, 4, 1, '2014-05-21 04:55:59', 131),
(3973, 0, '210', 213, 1, 4, 1, 287, 5, 1, '2014-05-21 04:55:59', 131),
(3974, 0, '210', 213, 1, 5, 1, 974, 5, 1, '2014-05-21 04:55:59', 131),
(3975, 0, '210', 213, 1, 8, 1, 556, 4, 1, '2014-05-21 04:55:59', 131),
(3976, 0, '210', 213, 1, 8, 1, 557, 5, 1, '2014-05-21 04:55:59', 131),
(3977, 0, '210', 213, 1, 8, 1, 558, 6, 1, '2014-05-21 04:55:59', 131),
(3978, 0, '210', 213, 1, 8, 1, 559, 7, 1, '2014-05-21 04:55:59', 131),
(3979, 0, '210', 213, 1, 8, 1, 560, 8, 1, '2014-05-21 04:55:59', 131),
(3980, 0, '210', 213, 1, 9, 1, 801, 4, 1, '2014-05-21 04:55:59', 131),
(3981, 0, '210', 213, 1, 9, 1, 802, 9, 1, '2014-05-21 04:55:59', 131),
(3982, 0, '210', 213, 1, 9, 1, 803, 5, 1, '2014-05-21 04:55:59', 131),
(3983, 0, '210', 213, 1, 9, 1, 804, 6, 1, '2014-05-21 04:55:59', 131),
(3984, 0, '210', 213, 1, 9, 1, 805, 7, 1, '2014-05-21 04:55:59', 131),
(3985, 0, '210', 213, 1, 9, 1, 806, 8, 1, '2014-05-21 04:55:59', 131),
(3986, 0, '210', 213, 1, 10, 1, 434, 4, 1, '2014-05-21 04:55:59', 131),
(3987, 0, '210', 213, 1, 10, 1, 435, 5, 1, '2014-05-21 04:56:00', 131),
(3988, 0, '210', 213, 1, 10, 1, 436, 6, 1, '2014-05-21 04:56:00', 131),
(3989, 0, '210', 213, 1, 10, 1, 437, 7, 1, '2014-05-21 04:56:00', 131),
(3990, 0, '210', 213, 1, 10, 1, 438, 8, 1, '2014-05-21 04:56:00', 131),
(3991, 0, '210', 213, 1, 12, 1, 199, 4, 1, '2014-05-21 04:56:00', 131),
(3992, 0, '210', 213, 1, 13, 1, 528, 4, 1, '2014-05-21 04:56:00', 131),
(3993, 0, '210', 213, 1, 13, 1, 529, 5, 1, '2014-05-21 04:56:00', 131),
(3994, 0, '210', 213, 1, 13, 1, 530, 6, 1, '2014-05-21 04:56:00', 131),
(3995, 0, '210', 213, 1, 14, 1, 99, 4, 1, '2014-05-21 04:56:00', 131),
(3996, 0, '210', 213, 1, 14, 1, 100, 5, 1, '2014-05-21 04:56:00', 131),
(3997, 0, '210', 213, 1, 15, 1, 130, 4, 1, '2014-05-21 04:56:00', 131),
(3999, 5, '210', 213, 1, 11, 1, 34, 1, 1, '2014-05-21 05:08:20', 131),
(4000, 6, '210', 213, 1, 12, 1, 201, 5, 1, '2014-05-21 05:09:38', 131),
(4001, 7, '210', 213, 1, 11, 1, 35, 2, 1, '2014-05-21 05:10:42', 131),
(4002, 211, '200', 206, 1, 5, 1, 975, 47, 1, '2014-05-22 06:15:18', 121),
(4003, 212, '200', 206, 1, 6, 1, 81, 52, 1, '2014-05-22 06:17:04', 121),
(4004, 213, '200', 206, 1, 6, 1, 82, 53, 0, '2014-05-22 06:20:28', 121),
(4005, 214, '200', 206, 1, 6, 3, 82, 53, 0, '2014-05-22 06:20:28', 121),
(4006, 215, '200', 206, 1, 6, 1, 83, 54, 0, '2014-05-22 06:22:58', 121),
(4007, 216, '200', 206, 1, 6, 1, 84, 55, 0, '2014-05-22 06:22:54', 121),
(4008, 217, '200', 206, 1, 6, 3, 84, 55, 0, '2014-05-22 06:22:54', 121),
(4009, 218, '200', 206, 1, 6, 3, 83, 54, 0, '2014-05-22 06:22:58', 121),
(4010, 219, '200', 206, 1, 6, 3, 68, 43, 0, '2014-05-22 06:23:06', 121),
(4011, 220, '200', 206, 1, 6, 1, 85, 56, 1, '2014-05-22 06:32:20', 121),
(4012, 221, '200', 206, 1, 7, 1, 86, 51, 1, '2014-05-22 06:32:46', 121),
(4013, 222, '200', 206, 1, 7, 1, 87, 52, 1, '2014-05-22 06:33:00', 121),
(4014, 223, '200', 206, 1, 7, 1, 88, 53, 1, '2014-05-22 06:33:16', 121),
(4015, 224, '200', 206, 1, 7, 1, 89, 54, 1, '2014-05-22 06:33:54', 121),
(4016, 225, '200', 206, 1, 10, 1, 439, 65, 0, '2014-05-22 06:55:28', 121),
(4017, 226, '200', 206, 1, 8, 1, 561, 66, 1, '2014-05-22 06:39:56', 121),
(4018, 227, '200', 206, 1, 9, 1, 807, 71, 0, '2014-05-22 06:50:18', 121),
(4019, 228, '200', 206, 1, 9, 2, 808, 71, 1, '2014-05-22 06:50:18', 121),
(4020, 229, '200', 206, 1, 1, 1, 136, 47, 1, '2014-05-22 06:50:35', 121),
(4021, 230, '200', 206, 1, 16, 1, 81, 45, 1, '2014-05-22 06:50:35', 121),
(4022, 231, '200', 206, 1, 10, 1, 440, 66, 0, '2014-05-22 06:54:50', 121),
(4023, 232, '200', 206, 1, 8, 1, 562, 67, 1, '2014-05-22 06:52:03', 121),
(4024, 233, '200', 206, 1, 9, 1, 809, 72, 1, '2014-05-22 06:52:03', 121),
(4025, 234, '200', 206, 1, 10, 2, 441, 66, 1, '2014-05-22 06:54:50', 121),
(4026, 235, '200', 206, 1, 10, 2, 442, 65, 1, '2014-05-22 06:55:28', 121),
(4027, 1, '202', 207, 1, 11, 1, 36, 1, 1, '2014-06-10 05:16:38', 113),
(4028, 2, '202', 207, 1, 12, 2, 202, 1, 1, '2014-06-10 05:16:38', 113),
(4029, 0, '212', 215, 1, 13, 1, 531, 1, 1, '2014-06-10 09:54:31', 113),
(4030, 1, '212', 215, 1, 13, 1, 532, 2, 1, '2014-06-10 09:54:31', 113),
(4031, 2, '212', 215, 1, 13, 1, 533, 3, 1, '2014-06-10 09:54:31', 113),
(4032, 3, '212', 215, 1, 4, 1, 288, 1, 1, '2014-06-10 09:54:31', 113),
(4033, 4, '212', 215, 1, 5, 1, 976, 1, 1, '2014-06-10 09:54:31', 113),
(4034, 0, '212', 215, 1, 1, 1, 137, 4, 1, '2014-06-10 09:55:02', 113),
(4035, 0, '212', 215, 1, 1, 1, 138, 6, 1, '2014-06-10 09:55:02', 113),
(4036, 0, '212', 215, 1, 1, 1, 139, 7, 1, '2014-06-10 09:55:02', 113),
(4037, 0, '212', 215, 1, 2, 1, 127, 4, 1, '2014-06-10 09:55:02', 113),
(4038, 0, '212', 215, 1, 2, 1, 128, 5, 1, '2014-06-10 09:55:02', 113),
(4039, 0, '212', 215, 1, 3, 1, 64, 4, 1, '2014-06-10 09:55:02', 113),
(4040, 0, '212', 215, 1, 3, 1, 65, 5, 1, '2014-06-10 09:55:02', 113),
(4041, 0, '212', 215, 1, 4, 1, 289, 5, 1, '2014-06-10 09:55:02', 113),
(4042, 0, '212', 215, 1, 4, 1, 290, 4, 1, '2014-06-10 09:55:02', 113),
(4043, 0, '212', 215, 1, 5, 1, 977, 7, 1, '2014-06-10 09:55:02', 113),
(4044, 0, '212', 215, 1, 5, 1, 978, 8, 1, '2014-06-10 09:55:02', 113),
(4045, 0, '212', 215, 1, 6, 1, 86, 4, 1, '2014-06-10 09:55:02', 113),
(4046, 0, '212', 215, 1, 6, 1, 87, 5, 1, '2014-06-10 09:55:02', 113),
(4047, 0, '212', 215, 1, 6, 1, 88, 6, 1, '2014-06-10 09:55:02', 113),
(4048, 0, '212', 215, 1, 6, 1, 89, 7, 1, '2014-06-10 09:55:02', 113),
(4049, 0, '212', 215, 1, 6, 1, 90, 8, 1, '2014-06-10 09:55:02', 113),
(4050, 0, '212', 215, 1, 6, 1, 91, 9, 1, '2014-06-10 09:55:02', 113),
(4051, 0, '212', 215, 1, 6, 1, 92, 10, 1, '2014-06-10 09:55:02', 113),
(4052, 0, '212', 215, 1, 6, 1, 93, 11, 1, '2014-06-10 09:55:02', 113),
(4053, 0, '212', 215, 1, 6, 1, 94, 12, 1, '2014-06-10 09:55:02', 113),
(4054, 0, '212', 215, 1, 6, 1, 95, 13, 1, '2014-06-10 09:55:02', 113),
(4055, 0, '212', 215, 1, 7, 1, 90, 4, 1, '2014-06-10 09:55:02', 113),
(4056, 0, '212', 215, 1, 7, 1, 91, 5, 1, '2014-06-10 09:55:02', 113),
(4057, 0, '212', 215, 1, 7, 1, 92, 6, 1, '2014-06-10 09:55:02', 113),
(4058, 0, '212', 215, 1, 7, 1, 93, 7, 1, '2014-06-10 09:55:02', 113),
(4059, 0, '212', 215, 1, 7, 1, 94, 8, 1, '2014-06-10 09:55:03', 113),
(4060, 0, '212', 215, 1, 7, 1, 95, 9, 1, '2014-06-10 09:55:03', 113),
(4061, 0, '212', 215, 1, 7, 1, 96, 10, 1, '2014-06-10 09:55:03', 113),
(4062, 0, '212', 215, 1, 7, 1, 97, 11, 1, '2014-06-10 09:55:03', 113),
(4063, 0, '212', 215, 1, 7, 1, 98, 12, 1, '2014-06-10 09:55:03', 113),
(4064, 0, '212', 215, 1, 8, 1, 563, 4, 1, '2014-06-10 09:55:03', 113),
(4065, 0, '212', 215, 1, 8, 1, 564, 5, 1, '2014-06-10 09:55:03', 113),
(4066, 0, '212', 215, 1, 8, 1, 565, 6, 1, '2014-06-10 09:55:03', 113),
(4067, 0, '212', 215, 1, 8, 1, 566, 7, 1, '2014-06-10 09:55:03', 113),
(4068, 0, '212', 215, 1, 8, 1, 567, 8, 1, '2014-06-10 09:55:03', 113),
(4069, 0, '212', 215, 1, 8, 1, 568, 9, 1, '2014-06-10 09:55:03', 113),
(4070, 0, '212', 215, 1, 8, 1, 569, 10, 1, '2014-06-10 09:55:03', 113),
(4071, 0, '212', 215, 1, 8, 1, 570, 11, 1, '2014-06-10 09:55:03', 113),
(4072, 0, '212', 215, 1, 8, 1, 571, 12, 1, '2014-06-10 09:55:03', 113),
(4073, 0, '212', 215, 1, 8, 1, 572, 13, 1, '2014-06-10 09:55:03', 113),
(4074, 0, '212', 215, 1, 8, 1, 573, 14, 1, '2014-06-10 09:55:03', 113),
(4075, 0, '212', 215, 1, 8, 1, 574, 15, 1, '2014-06-10 09:55:03', 113),
(4076, 0, '212', 215, 1, 8, 1, 575, 16, 1, '2014-06-10 09:55:03', 113),
(4077, 0, '212', 215, 1, 8, 1, 576, 17, 1, '2014-06-10 09:55:03', 113),
(4078, 0, '212', 215, 1, 8, 1, 577, 18, 1, '2014-06-10 09:55:03', 113),
(4079, 0, '212', 215, 1, 8, 1, 578, 19, 1, '2014-06-10 09:55:03', 113),
(4080, 0, '212', 215, 1, 8, 1, 579, 20, 1, '2014-06-10 09:55:03', 113),
(4081, 0, '212', 215, 1, 8, 1, 580, 21, 1, '2014-06-10 09:55:03', 113),
(4082, 0, '212', 215, 1, 8, 1, 581, 22, 1, '2014-06-10 09:55:03', 113),
(4083, 0, '212', 215, 1, 8, 1, 582, 23, 1, '2014-06-10 09:55:03', 113),
(4084, 0, '212', 215, 1, 8, 1, 583, 24, 1, '2014-06-10 09:55:03', 113),
(4085, 0, '212', 215, 1, 8, 1, 584, 25, 1, '2014-06-10 09:55:03', 113),
(4086, 0, '212', 215, 1, 8, 1, 585, 26, 1, '2014-06-10 09:55:03', 113),
(4087, 0, '212', 215, 1, 8, 1, 586, 27, 1, '2014-06-10 09:55:03', 113),
(4088, 0, '212', 215, 1, 9, 1, 810, 4, 1, '2014-06-10 09:55:03', 113),
(4089, 0, '212', 215, 1, 9, 1, 811, 5, 1, '2014-06-10 09:55:03', 113),
(4090, 0, '212', 215, 1, 9, 1, 812, 6, 1, '2014-06-10 09:55:03', 113),
(4091, 0, '212', 215, 1, 9, 1, 813, 7, 1, '2014-06-10 09:55:03', 113),
(4092, 0, '212', 215, 1, 9, 1, 814, 8, 1, '2014-06-10 09:55:03', 113),
(4093, 0, '212', 215, 1, 9, 1, 815, 9, 1, '2014-06-10 09:55:03', 113),
(4094, 0, '212', 215, 1, 9, 1, 816, 10, 1, '2014-06-10 09:55:04', 113),
(4095, 0, '212', 215, 1, 9, 1, 817, 11, 1, '2014-06-10 09:55:04', 113),
(4096, 0, '212', 215, 1, 9, 1, 818, 12, 1, '2014-06-10 09:55:04', 113),
(4097, 0, '212', 215, 1, 9, 1, 819, 13, 1, '2014-06-10 09:55:04', 113),
(4098, 0, '212', 215, 1, 9, 1, 820, 14, 1, '2014-06-10 09:55:04', 113),
(4099, 0, '212', 215, 1, 9, 1, 821, 15, 1, '2014-06-10 09:55:04', 113),
(4100, 0, '212', 215, 1, 9, 1, 822, 16, 1, '2014-06-10 09:55:04', 113),
(4101, 0, '212', 215, 1, 9, 1, 823, 17, 1, '2014-06-10 09:55:04', 113),
(4102, 0, '212', 215, 1, 9, 1, 824, 18, 1, '2014-06-10 09:55:04', 113),
(4103, 0, '212', 215, 1, 9, 1, 825, 19, 1, '2014-06-10 09:55:04', 113),
(4104, 0, '212', 215, 1, 9, 1, 826, 20, 1, '2014-06-10 09:55:04', 113),
(4105, 0, '212', 215, 1, 9, 1, 827, 21, 1, '2014-06-10 09:55:04', 113),
(4106, 0, '212', 215, 1, 9, 1, 828, 22, 1, '2014-06-10 09:55:04', 113),
(4107, 0, '212', 215, 1, 9, 1, 829, 23, 1, '2014-06-10 09:55:04', 113),
(4108, 0, '212', 215, 1, 9, 1, 830, 24, 1, '2014-06-10 09:55:04', 113),
(4109, 0, '212', 215, 1, 9, 1, 831, 25, 1, '2014-06-10 09:55:04', 113),
(4110, 0, '212', 215, 1, 9, 1, 832, 26, 1, '2014-06-10 09:55:04', 113),
(4111, 0, '212', 215, 1, 9, 1, 833, 27, 1, '2014-06-10 09:55:04', 113),
(4112, 0, '212', 215, 1, 9, 1, 834, 28, 1, '2014-06-10 09:55:04', 113),
(4113, 0, '212', 215, 1, 9, 1, 835, 29, 1, '2014-06-10 09:55:04', 113),
(4114, 0, '212', 215, 1, 9, 1, 836, 30, 1, '2014-06-10 09:55:04', 113),
(4115, 0, '212', 215, 1, 10, 1, 443, 4, 1, '2014-06-10 09:55:04', 113),
(4116, 0, '212', 215, 1, 10, 1, 444, 5, 1, '2014-06-10 09:55:04', 113),
(4117, 0, '212', 215, 1, 10, 1, 445, 6, 1, '2014-06-10 09:55:04', 113),
(4118, 0, '212', 215, 1, 10, 1, 446, 7, 1, '2014-06-10 09:55:04', 113),
(4119, 0, '212', 215, 1, 10, 1, 447, 10, 1, '2014-06-10 09:55:04', 113),
(4120, 0, '212', 215, 1, 10, 1, 448, 11, 1, '2014-06-10 09:55:04', 113),
(4121, 0, '212', 215, 1, 10, 1, 449, 8, 1, '2014-06-10 09:55:04', 113),
(4122, 0, '212', 215, 1, 10, 1, 450, 9, 1, '2014-06-10 09:55:04', 113),
(4123, 0, '212', 215, 1, 10, 1, 451, 12, 1, '2014-06-10 09:55:04', 113),
(4124, 0, '212', 215, 1, 10, 1, 452, 13, 1, '2014-06-10 09:55:04', 113),
(4125, 0, '212', 215, 1, 10, 1, 453, 16, 1, '2014-06-10 09:55:04', 113),
(4126, 0, '212', 215, 1, 10, 1, 454, 17, 1, '2014-06-10 09:55:04', 113),
(4127, 0, '212', 215, 1, 10, 1, 455, 15, 1, '2014-06-10 09:55:04', 113),
(4128, 0, '212', 215, 1, 10, 1, 456, 22, 1, '2014-06-10 09:55:05', 113),
(4129, 0, '212', 215, 1, 10, 1, 457, 23, 1, '2014-06-10 09:55:05', 113),
(4130, 0, '212', 215, 1, 10, 1, 458, 24, 1, '2014-06-10 09:55:05', 113),
(4131, 0, '212', 215, 1, 10, 1, 459, 25, 1, '2014-06-10 09:55:05', 113),
(4132, 0, '212', 215, 1, 10, 1, 460, 26, 1, '2014-06-10 09:55:05', 113),
(4133, 0, '212', 215, 1, 12, 1, 203, 5, 1, '2014-06-10 09:55:05', 113),
(4134, 0, '212', 215, 1, 12, 1, 204, 7, 1, '2014-06-10 09:55:05', 113),
(4135, 0, '212', 215, 1, 12, 1, 205, 6, 1, '2014-06-10 09:55:05', 113),
(4136, 0, '212', 215, 1, 12, 1, 206, 4, 1, '2014-06-10 09:55:05', 113),
(4137, 0, '212', 215, 1, 13, 1, 534, 4, 1, '2014-06-10 09:55:05', 113),
(4138, 0, '212', 215, 1, 13, 1, 535, 5, 1, '2014-06-10 09:55:05', 113),
(4139, 0, '212', 215, 1, 13, 1, 536, 6, 1, '2014-06-10 09:55:05', 113),
(4140, 0, '212', 215, 1, 14, 1, 101, 4, 1, '2014-06-10 09:55:05', 113),
(4141, 0, '212', 215, 1, 14, 1, 102, 5, 1, '2014-06-10 09:55:05', 113),
(4142, 0, '212', 215, 1, 15, 1, 131, 4, 1, '2014-06-10 09:55:05', 113),
(4143, 0, '212', 215, 1, 15, 1, 132, 5, 1, '2014-06-10 09:55:05', 113),
(4144, 0, '212', 215, 1, 15, 1, 133, 6, 1, '2014-06-10 09:55:05', 113),
(4145, 0, '212', 215, 1, 15, 1, 134, 7, 1, '2014-06-10 09:55:05', 113),
(4146, 0, '212', 215, 1, 16, 1, 82, 4, 1, '2014-06-10 09:55:05', 113),
(4147, 0, '212', 215, 1, 16, 1, 83, 5, 1, '2014-06-10 09:55:05', 113),
(4148, 0, '212', 215, 1, 17, 1, 72, 4, 1, '2014-06-10 09:55:05', 113),
(4149, 0, '212', 215, 1, 18, 1, 53, 4, 1, '2014-06-10 09:55:05', 113),
(4150, 5, '212', 215, 1, 9, 1, 837, 31, 0, '2014-06-10 09:55:47', 113),
(4151, 6, '212', 215, 1, 9, 2, 838, 31, 1, '2014-06-10 09:55:47', 113),
(4152, 7, '212', 215, 1, 6, 1, 96, 14, 1, '2014-06-10 09:56:14', 113),
(4153, 0, '213', 215, 1, 1, 1, 140, 4, 1, '2014-06-10 09:57:15', 113),
(4154, 0, '213', 215, 1, 1, 1, 141, 6, 1, '2014-06-10 09:57:15', 113),
(4155, 0, '213', 215, 1, 1, 1, 142, 7, 1, '2014-06-10 09:57:15', 113),
(4156, 0, '213', 215, 1, 2, 1, 129, 4, 1, '2014-06-10 09:57:15', 113),
(4157, 0, '213', 215, 1, 2, 1, 130, 5, 1, '2014-06-10 09:57:15', 113),
(4158, 0, '213', 215, 1, 3, 1, 66, 4, 1, '2014-06-10 09:57:15', 113),
(4159, 0, '213', 215, 1, 3, 1, 67, 5, 1, '2014-06-10 09:57:15', 113),
(4160, 0, '213', 215, 1, 4, 1, 291, 1, 1, '2014-06-10 09:57:15', 113),
(4161, 0, '213', 215, 1, 4, 1, 292, 5, 1, '2014-06-10 09:57:15', 113),
(4162, 0, '213', 215, 1, 4, 1, 293, 4, 1, '2014-06-10 09:57:15', 113),
(4163, 0, '213', 215, 1, 5, 1, 979, 1, 1, '2014-06-10 09:57:15', 113),
(4164, 0, '213', 215, 1, 5, 1, 980, 7, 1, '2014-06-10 09:57:15', 113),
(4165, 0, '213', 215, 1, 5, 1, 981, 8, 1, '2014-06-10 09:57:15', 113),
(4166, 0, '213', 215, 1, 6, 1, 97, 4, 1, '2014-06-10 09:57:15', 113),
(4167, 0, '213', 215, 1, 6, 1, 98, 5, 1, '2014-06-10 09:57:15', 113),
(4168, 0, '213', 215, 1, 6, 1, 99, 6, 1, '2014-06-10 09:57:15', 113),
(4169, 0, '213', 215, 1, 6, 1, 100, 7, 1, '2014-06-10 09:57:15', 113),
(4170, 0, '213', 215, 1, 6, 1, 101, 8, 1, '2014-06-10 09:57:15', 113),
(4171, 0, '213', 215, 1, 6, 1, 102, 9, 1, '2014-06-10 09:57:15', 113),
(4172, 0, '213', 215, 1, 6, 1, 103, 10, 1, '2014-06-10 09:57:15', 113),
(4173, 0, '213', 215, 1, 6, 1, 104, 11, 1, '2014-06-10 09:57:15', 113),
(4174, 0, '213', 215, 1, 6, 1, 105, 12, 1, '2014-06-10 09:57:15', 113),
(4175, 0, '213', 215, 1, 6, 1, 106, 13, 1, '2014-06-10 09:57:15', 113),
(4176, 0, '213', 215, 1, 6, 1, 107, 14, 1, '2014-06-10 09:57:15', 113),
(4177, 0, '213', 215, 1, 7, 1, 99, 4, 1, '2014-06-10 09:57:15', 113),
(4178, 0, '213', 215, 1, 7, 1, 100, 5, 1, '2014-06-10 09:57:15', 113),
(4179, 0, '213', 215, 1, 7, 1, 101, 6, 1, '2014-06-10 09:57:15', 113),
(4180, 0, '213', 215, 1, 7, 1, 102, 7, 1, '2014-06-10 09:57:15', 113),
(4181, 0, '213', 215, 1, 7, 1, 103, 8, 1, '2014-06-10 09:57:15', 113),
(4182, 0, '213', 215, 1, 7, 1, 104, 9, 1, '2014-06-10 09:57:15', 113),
(4183, 0, '213', 215, 1, 7, 1, 105, 10, 1, '2014-06-10 09:57:15', 113),
(4184, 0, '213', 215, 1, 7, 1, 106, 11, 1, '2014-06-10 09:57:15', 113),
(4185, 0, '213', 215, 1, 7, 1, 107, 12, 1, '2014-06-10 09:57:15', 113),
(4186, 0, '213', 215, 1, 8, 1, 587, 4, 1, '2014-06-10 09:57:15', 113),
(4187, 0, '213', 215, 1, 8, 1, 588, 5, 1, '2014-06-10 09:57:15', 113),
(4188, 0, '213', 215, 1, 8, 1, 589, 6, 1, '2014-06-10 09:57:15', 113),
(4189, 0, '213', 215, 1, 8, 1, 590, 7, 1, '2014-06-10 09:57:15', 113),
(4190, 0, '213', 215, 1, 8, 1, 591, 8, 1, '2014-06-10 09:57:15', 113),
(4191, 0, '213', 215, 1, 8, 1, 592, 9, 1, '2014-06-10 09:57:15', 113),
(4192, 0, '213', 215, 1, 8, 1, 593, 10, 1, '2014-06-10 09:57:15', 113),
(4193, 0, '213', 215, 1, 8, 1, 594, 11, 1, '2014-06-10 09:57:15', 113),
(4194, 0, '213', 215, 1, 8, 1, 595, 12, 1, '2014-06-10 09:57:15', 113),
(4195, 0, '213', 215, 1, 8, 1, 596, 13, 1, '2014-06-10 09:57:15', 113),
(4196, 0, '213', 215, 1, 8, 1, 597, 14, 1, '2014-06-10 09:57:15', 113),
(4197, 0, '213', 215, 1, 8, 1, 598, 15, 1, '2014-06-10 09:57:15', 113),
(4198, 0, '213', 215, 1, 8, 1, 599, 16, 1, '2014-06-10 09:57:15', 113),
(4199, 0, '213', 215, 1, 8, 1, 600, 17, 1, '2014-06-10 09:57:15', 113),
(4200, 0, '213', 215, 1, 8, 1, 601, 18, 1, '2014-06-10 09:57:15', 113),
(4201, 0, '213', 215, 1, 8, 1, 602, 19, 1, '2014-06-10 09:57:15', 113),
(4202, 0, '213', 215, 1, 8, 1, 603, 20, 1, '2014-06-10 09:57:15', 113),
(4203, 0, '213', 215, 1, 8, 1, 604, 21, 1, '2014-06-10 09:57:15', 113),
(4204, 0, '213', 215, 1, 8, 1, 605, 22, 1, '2014-06-10 09:57:16', 113),
(4205, 0, '213', 215, 1, 8, 1, 606, 23, 1, '2014-06-10 09:57:16', 113),
(4206, 0, '213', 215, 1, 8, 1, 607, 24, 1, '2014-06-10 09:57:16', 113),
(4207, 0, '213', 215, 1, 8, 1, 608, 25, 1, '2014-06-10 09:57:16', 113),
(4208, 0, '213', 215, 1, 8, 1, 609, 26, 1, '2014-06-10 09:57:16', 113),
(4209, 0, '213', 215, 1, 8, 1, 610, 27, 1, '2014-06-10 09:57:16', 113),
(4210, 0, '213', 215, 1, 9, 1, 839, 4, 1, '2014-06-10 09:57:16', 113),
(4211, 0, '213', 215, 1, 9, 1, 840, 5, 1, '2014-06-10 09:57:16', 113),
(4212, 0, '213', 215, 1, 9, 1, 841, 6, 1, '2014-06-10 09:57:16', 113),
(4213, 0, '213', 215, 1, 9, 1, 842, 7, 1, '2014-06-10 09:57:16', 113),
(4214, 0, '213', 215, 1, 9, 1, 843, 8, 1, '2014-06-10 09:57:16', 113),
(4215, 0, '213', 215, 1, 9, 1, 844, 9, 1, '2014-06-10 09:57:16', 113),
(4216, 0, '213', 215, 1, 9, 1, 845, 10, 1, '2014-06-10 09:57:16', 113),
(4217, 0, '213', 215, 1, 9, 1, 846, 11, 1, '2014-06-10 09:57:16', 113),
(4218, 0, '213', 215, 1, 9, 1, 847, 12, 1, '2014-06-10 09:57:16', 113),
(4219, 0, '213', 215, 1, 9, 1, 848, 31, 1, '2014-06-10 09:57:16', 113),
(4220, 0, '213', 215, 1, 9, 1, 849, 13, 1, '2014-06-10 09:57:16', 113),
(4221, 0, '213', 215, 1, 9, 1, 850, 14, 1, '2014-06-10 09:57:16', 113),
(4222, 0, '213', 215, 1, 9, 1, 851, 15, 1, '2014-06-10 09:57:16', 113),
(4223, 0, '213', 215, 1, 9, 1, 852, 16, 1, '2014-06-10 09:57:16', 113),
(4224, 0, '213', 215, 1, 9, 1, 853, 17, 1, '2014-06-10 09:57:16', 113),
(4225, 0, '213', 215, 1, 9, 1, 854, 18, 1, '2014-06-10 09:57:16', 113),
(4226, 0, '213', 215, 1, 9, 1, 855, 19, 1, '2014-06-10 09:57:16', 113),
(4227, 0, '213', 215, 1, 9, 1, 856, 20, 1, '2014-06-10 09:57:16', 113),
(4228, 0, '213', 215, 1, 9, 1, 857, 21, 1, '2014-06-10 09:57:16', 113),
(4229, 0, '213', 215, 1, 9, 1, 858, 22, 1, '2014-06-10 09:57:16', 113),
(4230, 0, '213', 215, 1, 9, 1, 859, 23, 1, '2014-06-10 09:57:16', 113),
(4231, 0, '213', 215, 1, 9, 1, 860, 24, 1, '2014-06-10 09:57:16', 113),
(4232, 0, '213', 215, 1, 9, 1, 861, 25, 1, '2014-06-10 09:57:16', 113),
(4233, 0, '213', 215, 1, 9, 1, 862, 26, 1, '2014-06-10 09:57:16', 113),
(4234, 0, '213', 215, 1, 9, 1, 863, 27, 1, '2014-06-10 09:57:17', 113),
(4235, 0, '213', 215, 1, 9, 1, 864, 28, 1, '2014-06-10 09:57:17', 113),
(4236, 0, '213', 215, 1, 9, 1, 865, 29, 1, '2014-06-10 09:57:17', 113),
(4237, 0, '213', 215, 1, 9, 1, 866, 30, 1, '2014-06-10 09:57:17', 113),
(4238, 0, '213', 215, 1, 10, 1, 461, 4, 1, '2014-06-10 09:57:17', 113),
(4239, 0, '213', 215, 1, 10, 1, 462, 5, 1, '2014-06-10 09:57:17', 113),
(4240, 0, '213', 215, 1, 10, 1, 463, 6, 1, '2014-06-10 09:57:17', 113),
(4241, 0, '213', 215, 1, 10, 1, 464, 7, 1, '2014-06-10 09:57:17', 113),
(4242, 0, '213', 215, 1, 10, 1, 465, 10, 1, '2014-06-10 09:57:17', 113),
(4243, 0, '213', 215, 1, 10, 1, 466, 11, 1, '2014-06-10 09:57:17', 113),
(4244, 0, '213', 215, 1, 10, 1, 467, 8, 1, '2014-06-10 09:57:17', 113),
(4245, 0, '213', 215, 1, 10, 1, 468, 9, 1, '2014-06-10 09:57:17', 113),
(4246, 0, '213', 215, 1, 10, 1, 469, 12, 1, '2014-06-10 09:57:17', 113),
(4247, 0, '213', 215, 1, 10, 1, 470, 13, 1, '2014-06-10 09:57:17', 113),
(4248, 0, '213', 215, 1, 10, 1, 471, 16, 1, '2014-06-10 09:57:17', 113),
(4249, 0, '213', 215, 1, 10, 1, 472, 17, 1, '2014-06-10 09:57:17', 113),
(4250, 0, '213', 215, 1, 10, 1, 473, 15, 1, '2014-06-10 09:57:17', 113),
(4251, 0, '213', 215, 1, 10, 1, 474, 22, 1, '2014-06-10 09:57:17', 113),
(4252, 0, '213', 215, 1, 10, 1, 475, 23, 1, '2014-06-10 09:57:17', 113),
(4253, 0, '213', 215, 1, 10, 1, 476, 24, 1, '2014-06-10 09:57:17', 113),
(4254, 0, '213', 215, 1, 10, 1, 477, 25, 1, '2014-06-10 09:57:17', 113),
(4255, 0, '213', 215, 1, 10, 1, 478, 26, 1, '2014-06-10 09:57:17', 113),
(4256, 0, '213', 215, 1, 12, 1, 207, 5, 1, '2014-06-10 09:57:17', 113),
(4257, 0, '213', 215, 1, 12, 1, 208, 7, 1, '2014-06-10 09:57:17', 113),
(4258, 0, '213', 215, 1, 12, 1, 209, 6, 1, '2014-06-10 09:57:17', 113),
(4259, 0, '213', 215, 1, 12, 1, 210, 4, 1, '2014-06-10 09:57:17', 113),
(4260, 0, '213', 215, 1, 13, 1, 537, 1, 1, '2014-06-10 09:57:17', 113),
(4261, 0, '213', 215, 1, 13, 1, 538, 2, 1, '2014-06-10 09:57:17', 113),
(4262, 0, '213', 215, 1, 13, 1, 539, 3, 1, '2014-06-10 09:57:17', 113),
(4263, 0, '213', 215, 1, 13, 1, 540, 4, 1, '2014-06-10 09:57:17', 113),
(4264, 0, '213', 215, 1, 13, 1, 541, 5, 1, '2014-06-10 09:57:17', 113),
(4265, 0, '213', 215, 1, 13, 1, 542, 6, 1, '2014-06-10 09:57:17', 113),
(4266, 0, '213', 215, 1, 14, 1, 103, 4, 1, '2014-06-10 09:57:17', 113),
(4267, 0, '213', 215, 1, 14, 1, 104, 5, 1, '2014-06-10 09:57:17', 113),
(4268, 0, '213', 215, 1, 15, 1, 135, 4, 1, '2014-06-10 09:57:17', 113),
(4269, 0, '213', 215, 1, 15, 1, 136, 5, 1, '2014-06-10 09:57:17', 113),
(4270, 0, '213', 215, 1, 15, 1, 137, 6, 1, '2014-06-10 09:57:18', 113),
(4271, 0, '213', 215, 1, 15, 1, 138, 7, 1, '2014-06-10 09:57:18', 113),
(4272, 0, '213', 215, 1, 16, 1, 84, 4, 1, '2014-06-10 09:57:18', 113),
(4273, 0, '213', 215, 1, 16, 1, 85, 5, 1, '2014-06-10 09:57:18', 113),
(4274, 0, '213', 215, 1, 17, 1, 73, 4, 1, '2014-06-10 09:57:18', 113),
(4275, 0, '213', 215, 1, 18, 1, 54, 4, 1, '2014-06-10 09:57:18', 113),
(4276, 12, '203', 208, 1, 9, 1, 867, 7, 0, '2014-06-16 00:55:11', 121),
(4277, 13, '203', 208, 1, 9, 2, 868, 7, 0, '2014-06-18 04:14:22', 121),
(4278, 14, '203', 208, 1, 11, 1, 37, 3, 0, '2014-06-16 03:55:34', 121),
(4279, 15, '203', 208, 1, 12, 2, 211, 4, 0, '2014-06-16 03:47:24', 121),
(4280, 16, '203', 208, 1, 12, 2, 212, 5, 0, '2014-06-16 02:26:09', 121),
(4281, 17, '203', 208, 1, 12, 2, 213, 5, 0, '2014-06-16 03:47:32', 121),
(4282, 18, '203', 208, 1, 11, 3, 26, 2, 0, '2014-06-16 02:26:48', 121),
(4286, 19, '203', 208, 1, 12, 2, 216, 4, 0, '2014-06-16 03:59:21', 121),
(4287, 20, '203', 208, 1, 12, 2, 217, 5, 0, '2014-06-16 04:00:34', 121),
(4288, 21, '203', 208, 1, 11, 1, 39, 4, 0, '2014-06-16 03:55:30', 121),
(4289, 22, '203', 208, 1, 12, 2, 218, 6, 0, '2014-06-16 03:54:26', 121),
(4290, 23, '203', 208, 1, 11, 1, 40, 5, 0, '2014-06-16 03:55:32', 121),
(4291, 24, '203', 208, 1, 12, 2, 219, 6, 0, '2014-06-16 03:54:32', 121),
(4292, 25, '203', 208, 1, 12, 2, 220, 6, 0, '2014-06-16 03:55:20', 121),
(4293, 26, '203', 208, 1, 12, 2, 221, 6, 0, '2014-06-16 03:55:46', 121),
(4294, 27, '203', 208, 1, 11, 3, 39, 4, 0, '2014-06-16 03:55:30', 121),
(4295, 28, '203', 208, 1, 11, 3, 40, 5, 0, '2014-06-16 03:55:32', 121),
(4296, 29, '203', 208, 1, 11, 3, 37, 3, 0, '2014-06-16 03:55:34', 121),
(4297, 30, '203', 208, 1, 11, 3, 25, 1, 0, '2014-06-16 03:55:35', 121),
(4298, 31, '203', 208, 1, 11, 1, 41, 6, 0, '2014-06-16 23:12:41', 121),
(4299, 32, '203', 208, 1, 12, 2, 222, 6, 0, '2014-06-16 03:57:07', 121),
(4300, 33, '203', 208, 1, 12, 2, 223, 6, 0, '2014-06-16 03:58:21', 121),
(4301, 34, '203', 208, 1, 11, 1, 42, 3, 1, '2014-06-16 03:58:21', 121),
(4302, 35, '203', 208, 1, 12, 2, 224, 6, 1, '2014-06-16 03:58:21', 121),
(4303, 36, '203', 208, 1, 11, 1, 43, 4, 1, '2014-06-16 03:59:21', 121),
(4304, 37, '203', 208, 1, 12, 2, 225, 4, 1, '2014-06-16 03:59:21', 121),
(4305, 38, '203', 208, 1, 11, 1, 44, 5, 0, '2014-06-17 04:49:24', 121),
(4306, 39, '203', 208, 1, 12, 2, 226, 5, 0, '2014-06-17 03:23:18', 121),
(4307, 40, '203', 208, 1, 15, 1, 139, 6, 1, '2014-06-16 04:31:02', 121),
(4308, 41, '203', 208, 1, 9, 1, 869, 8, 0, '2014-06-16 04:35:00', 121),
(4309, 42, '203', 208, 1, 12, 1, 227, 7, 0, '2014-06-16 05:32:03', 121),
(4310, 43, '203', 208, 1, 15, 1, 140, 7, 1, '2014-06-16 04:34:05', 121),
(4311, 44, '203', 208, 1, 9, 2, 870, 8, 0, '2014-06-16 23:31:15', 121),
(4312, 45, '203', 208, 1, 8, 1, 611, 7, 1, '2014-06-16 04:35:19', 121),
(4313, 46, '203', 208, 1, 9, 1, 871, 9, 1, '2014-06-16 04:35:19', 121),
(4314, 47, '203', 208, 1, 9, 1, 872, 10, 0, '2014-06-16 05:31:19', 121),
(4315, 48, '203', 208, 1, 9, 2, 873, 10, 1, '2014-06-16 05:31:19', 121),
(4316, 49, '203', 208, 1, 12, 2, 228, 7, 0, '2014-06-17 03:26:20', 121),
(4317, 50, '203', 208, 1, 10, 1, 479, 7, 0, '2014-06-16 05:35:13', 121),
(4318, 51, '203', 208, 1, 8, 1, 612, 8, 1, '2014-06-16 05:33:33', 121),
(4319, 52, '203', 208, 1, 9, 1, 874, 11, 0, '2014-06-16 05:35:34', 121),
(4320, 53, '203', 208, 1, 4, 1, 294, 7, 1, '2014-06-16 05:34:52', 121),
(4321, 54, '203', 208, 1, 10, 2, 480, 7, 1, '2014-06-16 05:35:13', 121),
(4322, 55, '203', 208, 1, 9, 2, 875, 11, 0, '2014-06-16 05:37:08', 121),
(4323, 56, '203', 208, 1, 9, 2, 876, 11, 1, '2014-06-16 05:37:08', 121),
(4324, 57, '203', 208, 1, 12, 1, 229, 8, 0, '2014-06-16 06:23:00', 121),
(4325, 58, '203', 208, 1, 15, 1, 141, 8, 1, '2014-06-16 06:21:15', 121),
(4326, 59, '203', 208, 1, 12, 1, 230, 9, 0, '2014-06-16 06:25:28', 121),
(4327, 60, '203', 208, 1, 15, 1, 142, 9, 1, '2014-06-16 06:21:38', 121),
(4328, 61, '203', 208, 1, 12, 1, 231, 10, 0, '2014-06-16 06:25:57', 121),
(4329, 62, '203', 208, 1, 15, 1, 143, 10, 1, '2014-06-16 06:22:12', 121),
(4330, 63, '203', 208, 1, 12, 1, 232, 11, 0, '2014-06-16 06:26:28', 121),
(4331, 64, '203', 208, 1, 15, 1, 144, 11, 1, '2014-06-16 06:22:41', 121),
(4332, 65, '203', 208, 1, 12, 2, 233, 8, 0, '2014-06-16 06:24:58', 121),
(4333, 66, '203', 208, 1, 12, 2, 234, 8, 0, '2014-06-17 00:57:13', 121),
(4334, 67, '203', 208, 1, 12, 2, 235, 9, 0, '2014-06-16 06:27:17', 121),
(4335, 68, '203', 208, 1, 12, 2, 236, 10, 0, '2014-06-16 11:55:04', 121),
(4336, 69, '203', 208, 1, 12, 2, 237, 11, 0, '2014-06-16 11:56:29', 121),
(4337, 70, '203', 208, 1, 12, 2, 238, 9, 0, '2014-06-16 11:26:54', 121),
(4338, 71, '203', 208, 1, 1, 1, 143, 1, 0, '2014-06-17 00:30:28', 121),
(4339, 72, '203', 208, 1, 16, 1, 86, 1, 1, '2014-06-16 06:28:11', 121),
(4340, 73, '203', 208, 1, 1, 1, 144, 2, 0, '2014-06-17 00:29:30', 121),
(4341, 74, '203', 208, 1, 16, 1, 87, 2, 1, '2014-06-16 06:28:24', 121),
(4342, 75, '203', 208, 1, 1, 1, 145, 3, 0, '2014-06-16 23:53:59', 121);
INSERT INTO `version` (`id`, `number`, `release`, `project_id`, `status`, `object`, `action`, `foreign_key`, `foreign_id`, `active`, `create_date`, `create_user`) VALUES
(4343, 76, '203', 208, 1, 16, 1, 88, 3, 1, '2014-06-16 06:34:50', 121),
(4344, 77, '203', 208, 1, 1, 1, 146, 4, 0, '2014-06-16 23:41:32', 121),
(4345, 78, '203', 208, 1, 16, 1, 89, 4, 1, '2014-06-16 06:35:12', 121),
(4346, 79, '203', 208, 1, 10, 1, 481, 8, 1, '2014-06-16 06:44:37', 121),
(4347, 80, '203', 208, 1, 8, 1, 613, 9, 1, '2014-06-16 06:44:37', 121),
(4348, 81, '203', 208, 1, 9, 1, 877, 12, 0, '2014-06-17 03:34:30', 121),
(4349, 82, '203', 208, 1, 10, 2, 482, 5, 0, '2014-06-16 07:26:22', 121),
(4350, 83, '203', 208, 1, 9, 2, 878, 5, 0, '2014-06-16 07:21:20', 121),
(4351, 84, '203', 208, 1, 15, 1, 145, 12, 0, '2014-06-16 07:16:57', 121),
(4352, 85, '203', 208, 1, 15, 3, 145, 12, 0, '2014-06-16 07:16:57', 121),
(4353, 86, '203', 208, 1, 9, 2, 879, 5, 0, '2014-06-16 07:23:20', 121),
(4354, 87, '203', 208, 1, 15, 3, 109, 5, 0, '2014-06-16 07:21:26', 121),
(4355, 88, '203', 208, 1, 15, 1, 146, 13, 1, '2014-06-16 07:21:33', 121),
(4356, 89, '203', 208, 1, 9, 2, 880, 5, 0, '2014-06-16 07:26:33', 121),
(4357, 90, '203', 208, 1, 9, 1, 881, 13, 0, '2014-06-16 07:26:12', 121),
(4358, 91, '203', 208, 1, 9, 2, 882, 13, 1, '2014-06-16 07:26:12', 121),
(4359, 92, '203', 208, 1, 10, 2, 483, 5, 1, '2014-06-16 07:26:22', 121),
(4360, 93, '203', 208, 1, 9, 2, 883, 5, 0, '2014-06-16 07:37:19', 121),
(4361, 94, '203', 208, 1, 9, 1, 884, 14, 0, '2014-06-16 07:36:05', 121),
(4362, 95, '203', 208, 1, 9, 2, 885, 14, 1, '2014-06-16 07:36:05', 121),
(4363, 96, '203', 208, 1, 2, 1, 131, 1, 1, '2014-06-16 07:36:19', 121),
(4364, 97, '203', 208, 1, 14, 1, 105, 1, 0, '2014-06-16 07:37:44', 121),
(4365, 98, '203', 208, 1, 12, 1, 239, 12, 0, '2014-06-16 08:02:16', 121),
(4366, 99, '203', 208, 1, 15, 1, 147, 14, 1, '2014-06-16 07:36:54', 121),
(4367, 100, '203', 208, 1, 9, 2, 886, 5, 0, '2014-07-24 09:12:58', 121),
(4368, 101, '203', 208, 1, 14, 3, 105, 1, 0, '2014-06-16 07:37:44', 121),
(4369, 102, '203', 208, 1, 9, 1, 887, 15, 0, '2014-06-16 07:46:01', 121),
(4370, 103, '203', 208, 1, 14, 1, 106, 2, 1, '2014-06-16 07:45:02', 121),
(4371, 104, '203', 208, 1, 9, 2, 888, 15, 0, '2014-06-16 08:01:08', 121),
(4372, 105, '203', 208, 1, 12, 1, 240, 13, 0, '2014-06-16 08:02:20', 121),
(4373, 106, '203', 208, 1, 15, 1, 148, 15, 1, '2014-06-16 08:01:00', 121),
(4374, 107, '203', 208, 1, 9, 2, 889, 15, 1, '2014-06-16 08:01:08', 121),
(4375, 108, '203', 208, 1, 8, 1, 614, 10, 1, '2014-06-16 08:01:23', 121),
(4376, 109, '203', 208, 1, 9, 1, 890, 16, 0, '2014-06-16 08:01:47', 121),
(4377, 110, '203', 208, 1, 9, 2, 891, 16, 1, '2014-06-16 08:01:47', 121),
(4378, 111, '203', 208, 1, 12, 2, 241, 12, 0, '2014-06-17 03:21:24', 121),
(4379, 112, '203', 208, 1, 12, 2, 242, 13, 0, '2014-06-17 04:46:55', 121),
(4380, 113, '203', 208, 1, 3, 1, 68, 1, 1, '2014-06-16 08:03:39', 121),
(4381, 114, '203', 208, 1, 3, 1, 69, 2, 1, '2014-06-16 08:04:03', 121),
(4382, 115, '203', 208, 1, 3, 1, 70, 3, 1, '2014-06-16 08:04:37', 121),
(4383, 116, '203', 208, 1, 3, 1, 71, 4, 1, '2014-06-16 08:05:00', 121),
(4384, 117, '203', 208, 1, 3, 1, 72, 5, 1, '2014-06-16 08:05:56', 121),
(4385, 118, '203', 208, 1, 3, 1, 73, 6, 1, '2014-06-16 08:06:26', 121),
(4386, 119, '203', 208, 1, 3, 1, 74, 7, 1, '2014-06-16 08:06:59', 121),
(4387, 120, '203', 208, 1, 3, 1, 75, 8, 1, '2014-06-16 08:07:49', 121),
(4388, 121, '203', 208, 1, 9, 2, 892, 6, 1, '2014-06-16 08:09:58', 121),
(4389, 122, '203', 208, 1, 15, 1, 149, 16, 1, '2014-06-16 08:10:04', 121),
(4390, 123, '203', 208, 1, 9, 1, 893, 17, 0, '2014-06-16 08:13:33', 121),
(4391, 124, '203', 208, 1, 9, 2, 894, 17, 1, '2014-06-16 08:13:33', 121),
(4392, 125, '203', 208, 1, 12, 1, 243, 14, 0, '2014-06-16 12:03:58', 121),
(4393, 126, '203', 208, 1, 15, 1, 150, 17, 1, '2014-06-16 08:13:52', 121),
(4394, 127, '203', 208, 1, 2, 1, 132, 2, 1, '2014-06-16 08:14:49', 121),
(4395, 128, '203', 208, 1, 14, 1, 107, 3, 1, '2014-06-16 08:14:49', 121),
(4396, 129, '203', 208, 1, 9, 1, 895, 18, 0, '2014-06-16 08:15:47', 121),
(4397, 130, '203', 208, 1, 9, 2, 896, 18, 1, '2014-06-16 08:15:47', 121),
(4398, 131, '203', 208, 1, 3, 1, 76, 9, 1, '2014-06-16 08:17:00', 121),
(4399, 132, '203', 208, 1, 3, 1, 77, 10, 1, '2014-06-16 08:17:47', 121),
(4400, 133, '203', 208, 1, 3, 1, 78, 11, 1, '2014-06-16 11:09:15', 121),
(4401, 134, '203', 208, 1, 3, 1, 79, 12, 1, '2014-06-16 11:09:47', 121),
(4402, 135, '203', 208, 1, 3, 1, 80, 13, 1, '2014-06-16 11:10:17', 121),
(4403, 136, '203', 208, 1, 3, 1, 81, 14, 1, '2014-06-16 11:10:59', 121),
(4404, 137, '203', 208, 1, 3, 1, 82, 15, 1, '2014-06-16 11:11:40', 121),
(4405, 138, '203', 208, 1, 3, 1, 83, 16, 1, '2014-06-16 11:12:46', 121),
(4406, 139, '203', 208, 1, 6, 1, 108, 1, 1, '2014-06-16 11:17:21', 121),
(4407, 140, '203', 208, 1, 7, 1, 108, 1, 0, '2014-06-17 05:17:11', 121),
(4408, 141, '203', 208, 1, 7, 1, 109, 2, 1, '2014-06-16 11:18:46', 121),
(4409, 142, '203', 208, 1, 12, 2, 244, 9, 0, '2014-06-16 11:46:09', 121),
(4410, 143, '203', 208, 1, 12, 2, 245, 9, 0, '2014-06-16 11:51:27', 121),
(4411, 144, '203', 208, 1, 12, 2, 246, 9, 0, '2014-06-16 11:52:23', 121),
(4412, 145, '203', 208, 1, 12, 2, 247, 9, 0, '2014-06-16 11:53:06', 121),
(4413, 146, '203', 208, 1, 12, 2, 248, 9, 0, '2014-06-16 12:02:24', 121),
(4414, 147, '203', 208, 1, 12, 2, 249, 10, 0, '2014-06-16 12:01:38', 121),
(4415, 148, '203', 208, 1, 12, 2, 250, 11, 0, '2014-06-16 11:59:19', 121),
(4416, 149, '203', 208, 1, 12, 2, 251, 11, 0, '2014-06-16 11:59:31', 121),
(4417, 150, '203', 208, 1, 12, 2, 252, 11, 0, '2014-06-16 23:53:18', 121),
(4418, 151, '203', 208, 1, 12, 2, 253, 10, 1, '2014-06-16 12:01:38', 121),
(4419, 152, '203', 208, 1, 12, 2, 254, 9, 1, '2014-06-16 12:02:24', 121),
(4420, 153, '203', 208, 1, 12, 2, 255, 14, 0, '2014-06-18 04:32:12', 121),
(4421, 154, '203', 208, 1, 10, 1, 484, 9, 1, '2014-06-16 12:14:37', 121),
(4422, 155, '203', 208, 1, 8, 1, 615, 11, 1, '2014-06-16 12:14:37', 121),
(4423, 156, '203', 208, 1, 9, 1, 897, 19, 0, '2014-06-16 12:17:59', 121),
(4424, 157, '203', 208, 1, 9, 2, 898, 19, 1, '2014-06-16 12:17:59', 121),
(4425, 158, '203', 208, 1, 8, 1, 616, 12, 1, '2014-06-16 23:01:49', 121),
(4426, 159, '203', 208, 1, 9, 1, 899, 20, 1, '2014-06-16 23:01:49', 121),
(4427, 160, '203', 208, 1, 9, 1, 900, 21, 0, '2014-06-16 23:03:45', 121),
(4428, 161, '203', 208, 1, 9, 2, 901, 21, 1, '2014-06-16 23:03:45', 121),
(4429, 162, '203', 208, 1, 9, 1, 902, 22, 0, '2014-06-16 23:08:24', 121),
(4430, 163, '203', 208, 1, 9, 2, 903, 22, 0, '2014-06-16 23:12:22', 121),
(4431, 164, '203', 208, 1, 12, 1, 256, 15, 0, '2014-06-16 23:12:41', 121),
(4432, 165, '203', 208, 1, 15, 1, 151, 18, 1, '2014-06-16 23:12:09', 121),
(4433, 166, '203', 208, 1, 9, 2, 904, 22, 1, '2014-06-16 23:12:22', 121),
(4434, 167, '203', 208, 1, 11, 1, 45, 6, 1, '2014-06-16 23:12:41', 121),
(4435, 168, '203', 208, 1, 12, 2, 257, 15, 0, '2014-06-17 05:10:59', 121),
(4436, 169, '203', 208, 1, 10, 2, 485, 4, 0, '2014-06-17 03:29:16', 121),
(4437, 170, '203', 208, 1, 9, 2, 905, 4, 1, '2014-06-16 23:30:45', 121),
(4438, 171, '203', 208, 1, 14, 1, 108, 4, 1, '2014-06-16 23:31:04', 121),
(4439, 172, '203', 208, 1, 9, 2, 906, 8, 0, '2014-06-17 03:28:32', 121),
(4440, 173, '203', 208, 1, 1, 1, 147, 5, 0, '2014-06-16 23:36:42', 121),
(4441, 174, '203', 208, 1, 16, 1, 90, 5, 1, '2014-06-16 23:33:09', 121),
(4442, 175, '203', 208, 1, 1, 2, 148, 5, 1, '2014-06-16 23:36:42', 121),
(4443, 176, '203', 208, 1, 1, 2, 149, 4, 1, '2014-06-16 23:41:32', 121),
(4444, 177, '203', 208, 1, 12, 2, 258, 11, 1, '2014-06-16 23:53:18', 121),
(4445, 178, '203', 208, 1, 1, 2, 150, 3, 1, '2014-06-16 23:53:59', 121),
(4446, 179, '203', 208, 1, 1, 2, 151, 2, 0, '2014-06-17 00:30:07', 121),
(4447, 180, '203', 208, 1, 1, 2, 152, 2, 0, '2014-06-18 05:00:44', 121),
(4448, 181, '203', 208, 1, 1, 2, 153, 1, 0, '2014-06-18 05:00:22', 121),
(4449, 182, '203', 208, 1, 5, 1, 982, 5, 1, '2014-06-17 00:42:26', 121),
(4450, 183, '203', 208, 1, 10, 1, 486, 10, 1, '2014-06-17 00:43:07', 121),
(4451, 184, '203', 208, 1, 8, 1, 617, 13, 1, '2014-06-17 00:43:07', 121),
(4452, 185, '203', 208, 1, 9, 1, 907, 23, 0, '2014-06-17 00:51:18', 121),
(4453, 186, '203', 208, 1, 10, 1, 487, 11, 1, '2014-06-17 00:46:52', 121),
(4454, 187, '203', 208, 1, 8, 1, 618, 14, 1, '2014-06-17 00:46:52', 121),
(4455, 188, '203', 208, 1, 9, 1, 908, 24, 0, '2014-06-17 00:53:06', 121),
(4459, 189, '203', 208, 1, 9, 2, 910, 23, 1, '2014-06-17 00:51:18', 121),
(4460, 190, '203', 208, 1, 9, 1, 911, 25, 0, '2014-06-17 00:51:50', 121),
(4461, 191, '203', 208, 1, 9, 2, 912, 25, 1, '2014-06-17 00:51:50', 121),
(4462, 192, '203', 208, 1, 9, 2, 913, 24, 1, '2014-06-17 00:53:06', 121),
(4463, 193, '203', 208, 1, 9, 1, 914, 26, 0, '2014-06-17 00:53:47', 121),
(4464, 194, '203', 208, 1, 9, 2, 915, 26, 1, '2014-06-17 00:53:47', 121),
(4465, 195, '203', 208, 1, 12, 2, 259, 8, 1, '2014-06-17 00:57:13', 121),
(4466, 196, '203', 208, 1, 11, 1, 46, 7, 0, '2014-06-18 14:02:00', 121),
(4467, 197, '203', 208, 1, 12, 2, 260, 12, 0, '2014-06-18 13:58:52', 121),
(4468, 198, '203', 208, 1, 12, 2, 261, 5, 0, '2014-06-17 03:23:31', 121),
(4469, 199, '203', 208, 1, 12, 3, 261, 5, 0, '2014-06-17 03:23:31', 121),
(4470, 200, '203', 208, 1, 12, 2, 262, 7, 0, '2014-06-17 03:27:10', 121),
(4471, 201, '203', 208, 1, 12, 2, 263, 7, 0, '2014-06-17 03:27:30', 121),
(4472, 202, '203', 208, 1, 12, 2, 264, 7, 1, '2014-06-17 03:27:30', 121),
(4473, 203, '203', 208, 1, 9, 2, 916, 8, 1, '2014-06-17 03:28:32', 121),
(4474, 204, '203', 208, 1, 10, 2, 489, 4, 0, '2014-06-17 03:29:35', 121),
(4475, 205, '203', 208, 1, 10, 2, 490, 4, 1, '2014-06-17 03:29:35', 121),
(4476, 206, '203', 208, 1, 9, 2, 917, 12, 0, '2014-06-18 04:40:53', 121),
(4477, 207, '203', 208, 1, 9, 1, 918, 27, 0, '2014-06-17 03:35:17', 121),
(4478, 208, '203', 208, 1, 9, 2, 919, 27, 1, '2014-06-17 03:35:17', 121),
(4479, 209, '203', 208, 1, 1, 1, 154, 6, 0, '2014-06-17 04:01:45', 121),
(4480, 210, '203', 208, 1, 16, 1, 91, 6, 1, '2014-06-17 03:36:43', 121),
(4481, 211, '203', 208, 1, 1, 2, 155, 6, 0, '2014-06-18 04:44:59', 121),
(4482, 212, '203', 208, 1, 8, 1, 620, 15, 1, '2014-06-17 04:02:44', 121),
(4483, 213, '203', 208, 1, 9, 1, 920, 28, 0, '2014-06-17 04:03:41', 121),
(4484, 214, '203', 208, 1, 9, 2, 921, 28, 1, '2014-06-17 04:03:41', 121),
(4485, 215, '203', 208, 1, 4, 2, 295, 5, 0, '2014-06-17 04:14:13', 121),
(4486, 216, '203', 208, 1, 4, 2, 296, 5, 1, '2014-06-17 04:14:13', 121),
(4487, 217, '203', 208, 1, 4, 2, 297, 6, 1, '2014-06-17 04:24:16', 121),
(4488, 218, '203', 208, 1, 9, 1, 922, 29, 0, '2014-06-17 04:27:58', 121),
(4489, 219, '203', 208, 1, 9, 2, 923, 29, 0, '2014-06-17 04:28:02', 121),
(4490, 220, '203', 208, 1, 9, 3, 923, 29, 0, '2014-06-17 04:28:02', 121),
(4491, 221, '203', 208, 1, 9, 1, 924, 30, 0, '2014-06-17 04:28:10', 121),
(4492, 222, '203', 208, 1, 9, 2, 925, 30, 0, '2014-06-17 04:28:12', 121),
(4493, 223, '203', 208, 1, 9, 3, 925, 30, 0, '2014-06-17 04:28:12', 121),
(4494, 224, '203', 208, 1, 17, 1, 74, 5, 0, '2014-06-17 05:04:46', 121),
(4495, 225, '203', 208, 1, 18, 1, 55, 5, 1, '2014-06-17 04:35:49', 121),
(4496, 226, '203', 208, 1, 9, 1, 926, 31, 0, '2014-06-17 04:37:36', 121),
(4497, 227, '203', 208, 1, 9, 2, 927, 31, 1, '2014-06-17 04:37:36', 121),
(4498, 228, '203', 208, 1, 12, 1, 265, 16, 0, '2014-06-17 05:11:05', 121),
(4499, 229, '203', 208, 1, 15, 1, 152, 19, 1, '2014-06-17 04:38:10', 121),
(4500, 230, '203', 208, 1, 12, 1, 266, 17, 0, '2014-06-17 05:11:14', 121),
(4501, 231, '203', 208, 1, 15, 1, 153, 20, 1, '2014-06-17 04:38:36', 121),
(4502, 232, '203', 208, 1, 1, 1, 156, 7, 0, '2014-06-17 04:45:54', 121),
(4503, 233, '203', 208, 1, 16, 1, 92, 7, 1, '2014-06-17 04:39:01', 121),
(4504, 234, '203', 208, 1, 1, 2, 157, 7, 1, '2014-06-17 04:45:54', 121),
(4505, 235, '203', 208, 1, 11, 1, 47, 8, 1, '2014-06-17 04:46:55', 121),
(4506, 236, '203', 208, 1, 12, 2, 267, 13, 0, '2014-06-17 04:47:02', 121),
(4507, 237, '203', 208, 1, 12, 2, 268, 13, 0, '2014-06-17 04:48:43', 121),
(4508, 238, '203', 208, 1, 11, 1, 48, 9, 1, '2014-06-17 04:48:43', 121),
(4509, 239, '203', 208, 1, 12, 2, 269, 13, 1, '2014-06-17 04:48:43', 121),
(4510, 240, '203', 208, 1, 11, 3, 44, 5, 0, '2014-06-17 04:49:24', 121),
(4511, 241, '203', 208, 1, 12, 1, 270, 18, 0, '2014-06-17 04:52:33', 121),
(4512, 242, '203', 208, 1, 15, 1, 154, 21, 1, '2014-06-17 04:50:19', 121),
(4513, 243, '203', 208, 1, 15, 3, 108, 4, 0, '2014-06-17 04:50:23', 121),
(4514, 244, '203', 208, 1, 11, 1, 49, 10, 0, '2014-06-18 14:02:10', 121),
(4515, 245, '203', 208, 1, 12, 2, 271, 18, 0, '2014-06-17 05:11:20', 121),
(4516, 246, '203', 208, 1, 17, 2, 75, 5, 0, '2014-06-17 05:04:53', 121),
(4517, 247, '203', 208, 1, 17, 2, 76, 5, 0, '2014-06-17 05:04:59', 121),
(4518, 248, '203', 208, 1, 17, 2, 77, 5, 0, '2014-06-17 05:05:02', 121),
(4519, 249, '203', 208, 1, 17, 2, 78, 5, 0, '2014-06-17 05:05:04', 121),
(4520, 250, '203', 208, 1, 17, 2, 79, 5, 1, '2014-06-17 05:05:04', 121),
(4521, 251, '203', 208, 1, 12, 2, 272, 15, 0, '2014-06-17 05:12:23', 121),
(4522, 252, '203', 208, 1, 12, 2, 273, 16, 0, '2014-06-18 14:01:34', 121),
(4523, 253, '203', 208, 1, 12, 2, 274, 17, 0, '2014-06-23 05:37:58', 121),
(4524, 254, '203', 208, 1, 12, 2, 275, 18, 0, '2014-06-17 05:12:39', 121),
(4525, 255, '203', 208, 1, 12, 2, 276, 15, 0, '2014-06-17 05:14:20', 121),
(4526, 256, '203', 208, 1, 12, 2, 277, 18, 0, '2014-06-18 14:00:02', 121),
(4527, 257, '203', 208, 1, 12, 2, 278, 15, 0, '2014-06-17 05:14:23', 121),
(4528, 258, '203', 208, 1, 12, 2, 279, 15, 0, '2014-06-18 14:03:32', 121),
(4529, 259, '203', 208, 1, 7, 2, 110, 1, 1, '2014-06-17 05:17:11', 121),
(4530, 260, '203', 208, 1, 6, 1, 109, 2, 1, '2014-06-17 05:18:06', 121),
(4531, 261, '203', 208, 1, 9, 2, 928, 7, 1, '2014-06-18 04:14:22', 121),
(4532, 262, '203', 208, 1, 1, 1, 158, 8, 0, '2014-06-18 04:18:07', 121),
(4533, 263, '203', 208, 1, 16, 1, 93, 8, 1, '2014-06-18 04:16:56', 121),
(4534, 264, '203', 208, 1, 1, 2, 159, 8, 1, '2014-06-18 04:18:07', 121),
(4535, 265, '203', 208, 1, 15, 1, 155, 22, 1, '2014-06-18 04:23:59', 121),
(4536, 266, '203', 208, 1, 11, 1, 50, 11, 1, '2014-06-18 04:32:12', 121),
(4537, 267, '203', 208, 1, 12, 2, 280, 14, 0, '2014-06-23 05:36:02', 121),
(4538, 268, '203', 208, 1, 1, 1, 160, 9, 0, '2014-06-18 04:35:41', 121),
(4539, 269, '203', 208, 1, 16, 1, 94, 9, 1, '2014-06-18 04:35:07', 121),
(4540, 270, '203', 208, 1, 1, 2, 161, 9, 1, '2014-06-18 04:35:41', 121),
(4541, 271, '203', 208, 1, 9, 2, 929, 12, 1, '2014-06-18 04:40:53', 121),
(4542, 272, '203', 208, 1, 8, 1, 621, 16, 1, '2014-06-18 04:42:28', 121),
(4543, 273, '203', 208, 1, 9, 1, 930, 32, 0, '2014-06-18 04:43:24', 121),
(4544, 274, '203', 208, 1, 9, 2, 931, 32, 1, '2014-06-18 04:43:24', 121),
(4545, 275, '203', 208, 1, 1, 2, 162, 6, 1, '2014-06-18 04:44:59', 121),
(4546, 276, '203', 208, 1, 9, 1, 932, 33, 0, '2014-06-18 04:46:45', 121),
(4547, 277, '203', 208, 1, 9, 2, 933, 33, 1, '2014-06-18 04:46:45', 121),
(4548, 278, '203', 208, 1, 15, 1, 156, 23, 1, '2014-06-18 04:47:07', 121),
(4549, 279, '203', 208, 1, 15, 1, 157, 24, 1, '2014-06-18 04:47:14', 121),
(4550, 280, '203', 208, 1, 8, 1, 622, 17, 1, '2014-06-18 04:56:20', 121),
(4551, 281, '203', 208, 1, 9, 1, 934, 34, 0, '2014-06-18 04:57:13', 121),
(4552, 282, '203', 208, 1, 9, 2, 935, 34, 1, '2014-06-18 04:57:13', 121),
(4553, 283, '203', 208, 1, 1, 1, 163, 10, 0, '2014-06-29 11:32:56', 121),
(4554, 284, '203', 208, 1, 16, 1, 95, 10, 1, '2014-06-18 04:57:39', 121),
(4555, 285, '203', 208, 1, 1, 2, 164, 1, 1, '2014-06-18 05:00:22', 121),
(4556, 286, '203', 208, 1, 1, 2, 165, 2, 1, '2014-06-18 05:00:44', 121),
(4557, 287, '203', 208, 1, 12, 2, 281, 12, 0, '2014-06-18 13:59:23', 121),
(4558, 288, '203', 208, 1, 11, 1, 51, 12, 1, '2014-06-18 13:59:23', 121),
(4559, 289, '203', 208, 1, 12, 2, 282, 12, 1, '2014-06-18 13:59:23', 121),
(4560, 290, '203', 208, 1, 12, 2, 283, 18, 0, '2014-06-18 14:00:15', 121),
(4561, 291, '203', 208, 1, 11, 1, 52, 13, 1, '2014-06-18 14:00:15', 121),
(4562, 292, '203', 208, 1, 12, 2, 284, 18, 1, '2014-06-18 14:00:15', 121),
(4563, 293, '203', 208, 1, 12, 2, 285, 16, 1, '2014-06-18 14:01:34', 121),
(4564, 294, '203', 208, 1, 11, 3, 46, 7, 0, '2014-06-18 14:02:00', 121),
(4565, 295, '203', 208, 1, 11, 3, 49, 10, 0, '2014-06-18 14:02:10', 121),
(4566, 296, '203', 208, 1, 12, 2, 286, 15, 0, '2014-06-18 14:03:43', 121),
(4567, 297, '203', 208, 1, 11, 1, 53, 14, 1, '2014-06-18 14:03:43', 121),
(4568, 298, '203', 208, 1, 12, 2, 287, 15, 1, '2014-06-18 14:03:43', 121),
(4569, 299, '203', 208, 1, 12, 2, 288, 14, 0, '2014-06-23 05:36:16', 121),
(4570, 300, '203', 208, 1, 11, 1, 54, 15, 1, '2014-06-23 05:36:16', 121),
(4571, 301, '203', 208, 1, 12, 2, 289, 14, 0, '2014-07-23 22:50:46', 121),
(4572, 302, '203', 208, 1, 11, 1, 55, 16, 1, '2014-06-23 05:37:58', 121),
(4573, 303, '203', 208, 1, 12, 2, 290, 17, 0, '2014-06-23 05:38:19', 121),
(4574, 304, '203', 208, 1, 12, 2, 291, 17, 0, '2014-06-23 05:38:29', 121),
(4575, 305, '203', 208, 1, 12, 2, 292, 17, 1, '2014-06-23 05:38:29', 121),
(4576, 0, '214', 208, 1, 1, 1, 166, 5, 1, '2014-06-24 11:00:55', 121),
(4577, 0, '214', 208, 1, 1, 1, 167, 4, 1, '2014-06-24 11:00:55', 121),
(4578, 0, '214', 208, 1, 1, 1, 168, 3, 1, '2014-06-24 11:00:55', 121),
(4579, 0, '214', 208, 1, 1, 1, 169, 7, 1, '2014-06-24 11:00:55', 121),
(4580, 0, '214', 208, 1, 1, 1, 170, 8, 1, '2014-06-24 11:00:55', 121),
(4581, 0, '214', 208, 1, 1, 1, 171, 9, 1, '2014-06-24 11:00:55', 121),
(4582, 0, '214', 208, 1, 1, 1, 172, 6, 1, '2014-06-24 11:00:55', 121),
(4583, 0, '214', 208, 1, 1, 1, 173, 10, 1, '2014-06-24 11:00:55', 121),
(4584, 0, '214', 208, 1, 1, 1, 174, 1, 1, '2014-06-24 11:00:55', 121),
(4585, 0, '214', 208, 1, 1, 1, 175, 2, 1, '2014-06-24 11:00:55', 121),
(4586, 0, '214', 208, 1, 2, 1, 133, 1, 1, '2014-06-24 11:00:55', 121),
(4587, 0, '214', 208, 1, 2, 1, 134, 2, 1, '2014-06-24 11:00:55', 121),
(4588, 0, '214', 208, 1, 3, 1, 84, 1, 1, '2014-06-24 11:00:55', 121),
(4589, 0, '214', 208, 1, 3, 1, 85, 2, 1, '2014-06-24 11:00:55', 121),
(4590, 0, '214', 208, 1, 3, 1, 86, 3, 1, '2014-06-24 11:00:55', 121),
(4591, 0, '214', 208, 1, 3, 1, 87, 4, 1, '2014-06-24 11:00:55', 121),
(4592, 0, '214', 208, 1, 3, 1, 88, 5, 1, '2014-06-24 11:00:55', 121),
(4593, 0, '214', 208, 1, 3, 1, 89, 6, 1, '2014-06-24 11:00:55', 121),
(4594, 0, '214', 208, 1, 3, 1, 90, 7, 1, '2014-06-24 11:00:55', 121),
(4595, 0, '214', 208, 1, 3, 1, 91, 8, 1, '2014-06-24 11:00:55', 121),
(4596, 0, '214', 208, 1, 3, 1, 92, 9, 1, '2014-06-24 11:00:55', 121),
(4597, 0, '214', 208, 1, 3, 1, 93, 10, 1, '2014-06-24 11:00:56', 121),
(4598, 0, '214', 208, 1, 3, 1, 94, 11, 1, '2014-06-24 11:00:56', 121),
(4599, 0, '214', 208, 1, 3, 1, 95, 12, 1, '2014-06-24 11:00:56', 121),
(4600, 0, '214', 208, 1, 3, 1, 96, 13, 1, '2014-06-24 11:00:56', 121),
(4601, 0, '214', 208, 1, 3, 1, 97, 14, 1, '2014-06-24 11:00:56', 121),
(4602, 0, '214', 208, 1, 3, 1, 98, 15, 1, '2014-06-24 11:00:56', 121),
(4603, 0, '214', 208, 1, 3, 1, 99, 16, 1, '2014-06-24 11:00:56', 121),
(4604, 0, '214', 208, 1, 4, 1, 298, 4, 1, '2014-06-24 11:00:56', 121),
(4605, 0, '214', 208, 1, 4, 1, 299, 7, 1, '2014-06-24 11:00:56', 121),
(4606, 0, '214', 208, 1, 4, 1, 300, 5, 1, '2014-06-24 11:00:56', 121),
(4607, 0, '214', 208, 1, 4, 1, 301, 6, 1, '2014-06-24 11:00:56', 121),
(4608, 0, '214', 208, 1, 5, 1, 983, 4, 1, '2014-06-24 11:00:56', 121),
(4609, 0, '214', 208, 1, 5, 1, 984, 5, 1, '2014-06-24 11:00:56', 121),
(4610, 0, '214', 208, 1, 6, 1, 110, 1, 1, '2014-06-24 11:00:56', 121),
(4611, 0, '214', 208, 1, 6, 1, 111, 2, 1, '2014-06-24 11:00:56', 121),
(4612, 0, '214', 208, 1, 7, 1, 111, 2, 1, '2014-06-24 11:00:56', 121),
(4613, 0, '214', 208, 1, 7, 1, 112, 1, 1, '2014-06-24 11:00:56', 121),
(4614, 0, '214', 208, 1, 8, 1, 623, 4, 1, '2014-06-24 11:00:56', 121),
(4615, 0, '214', 208, 1, 8, 1, 624, 5, 1, '2014-06-24 11:00:56', 121),
(4616, 0, '214', 208, 1, 8, 1, 625, 6, 1, '2014-06-24 11:00:56', 121),
(4617, 0, '214', 208, 1, 8, 1, 626, 7, 1, '2014-06-24 11:00:56', 121),
(4618, 0, '214', 208, 1, 8, 1, 627, 8, 1, '2014-06-24 11:00:56', 121),
(4619, 0, '214', 208, 1, 8, 1, 628, 9, 1, '2014-06-24 11:00:56', 121),
(4620, 0, '214', 208, 1, 8, 1, 629, 10, 1, '2014-06-24 11:00:56', 121),
(4621, 0, '214', 208, 1, 8, 1, 630, 11, 1, '2014-06-24 11:00:56', 121),
(4622, 0, '214', 208, 1, 8, 1, 631, 12, 1, '2014-06-24 11:00:56', 121),
(4623, 0, '214', 208, 1, 8, 1, 632, 13, 1, '2014-06-24 11:00:56', 121),
(4624, 0, '214', 208, 1, 8, 1, 633, 14, 1, '2014-06-24 11:00:56', 121),
(4625, 0, '214', 208, 1, 8, 1, 634, 15, 1, '2014-06-24 11:00:56', 121),
(4626, 0, '214', 208, 1, 8, 1, 635, 16, 1, '2014-06-24 11:00:56', 121),
(4627, 0, '214', 208, 1, 8, 1, 636, 17, 1, '2014-06-24 11:00:56', 121),
(4628, 0, '214', 208, 1, 9, 1, 936, 9, 1, '2014-06-24 11:00:56', 121),
(4629, 0, '214', 208, 1, 9, 1, 937, 10, 1, '2014-06-24 11:00:56', 121),
(4630, 0, '214', 208, 1, 9, 1, 938, 11, 1, '2014-06-24 11:00:56', 121),
(4631, 0, '214', 208, 1, 9, 1, 939, 13, 1, '2014-06-24 11:00:56', 121),
(4632, 0, '214', 208, 1, 9, 1, 940, 14, 1, '2014-06-24 11:00:56', 121),
(4633, 0, '214', 208, 1, 9, 1, 941, 5, 1, '2014-06-24 11:00:56', 121),
(4634, 0, '214', 208, 1, 9, 1, 942, 15, 1, '2014-06-24 11:00:56', 121),
(4635, 0, '214', 208, 1, 9, 1, 943, 16, 1, '2014-06-24 11:00:56', 121),
(4636, 0, '214', 208, 1, 9, 1, 944, 6, 1, '2014-06-24 11:00:56', 121),
(4637, 0, '214', 208, 1, 9, 1, 945, 17, 1, '2014-06-24 11:00:56', 121),
(4638, 0, '214', 208, 1, 9, 1, 946, 18, 0, '2014-07-10 06:17:10', 121),
(4639, 0, '214', 208, 1, 9, 1, 947, 19, 1, '2014-06-24 11:00:57', 121),
(4640, 0, '214', 208, 1, 9, 1, 948, 20, 1, '2014-06-24 11:00:57', 121),
(4641, 0, '214', 208, 1, 9, 1, 949, 21, 1, '2014-06-24 11:00:57', 121),
(4642, 0, '214', 208, 1, 9, 1, 950, 22, 1, '2014-06-24 11:00:57', 121),
(4643, 0, '214', 208, 1, 9, 1, 951, 4, 1, '2014-06-24 11:00:57', 121),
(4644, 0, '214', 208, 1, 9, 1, 952, 23, 1, '2014-06-24 11:00:57', 121),
(4645, 0, '214', 208, 1, 9, 1, 953, 25, 1, '2014-06-24 11:00:57', 121),
(4646, 0, '214', 208, 1, 9, 1, 954, 24, 1, '2014-06-24 11:00:57', 121),
(4647, 0, '214', 208, 1, 9, 1, 955, 26, 1, '2014-06-24 11:00:57', 121),
(4648, 0, '214', 208, 1, 9, 1, 956, 8, 1, '2014-06-24 11:00:57', 121),
(4649, 0, '214', 208, 1, 9, 1, 957, 27, 1, '2014-06-24 11:00:57', 121),
(4650, 0, '214', 208, 1, 9, 1, 958, 28, 1, '2014-06-24 11:00:57', 121),
(4651, 0, '214', 208, 1, 9, 1, 959, 31, 1, '2014-06-24 11:00:57', 121),
(4652, 0, '214', 208, 1, 9, 1, 960, 7, 1, '2014-06-24 11:00:57', 121),
(4653, 0, '214', 208, 1, 9, 1, 961, 12, 1, '2014-06-24 11:00:57', 121),
(4654, 0, '214', 208, 1, 9, 1, 962, 32, 1, '2014-06-24 11:00:57', 121),
(4655, 0, '214', 208, 1, 9, 1, 963, 33, 1, '2014-06-24 11:00:57', 121),
(4656, 0, '214', 208, 1, 9, 1, 964, 34, 1, '2014-06-24 11:00:57', 121),
(4657, 0, '214', 208, 1, 10, 1, 491, 6, 1, '2014-06-24 11:00:57', 121),
(4658, 0, '214', 208, 1, 10, 1, 492, 7, 1, '2014-06-24 11:00:57', 121),
(4659, 0, '214', 208, 1, 10, 1, 493, 8, 1, '2014-06-24 11:00:57', 121),
(4660, 0, '214', 208, 1, 10, 1, 494, 5, 1, '2014-06-24 11:00:57', 121),
(4661, 0, '214', 208, 1, 10, 1, 495, 9, 1, '2014-06-24 11:00:57', 121),
(4662, 0, '214', 208, 1, 10, 1, 496, 10, 1, '2014-06-24 11:00:57', 121),
(4663, 0, '214', 208, 1, 10, 1, 497, 11, 0, '2014-07-10 06:16:20', 121),
(4664, 0, '214', 208, 1, 10, 1, 498, 4, 1, '2014-06-24 11:00:57', 121),
(4665, 0, '214', 208, 1, 11, 1, 56, 3, 1, '2014-06-24 11:00:57', 121),
(4666, 0, '214', 208, 1, 11, 1, 57, 4, 1, '2014-06-24 11:00:57', 121),
(4667, 0, '214', 208, 1, 11, 1, 58, 6, 1, '2014-06-24 11:00:57', 121),
(4668, 0, '214', 208, 1, 11, 1, 59, 8, 1, '2014-06-24 11:00:57', 121),
(4669, 0, '214', 208, 1, 11, 1, 60, 9, 1, '2014-06-24 11:00:57', 121),
(4670, 0, '214', 208, 1, 11, 1, 61, 11, 1, '2014-06-24 11:00:57', 121),
(4671, 0, '214', 208, 1, 11, 1, 62, 12, 1, '2014-06-24 11:00:57', 121),
(4672, 0, '214', 208, 1, 11, 1, 63, 13, 1, '2014-06-24 11:00:57', 121),
(4673, 0, '214', 208, 1, 11, 1, 64, 14, 1, '2014-06-24 11:00:57', 121),
(4674, 0, '214', 208, 1, 11, 1, 65, 15, 1, '2014-06-24 11:00:57', 121),
(4675, 0, '214', 208, 1, 11, 1, 66, 16, 1, '2014-06-24 11:00:58', 121),
(4676, 0, '214', 208, 1, 12, 1, 293, 6, 1, '2014-06-24 11:00:58', 121),
(4677, 0, '214', 208, 1, 12, 1, 294, 4, 1, '2014-06-24 11:00:58', 121),
(4678, 0, '214', 208, 1, 12, 1, 295, 10, 1, '2014-06-24 11:00:58', 121),
(4679, 0, '214', 208, 1, 12, 1, 296, 9, 1, '2014-06-24 11:00:58', 121),
(4680, 0, '214', 208, 1, 12, 1, 297, 11, 1, '2014-06-24 11:00:58', 121),
(4681, 0, '214', 208, 1, 12, 1, 298, 8, 1, '2014-06-24 11:00:58', 121),
(4682, 0, '214', 208, 1, 12, 1, 299, 7, 1, '2014-06-24 11:00:58', 121),
(4683, 0, '214', 208, 1, 12, 1, 300, 13, 1, '2014-06-24 11:00:58', 121),
(4684, 0, '214', 208, 1, 12, 1, 301, 12, 1, '2014-06-24 11:00:58', 121),
(4685, 0, '214', 208, 1, 12, 1, 302, 18, 1, '2014-06-24 11:00:58', 121),
(4686, 0, '214', 208, 1, 12, 1, 303, 16, 1, '2014-06-24 11:00:58', 121),
(4687, 0, '214', 208, 1, 12, 1, 304, 15, 1, '2014-06-24 11:00:58', 121),
(4688, 0, '214', 208, 1, 12, 1, 305, 14, 1, '2014-06-24 11:00:58', 121),
(4689, 0, '214', 208, 1, 12, 1, 306, 17, 1, '2014-06-24 11:00:58', 121),
(4690, 0, '214', 208, 1, 13, 1, 543, 1, 1, '2014-06-24 11:00:58', 121),
(4691, 0, '214', 208, 1, 13, 1, 544, 2, 1, '2014-06-24 11:00:58', 121),
(4692, 0, '214', 208, 1, 13, 1, 545, 3, 1, '2014-06-24 11:00:58', 121),
(4693, 0, '214', 208, 1, 13, 1, 546, 4, 1, '2014-06-24 11:00:58', 121),
(4694, 0, '214', 208, 1, 13, 1, 547, 5, 1, '2014-06-24 11:00:58', 121),
(4695, 0, '214', 208, 1, 13, 1, 548, 6, 1, '2014-06-24 11:00:58', 121),
(4696, 0, '214', 208, 1, 14, 1, 109, 2, 1, '2014-06-24 11:00:58', 121),
(4697, 0, '214', 208, 1, 14, 1, 110, 3, 1, '2014-06-24 11:00:58', 121),
(4698, 0, '214', 208, 1, 14, 1, 111, 4, 1, '2014-06-24 11:00:58', 121),
(4699, 0, '214', 208, 1, 15, 1, 158, 6, 1, '2014-06-24 11:00:58', 121),
(4700, 0, '214', 208, 1, 15, 1, 159, 7, 1, '2014-06-24 11:00:58', 121),
(4701, 0, '214', 208, 1, 15, 1, 160, 8, 1, '2014-06-24 11:00:58', 121),
(4702, 0, '214', 208, 1, 15, 1, 161, 9, 1, '2014-06-24 11:00:58', 121),
(4703, 0, '214', 208, 1, 15, 1, 162, 10, 1, '2014-06-24 11:00:58', 121),
(4704, 0, '214', 208, 1, 15, 1, 163, 11, 1, '2014-06-24 11:00:58', 121),
(4705, 0, '214', 208, 1, 15, 1, 164, 13, 1, '2014-06-24 11:00:58', 121),
(4706, 0, '214', 208, 1, 15, 1, 165, 14, 1, '2014-06-24 11:00:58', 121),
(4707, 0, '214', 208, 1, 15, 1, 166, 15, 1, '2014-06-24 11:00:58', 121),
(4708, 0, '214', 208, 1, 15, 1, 167, 16, 0, '2014-07-10 06:12:56', 121),
(4709, 0, '214', 208, 1, 15, 1, 168, 17, 1, '2014-06-24 11:00:58', 121),
(4710, 0, '214', 208, 1, 15, 1, 169, 18, 1, '2014-06-24 11:00:58', 121),
(4711, 0, '214', 208, 1, 15, 1, 170, 19, 1, '2014-06-24 11:00:58', 121),
(4712, 0, '214', 208, 1, 15, 1, 171, 20, 1, '2014-06-24 11:00:58', 121),
(4713, 0, '214', 208, 1, 15, 1, 172, 21, 1, '2014-06-24 11:00:58', 121),
(4714, 0, '214', 208, 1, 15, 1, 173, 22, 1, '2014-06-24 11:00:58', 121),
(4715, 0, '214', 208, 1, 15, 1, 174, 23, 1, '2014-06-24 11:00:58', 121),
(4716, 0, '214', 208, 1, 15, 1, 175, 24, 1, '2014-06-24 11:00:59', 121),
(4717, 0, '214', 208, 1, 16, 1, 96, 1, 1, '2014-06-24 11:00:59', 121),
(4718, 0, '214', 208, 1, 16, 1, 97, 2, 1, '2014-06-24 11:00:59', 121),
(4719, 0, '214', 208, 1, 16, 1, 98, 3, 1, '2014-06-24 11:00:59', 121),
(4720, 0, '214', 208, 1, 16, 1, 99, 4, 1, '2014-06-24 11:00:59', 121),
(4721, 0, '214', 208, 1, 16, 1, 100, 5, 1, '2014-06-24 11:00:59', 121),
(4722, 0, '214', 208, 1, 16, 1, 101, 6, 1, '2014-06-24 11:00:59', 121),
(4723, 0, '214', 208, 1, 16, 1, 102, 7, 1, '2014-06-24 11:00:59', 121),
(4724, 0, '214', 208, 1, 16, 1, 103, 8, 1, '2014-06-24 11:00:59', 121),
(4725, 0, '214', 208, 1, 16, 1, 104, 9, 1, '2014-06-24 11:00:59', 121),
(4726, 0, '214', 208, 1, 16, 1, 105, 10, 1, '2014-06-24 11:00:59', 121),
(4727, 0, '214', 208, 1, 17, 1, 80, 4, 1, '2014-06-24 11:00:59', 121),
(4728, 0, '214', 208, 1, 17, 1, 81, 5, 1, '2014-06-24 11:00:59', 121),
(4729, 0, '214', 208, 1, 18, 1, 56, 4, 1, '2014-06-24 11:00:59', 121),
(4730, 0, '214', 208, 1, 18, 1, 57, 5, 1, '2014-06-24 11:00:59', 121),
(4731, 306, '203', 208, 1, 1, 2, 176, 10, 1, '2014-06-29 11:32:56', 121),
(4732, 0, '215', 216, 1, 13, 1, 549, 1, 1, '2014-07-07 06:53:47', 121),
(4733, 1, '215', 216, 1, 13, 1, 550, 2, 0, '2014-07-08 01:24:53', 121),
(4734, 2, '215', 216, 1, 13, 1, 551, 3, 1, '2014-07-07 06:53:48', 121),
(4735, 3, '215', 216, 1, 4, 1, 302, 1, 0, '2014-07-07 06:55:00', 121),
(4736, 4, '215', 216, 1, 5, 1, 985, 1, 0, '2014-07-07 06:54:13', 121),
(4737, 5, '215', 216, 1, 5, 2, 986, 1, 0, '2014-07-07 07:37:39', 121),
(4738, 6, '215', 216, 1, 4, 2, 303, 1, 1, '2014-07-07 06:55:00', 121),
(4739, 7, '215', 216, 1, 17, 1, 82, 1, 0, '2014-07-08 06:37:52', 121),
(4740, 8, '215', 216, 1, 18, 1, 58, 1, 0, '2014-07-08 06:48:02', 121),
(4741, 9, '215', 216, 1, 10, 1, 499, 1, 0, '2014-07-07 07:38:51', 121),
(4742, 10, '215', 216, 1, 8, 1, 637, 1, 1, '2014-07-07 06:57:03', 121),
(4743, 11, '215', 216, 1, 9, 1, 965, 1, 0, '2014-07-07 08:00:27', 121),
(4744, 0, '215', 216, 1, 2, 1, 135, 4, 1, '2014-07-07 07:30:00', 121),
(4745, 0, '215', 216, 1, 4, 1, 304, 4, 0, '2014-07-08 05:33:14', 121),
(4746, 0, '215', 216, 1, 4, 1, 305, 5, 0, '2014-07-07 07:42:40', 121),
(4747, 0, '215', 216, 1, 5, 1, 987, 5, 1, '2014-07-07 07:30:00', 121),
(4748, 0, '215', 216, 1, 8, 1, 638, 4, 1, '2014-07-07 07:30:00', 121),
(4749, 0, '215', 216, 1, 8, 1, 639, 5, 1, '2014-07-07 07:30:00', 121),
(4750, 0, '215', 216, 1, 8, 1, 640, 6, 1, '2014-07-07 07:30:00', 121),
(4751, 0, '215', 216, 1, 8, 1, 641, 7, 1, '2014-07-07 07:30:00', 121),
(4752, 0, '215', 216, 1, 8, 1, 642, 8, 1, '2014-07-07 07:30:00', 121),
(4753, 0, '215', 216, 1, 9, 1, 966, 5, 0, '2014-07-07 08:02:21', 121),
(4754, 0, '215', 216, 1, 9, 1, 967, 6, 0, '2014-07-07 08:03:19', 121),
(4755, 0, '215', 216, 1, 9, 1, 968, 7, 1, '2014-07-07 07:30:00', 121),
(4756, 0, '215', 216, 1, 9, 1, 969, 8, 0, '2014-07-07 08:04:15', 121),
(4757, 0, '215', 216, 1, 9, 1, 970, 4, 0, '2014-07-07 08:01:37', 121),
(4758, 0, '215', 216, 1, 9, 1, 971, 9, 0, '2014-07-07 08:01:42', 121),
(4759, 0, '215', 216, 1, 10, 1, 500, 4, 0, '2014-07-07 07:40:43', 121),
(4760, 0, '215', 216, 1, 10, 1, 501, 5, 0, '2014-07-07 08:02:16', 121),
(4761, 0, '215', 216, 1, 10, 1, 502, 6, 0, '2014-07-07 08:03:12', 121),
(4762, 0, '215', 216, 1, 10, 1, 503, 7, 0, '2014-07-08 06:09:25', 121),
(4763, 0, '215', 216, 1, 10, 1, 504, 8, 0, '2014-07-07 08:04:10', 121),
(4764, 0, '215', 216, 1, 12, 1, 307, 4, 0, '2014-07-07 12:37:34', 121),
(4765, 0, '215', 216, 1, 13, 1, 552, 4, 0, '2014-07-08 01:24:42', 121),
(4766, 0, '215', 216, 1, 13, 1, 553, 5, 0, '2014-07-08 01:24:39', 121),
(4767, 0, '215', 216, 1, 13, 1, 554, 6, 0, '2014-07-08 01:24:36', 121),
(4768, 0, '215', 216, 1, 14, 1, 112, 4, 1, '2014-07-07 07:30:00', 121),
(4769, 0, '215', 216, 1, 14, 1, 113, 5, 1, '2014-07-07 07:30:00', 121),
(4770, 0, '215', 216, 1, 15, 1, 176, 4, 1, '2014-07-07 07:30:00', 121),
(4771, 12, '215', 216, 1, 5, 2, 988, 1, 0, '2014-07-08 07:54:42', 121),
(4772, 13, '215', 216, 1, 10, 2, 505, 1, 0, '2014-07-07 08:00:19', 121),
(4773, 14, '215', 216, 1, 10, 2, 506, 4, 0, '2014-07-07 08:01:30', 121),
(4774, 15, '215', 216, 1, 4, 2, 306, 5, 0, '2014-07-08 05:27:54', 121),
(4775, 16, '215', 216, 1, 10, 2, 507, 1, 1, '2014-07-07 08:00:19', 121),
(4776, 17, '215', 216, 1, 9, 2, 972, 1, 1, '2014-07-07 08:00:27', 121),
(4777, 18, '215', 216, 1, 10, 2, 508, 4, 1, '2014-07-07 08:01:30', 121),
(4778, 19, '215', 216, 1, 9, 2, 973, 4, 0, '2014-07-07 12:21:30', 121),
(4779, 20, '215', 216, 1, 9, 2, 974, 9, 0, '2014-07-07 12:22:25', 121),
(4780, 21, '215', 216, 1, 10, 2, 509, 5, 1, '2014-07-07 08:02:16', 121),
(4781, 22, '215', 216, 1, 9, 2, 975, 5, 0, '2014-07-08 06:06:18', 121),
(4782, 23, '215', 216, 1, 10, 2, 510, 6, 1, '2014-07-07 08:03:12', 121),
(4783, 24, '215', 216, 1, 9, 2, 976, 6, 0, '2014-07-18 04:57:04', 121),
(4784, 25, '215', 216, 1, 10, 2, 511, 8, 1, '2014-07-07 08:04:10', 121),
(4785, 26, '215', 216, 1, 9, 2, 977, 8, 0, '2014-07-18 05:27:43', 121),
(4786, 27, '215', 216, 1, 9, 2, 978, 4, 0, '2014-07-14 06:45:22', 121),
(4787, 28, '215', 216, 1, 9, 2, 979, 9, 0, '2014-07-14 06:44:33', 121),
(4788, 29, '215', 216, 1, 9, 1, 980, 10, 0, '2014-07-07 12:22:52', 121),
(4789, 30, '215', 216, 1, 9, 3, 980, 10, 0, '2014-07-07 12:22:52', 121),
(4790, 31, '215', 216, 1, 8, 1, 643, 9, 1, '2014-07-07 12:23:07', 121),
(4791, 32, '215', 216, 1, 9, 1, 981, 11, 0, '2014-07-07 12:23:52', 121),
(4792, 33, '215', 216, 1, 9, 2, 982, 11, 0, '2014-07-07 12:24:56', 121),
(4793, 34, '215', 216, 1, 12, 1, 308, 5, 0, '2014-07-08 01:25:23', 121),
(4794, 35, '215', 216, 1, 15, 1, 177, 5, 1, '2014-07-07 12:24:10', 121),
(4795, 36, '215', 216, 1, 9, 2, 983, 11, 1, '2014-07-07 12:24:56', 121),
(4796, 37, '215', 216, 1, 6, 1, 112, 1, 1, '2014-07-07 12:25:56', 121),
(4797, 38, '215', 216, 1, 12, 2, 309, 4, 0, '2014-07-08 05:49:59', 121),
(4909, 39, '215', 216, 1, 9, 1, 1008, 12, 0, '2014-07-07 13:12:28', 121),
(4910, 40, '215', 216, 1, 9, 2, 1009, 12, 1, '2014-07-07 13:12:28', 121),
(4911, 41, '215', 216, 1, 12, 1, 314, 6, 0, '2014-07-08 01:25:37', 121),
(4912, 42, '215', 216, 1, 15, 1, 182, 6, 1, '2014-07-07 13:12:46', 121),
(4915, 43, '215', 216, 1, 13, 3, 554, 6, 0, '2014-07-08 01:24:36', 121),
(4916, 44, '215', 216, 1, 13, 3, 553, 5, 0, '2014-07-08 01:24:39', 121),
(4917, 45, '215', 216, 1, 13, 3, 552, 4, 0, '2014-07-08 01:24:42', 121),
(4918, 46, '215', 216, 1, 13, 3, 550, 2, 0, '2014-07-08 01:24:53', 121),
(4919, 47, '215', 216, 1, 13, 1, 567, 7, 1, '2014-07-08 01:25:07', 121),
(4920, 48, '215', 216, 1, 12, 2, 315, 5, 1, '2014-07-08 01:25:23', 121),
(4921, 49, '215', 216, 1, 12, 2, 316, 6, 0, '2014-07-08 05:34:55', 121),
(4922, 50, '215', 216, 1, 6, 1, 113, 2, 1, '2014-07-08 04:22:52', 130),
(4923, 51, '215', 216, 1, 6, 1, 114, 3, 1, '2014-07-08 05:19:11', 130),
(4924, 52, '215', 216, 1, 6, 1, 115, 4, 1, '2014-07-08 05:27:27', 130),
(4925, 53, '215', 216, 1, 4, 2, 315, 5, 1, '2014-07-08 05:27:54', 130),
(4926, 54, '215', 216, 1, 4, 2, 316, 4, 0, '2014-07-08 05:33:34', 121),
(4927, 55, '215', 216, 1, 4, 2, 317, 4, 0, '2014-07-24 06:06:26', 121),
(4928, 56, '215', 216, 1, 12, 2, 317, 6, 0, '2014-07-08 05:35:25', 121),
(4929, 57, '215', 216, 1, 12, 2, 318, 6, 1, '2014-07-08 05:35:25', 121),
(4930, 58, '215', 216, 1, 12, 2, 319, 4, 1, '2014-07-08 05:49:59', 121),
(4931, 59, '215', 216, 1, 12, 1, 320, 7, 0, '2014-07-08 05:51:49', 121),
(4932, 60, '215', 216, 1, 15, 1, 183, 7, 1, '2014-07-08 05:51:39', 121),
(4933, 61, '215', 216, 1, 12, 2, 321, 7, 0, '2014-07-08 06:22:13', 121),
(4934, 62, '215', 216, 1, 3, 1, 100, 1, 1, '2014-07-08 05:53:21', 121),
(4935, 63, '215', 216, 1, 3, 1, 101, 2, 1, '2014-07-08 05:53:46', 121),
(4936, 64, '215', 216, 1, 3, 1, 102, 3, 1, '2014-07-08 05:54:12', 121),
(4937, 65, '215', 216, 1, 3, 1, 103, 4, 1, '2014-07-08 05:54:49', 121),
(4938, 66, '215', 216, 1, 3, 1, 104, 5, 1, '2014-07-08 05:55:14', 121),
(4939, 67, '215', 216, 1, 2, 1, 140, 5, 1, '2014-07-08 06:05:16', 121),
(4940, 68, '215', 216, 1, 14, 1, 122, 6, 1, '2014-07-08 06:05:16', 121),
(4941, 69, '215', 216, 1, 15, 1, 184, 8, 1, '2014-07-08 06:05:32', 121),
(4942, 70, '215', 216, 1, 9, 2, 1010, 5, 0, '2014-07-16 05:11:42', 121),
(4943, 71, '215', 216, 1, 9, 1, 1011, 13, 0, '2014-07-08 06:07:41', 121),
(4944, 72, '215', 216, 1, 9, 2, 1012, 13, 1, '2014-07-08 06:07:41', 121),
(4945, 73, '215', 216, 1, 12, 1, 322, 8, 0, '2014-07-16 05:15:07', 121),
(4946, 74, '215', 216, 1, 15, 1, 185, 9, 1, '2014-07-08 06:07:59', 121),
(4947, 75, '215', 216, 1, 10, 2, 532, 7, 0, '2014-07-08 07:49:45', 121),
(4948, 76, '215', 216, 1, 10, 1, 533, 9, 1, '2014-07-08 06:13:07', 121),
(4949, 77, '215', 216, 1, 8, 1, 664, 10, 1, '2014-07-08 06:13:07', 121),
(4950, 78, '215', 216, 1, 9, 1, 1013, 14, 0, '2014-07-18 04:53:21', 121),
(4951, 79, '215', 216, 1, 11, 1, 67, 1, 1, '2014-07-08 06:22:13', 121),
(4952, 80, '215', 216, 1, 12, 2, 323, 7, 1, '2014-07-08 06:22:13', 121),
(4953, 81, '215', 216, 1, 17, 2, 83, 1, 0, '2014-07-08 06:43:37', 121),
(4954, 82, '215', 216, 1, 17, 2, 84, 1, 0, '2014-07-08 06:43:40', 121),
(4955, 83, '215', 216, 1, 17, 2, 85, 1, 1, '2014-07-08 06:43:40', 121),
(4956, 84, '215', 216, 1, 18, 1, 59, 2, 0, '2014-07-08 06:48:32', 121),
(4957, 85, '215', 216, 1, 18, 2, 60, 1, 1, '2014-07-08 06:48:02', 121),
(4958, 86, '215', 216, 1, 18, 2, 61, 2, 1, '2014-07-08 06:48:32', 121),
(4959, 87, '215', 216, 1, 18, 1, 62, 3, 1, '2014-07-08 06:50:04', 121),
(4960, 88, '215', 216, 1, 10, 1, 534, 10, 0, '2014-07-08 07:49:59', 121),
(4961, 89, '215', 216, 1, 8, 1, 665, 11, 1, '2014-07-08 07:47:47', 121),
(4962, 90, '215', 216, 1, 9, 1, 1014, 15, 0, '2014-07-16 05:19:44', 121),
(4963, 91, '215', 216, 1, 10, 2, 535, 7, 1, '2014-07-08 07:49:45', 121),
(4964, 92, '215', 216, 1, 10, 2, 536, 10, 1, '2014-07-08 07:49:59', 121),
(4965, 93, '215', 216, 1, 5, 2, 993, 1, 0, '2014-07-08 07:58:59', 121),
(4966, 94, '215', 216, 1, 5, 2, 994, 1, 1, '2014-07-08 07:58:59', 121),
(4967, 95, '215', 216, 1, 5, 1, 995, 6, 1, '2014-07-08 07:59:51', 121),
(4968, 96, '215', 216, 1, 7, 1, 113, 1, 1, '2014-07-08 08:01:51', 121),
(4969, 97, '215', 216, 1, 7, 1, 114, 2, 0, '2014-07-08 08:03:28', 121),
(4970, 98, '215', 216, 1, 7, 1, 115, 3, 1, '2014-07-08 08:02:49', 121),
(4971, 99, '215', 216, 1, 7, 1, 116, 4, 1, '2014-07-08 08:03:03', 121),
(4972, 100, '215', 216, 1, 7, 1, 117, 5, 1, '2014-07-08 08:03:18', 121),
(4973, 101, '215', 216, 1, 7, 2, 118, 2, 1, '2014-07-08 08:03:28', 121),
(4974, 102, '215', 216, 1, 7, 1, 119, 6, 1, '2014-07-08 08:05:04', 121),
(4975, 103, '215', 216, 1, 7, 1, 120, 7, 1, '2014-07-08 08:05:25', 121),
(4976, 104, '215', 216, 1, 7, 1, 121, 8, 1, '2014-07-08 08:20:16', 121),
(4977, 105, '215', 216, 1, 7, 1, 122, 9, 1, '2014-07-08 08:20:37', 121),
(4978, 106, '215', 216, 1, 7, 1, 123, 10, 1, '2014-07-08 08:20:48', 121),
(4979, 107, '215', 216, 1, 7, 1, 124, 11, 1, '2014-07-08 08:21:04', 121),
(4980, 108, '215', 216, 1, 7, 1, 125, 12, 1, '2014-07-08 10:16:44', 121),
(4981, 1, '214', 208, 1, 15, 1, 186, 25, 1, '2014-07-10 06:12:53', 121),
(4982, 2, '214', 208, 1, 15, 3, 167, 16, 0, '2014-07-10 06:12:56', 121),
(4983, 3, '214', 208, 1, 10, 2, 537, 11, 1, '2014-07-10 06:16:20', 121),
(4984, 4, '214', 208, 1, 9, 2, 1015, 18, 1, '2014-07-10 06:17:10', 121),
(4985, 5, '214', 208, 1, 1, 1, 177, 11, 0, '2014-07-10 06:24:11', 121),
(4986, 6, '214', 208, 1, 16, 1, 106, 11, 1, '2014-07-10 06:22:01', 121),
(4987, 7, '214', 208, 1, 1, 1, 178, 12, 0, '2014-07-10 06:23:35', 121),
(4988, 8, '214', 208, 1, 16, 1, 107, 12, 1, '2014-07-10 06:22:23', 121),
(4989, 9, '214', 208, 1, 1, 2, 179, 12, 1, '2014-07-10 06:23:35', 121),
(4990, 10, '214', 208, 1, 1, 2, 180, 11, 1, '2014-07-10 06:24:11', 121),
(4997, 109, '215', 216, 1, 9, 2, 1016, 9, 1, '2014-07-14 06:44:33', 121),
(4998, 110, '215', 216, 1, 14, 1, 123, 7, 1, '2014-07-14 06:44:33', 121),
(4999, 111, '215', 216, 1, 9, 2, 1017, 4, 0, '2014-07-14 06:49:55', 121),
(5000, 112, '215', 216, 1, 15, 1, 187, 10, 1, '2014-07-14 06:45:22', 121),
(5001, 113, '215', 216, 1, 9, 2, 1018, 4, 1, '2014-07-14 06:49:55', 121),
(5002, 114, '215', 216, 1, 15, 1, 188, 11, 1, '2014-07-14 06:49:55', 121),
(5003, 115, '215', 216, 1, 9, 2, 1019, 5, 1, '2014-07-16 05:11:42', 121),
(5004, 116, '215', 216, 1, 15, 1, 189, 12, 1, '2014-07-16 05:11:42', 121),
(5005, 117, '215', 216, 1, 8, 1, 666, 12, 1, '2014-07-16 05:12:25', 121),
(5006, 118, '215', 216, 1, 9, 1, 1020, 16, 0, '2014-07-16 05:12:51', 121),
(5007, 119, '215', 216, 1, 9, 2, 1021, 16, 1, '2014-07-16 05:12:51', 121),
(5008, 120, '215', 216, 1, 12, 2, 324, 8, 1, '2014-07-16 05:15:07', 121),
(5009, 121, '215', 216, 1, 9, 2, 1022, 15, 1, '2014-07-16 05:19:44', 121),
(5010, 122, '215', 216, 1, 15, 1, 190, 13, 1, '2014-07-16 05:19:44', 121),
(5011, 123, '215', 216, 1, 2, 1, 141, 6, 0, '2014-07-16 05:22:33', 121),
(5012, 124, '215', 216, 1, 14, 1, 124, 8, 0, '2014-07-16 05:22:21', 121),
(5013, 125, '215', 216, 1, 3, 1, 105, 6, 1, '2014-07-16 05:20:20', 121),
(5014, 126, '215', 216, 1, 2, 1, 142, 7, 1, '2014-07-16 05:21:32', 121),
(5015, 127, '215', 216, 1, 3, 1, 106, 7, 1, '2014-07-16 05:21:32', 121),
(5016, 128, '215', 216, 1, 3, 1, 107, 8, 1, '2014-07-16 05:21:32', 121),
(5017, 129, '215', 216, 1, 3, 1, 108, 9, 1, '2014-07-16 05:21:32', 121),
(5018, 130, '215', 216, 1, 3, 1, 109, 10, 1, '2014-07-16 05:21:32', 121),
(5019, 131, '215', 216, 1, 3, 1, 110, 11, 1, '2014-07-16 05:21:32', 121),
(5020, 132, '215', 216, 1, 3, 1, 111, 12, 0, '2014-07-16 05:22:48', 121),
(5021, 133, '215', 216, 1, 14, 1, 125, 9, 1, '2014-07-16 05:22:18', 121),
(5022, 134, '215', 216, 1, 14, 3, 124, 8, 0, '2014-07-16 05:22:21', 121),
(5023, 135, '215', 216, 1, 2, 3, 141, 6, 0, '2014-07-16 05:22:33', 121),
(5024, 136, '215', 216, 1, 3, 3, 111, 12, 0, '2014-07-16 05:22:48', 121),
(5025, 0, '216', 216, 1, 2, 1, 143, 4, 1, '2014-07-16 05:27:17', 121),
(5026, 0, '216', 216, 1, 2, 1, 144, 5, 1, '2014-07-16 05:27:17', 121),
(5027, 0, '216', 216, 1, 2, 1, 145, 7, 1, '2014-07-16 05:27:17', 121),
(5028, 0, '216', 216, 1, 3, 1, 112, 1, 1, '2014-07-16 05:27:17', 121),
(5029, 0, '216', 216, 1, 3, 1, 113, 2, 1, '2014-07-16 05:27:17', 121),
(5030, 0, '216', 216, 1, 3, 1, 114, 3, 1, '2014-07-16 05:27:17', 121),
(5031, 0, '216', 216, 1, 3, 1, 115, 4, 1, '2014-07-16 05:27:17', 121),
(5032, 0, '216', 216, 1, 3, 1, 116, 5, 1, '2014-07-16 05:27:17', 121),
(5033, 0, '216', 216, 1, 3, 1, 117, 6, 1, '2014-07-16 05:27:17', 121),
(5034, 0, '216', 216, 1, 3, 1, 118, 7, 1, '2014-07-16 05:27:17', 121),
(5035, 0, '216', 216, 1, 3, 1, 119, 8, 1, '2014-07-16 05:27:17', 121),
(5036, 0, '216', 216, 1, 3, 1, 120, 9, 1, '2014-07-16 05:27:17', 121),
(5037, 0, '216', 216, 1, 3, 1, 121, 10, 1, '2014-07-16 05:27:17', 121),
(5038, 0, '216', 216, 1, 3, 1, 122, 11, 1, '2014-07-16 05:27:17', 121),
(5039, 0, '216', 216, 1, 4, 1, 318, 1, 1, '2014-07-16 05:27:17', 121),
(5040, 0, '216', 216, 1, 4, 1, 319, 5, 1, '2014-07-16 05:27:17', 121),
(5041, 0, '216', 216, 1, 4, 1, 320, 4, 1, '2014-07-16 05:27:17', 121),
(5042, 0, '216', 216, 1, 5, 1, 996, 5, 1, '2014-07-16 05:27:17', 121),
(5043, 0, '216', 216, 1, 5, 1, 997, 1, 1, '2014-07-16 05:27:17', 121),
(5044, 0, '216', 216, 1, 5, 1, 998, 6, 1, '2014-07-16 05:27:17', 121),
(5045, 0, '216', 216, 1, 6, 1, 116, 1, 1, '2014-07-16 05:27:17', 121),
(5046, 0, '216', 216, 1, 6, 1, 117, 2, 1, '2014-07-16 05:27:17', 121),
(5047, 0, '216', 216, 1, 6, 1, 118, 3, 1, '2014-07-16 05:27:17', 121),
(5048, 0, '216', 216, 1, 6, 1, 119, 4, 1, '2014-07-16 05:27:17', 121),
(5049, 0, '216', 216, 1, 7, 1, 126, 1, 1, '2014-07-16 05:27:17', 121),
(5050, 0, '216', 216, 1, 7, 1, 127, 3, 1, '2014-07-16 05:27:17', 121),
(5051, 0, '216', 216, 1, 7, 1, 128, 4, 1, '2014-07-16 05:27:17', 121),
(5052, 0, '216', 216, 1, 7, 1, 129, 5, 1, '2014-07-16 05:27:17', 121),
(5053, 0, '216', 216, 1, 7, 1, 130, 2, 1, '2014-07-16 05:27:17', 121),
(5054, 0, '216', 216, 1, 7, 1, 131, 6, 1, '2014-07-16 05:27:17', 121),
(5055, 0, '216', 216, 1, 7, 1, 132, 7, 1, '2014-07-16 05:27:17', 121),
(5056, 0, '216', 216, 1, 7, 1, 133, 8, 1, '2014-07-16 05:27:17', 121),
(5057, 0, '216', 216, 1, 7, 1, 134, 9, 1, '2014-07-16 05:27:18', 121),
(5058, 0, '216', 216, 1, 7, 1, 135, 10, 1, '2014-07-16 05:27:18', 121),
(5059, 0, '216', 216, 1, 7, 1, 136, 11, 1, '2014-07-16 05:27:18', 121),
(5060, 0, '216', 216, 1, 7, 1, 137, 12, 1, '2014-07-16 05:27:18', 121),
(5061, 0, '216', 216, 1, 8, 1, 667, 1, 1, '2014-07-16 05:27:18', 121),
(5062, 0, '216', 216, 1, 8, 1, 668, 4, 1, '2014-07-16 05:27:18', 121),
(5063, 0, '216', 216, 1, 8, 1, 669, 5, 1, '2014-07-16 05:27:18', 121),
(5064, 0, '216', 216, 1, 8, 1, 670, 6, 1, '2014-07-16 05:27:18', 121),
(5065, 0, '216', 216, 1, 8, 1, 671, 7, 1, '2014-07-16 05:27:18', 121),
(5066, 0, '216', 216, 1, 8, 1, 672, 8, 1, '2014-07-16 05:27:18', 121),
(5067, 0, '216', 216, 1, 8, 1, 673, 9, 1, '2014-07-16 05:27:19', 121),
(5068, 0, '216', 216, 1, 8, 1, 674, 10, 1, '2014-07-16 05:27:19', 121),
(5069, 0, '216', 216, 1, 8, 1, 675, 11, 1, '2014-07-16 05:27:19', 121),
(5070, 0, '216', 216, 1, 8, 1, 676, 12, 1, '2014-07-16 05:27:19', 121),
(5071, 0, '216', 216, 1, 9, 1, 1023, 7, 1, '2014-07-16 05:27:19', 121),
(5072, 0, '216', 216, 1, 9, 1, 1024, 1, 1, '2014-07-16 05:27:19', 121),
(5073, 0, '216', 216, 1, 9, 1, 1025, 6, 1, '2014-07-16 05:27:19', 121),
(5074, 0, '216', 216, 1, 9, 1, 1026, 8, 1, '2014-07-16 05:27:19', 121),
(5075, 0, '216', 216, 1, 9, 1, 1027, 11, 1, '2014-07-16 05:27:19', 121),
(5076, 0, '216', 216, 1, 9, 1, 1028, 12, 1, '2014-07-16 05:27:19', 121),
(5077, 0, '216', 216, 1, 9, 1, 1029, 13, 1, '2014-07-16 05:27:19', 121),
(5078, 0, '216', 216, 1, 9, 1, 1030, 14, 1, '2014-07-16 05:27:19', 121),
(5079, 0, '216', 216, 1, 9, 1, 1031, 9, 1, '2014-07-16 05:27:19', 121),
(5080, 0, '216', 216, 1, 9, 1, 1032, 4, 1, '2014-07-16 05:27:19', 121),
(5081, 0, '216', 216, 1, 9, 1, 1033, 5, 1, '2014-07-16 05:27:19', 121),
(5082, 0, '216', 216, 1, 9, 1, 1034, 16, 1, '2014-07-16 05:27:19', 121),
(5083, 0, '216', 216, 1, 9, 1, 1035, 15, 1, '2014-07-16 05:27:19', 121),
(5084, 0, '216', 216, 1, 10, 1, 538, 1, 1, '2014-07-16 05:27:19', 121),
(5085, 0, '216', 216, 1, 10, 1, 539, 4, 1, '2014-07-16 05:27:19', 121),
(5086, 0, '216', 216, 1, 10, 1, 540, 5, 1, '2014-07-16 05:27:19', 121),
(5087, 0, '216', 216, 1, 10, 1, 541, 6, 1, '2014-07-16 05:27:19', 121),
(5088, 0, '216', 216, 1, 10, 1, 542, 8, 1, '2014-07-16 05:27:19', 121),
(5089, 0, '216', 216, 1, 10, 1, 543, 9, 1, '2014-07-16 05:27:19', 121),
(5090, 0, '216', 216, 1, 10, 1, 544, 7, 1, '2014-07-16 05:27:19', 121),
(5091, 0, '216', 216, 1, 10, 1, 545, 10, 1, '2014-07-16 05:27:20', 121),
(5092, 0, '216', 216, 1, 11, 1, 68, 1, 1, '2014-07-16 05:27:20', 121),
(5093, 0, '216', 216, 1, 12, 1, 325, 5, 1, '2014-07-16 05:27:20', 121),
(5094, 0, '216', 216, 1, 12, 1, 326, 6, 1, '2014-07-16 05:27:20', 121),
(5095, 0, '216', 216, 1, 12, 1, 327, 4, 1, '2014-07-16 05:27:20', 121),
(5096, 0, '216', 216, 1, 12, 1, 328, 7, 1, '2014-07-16 05:27:20', 121),
(5097, 0, '216', 216, 1, 12, 1, 329, 8, 1, '2014-07-16 05:27:20', 121),
(5098, 0, '216', 216, 1, 13, 1, 568, 1, 1, '2014-07-16 05:27:20', 121),
(5099, 0, '216', 216, 1, 13, 1, 569, 3, 1, '2014-07-16 05:27:20', 121),
(5100, 0, '216', 216, 1, 13, 1, 570, 7, 1, '2014-07-16 05:27:20', 121),
(5101, 0, '216', 216, 1, 14, 1, 126, 4, 1, '2014-07-16 05:27:20', 121),
(5102, 0, '216', 216, 1, 14, 1, 127, 5, 1, '2014-07-16 05:27:20', 121),
(5103, 0, '216', 216, 1, 14, 1, 128, 6, 1, '2014-07-16 05:27:20', 121),
(5104, 0, '216', 216, 1, 14, 1, 129, 7, 1, '2014-07-16 05:27:20', 121),
(5105, 0, '216', 216, 1, 14, 1, 130, 9, 1, '2014-07-16 05:27:20', 121),
(5106, 0, '216', 216, 1, 15, 1, 191, 4, 1, '2014-07-16 05:27:20', 121),
(5107, 0, '216', 216, 1, 15, 1, 192, 5, 1, '2014-07-16 05:27:20', 121),
(5108, 0, '216', 216, 1, 15, 1, 193, 6, 1, '2014-07-16 05:27:20', 121),
(5109, 0, '216', 216, 1, 15, 1, 194, 7, 1, '2014-07-16 05:27:20', 121),
(5110, 0, '216', 216, 1, 15, 1, 195, 8, 1, '2014-07-16 05:27:20', 121),
(5111, 0, '216', 216, 1, 15, 1, 196, 9, 1, '2014-07-16 05:27:20', 121),
(5112, 0, '216', 216, 1, 15, 1, 197, 10, 1, '2014-07-16 05:27:20', 121),
(5113, 0, '216', 216, 1, 15, 1, 198, 11, 1, '2014-07-16 05:27:20', 121),
(5114, 0, '216', 216, 1, 15, 1, 199, 12, 1, '2014-07-16 05:27:20', 121),
(5115, 0, '216', 216, 1, 15, 1, 200, 13, 1, '2014-07-16 05:27:20', 121),
(5116, 0, '216', 216, 1, 17, 1, 86, 1, 1, '2014-07-16 05:27:20', 121),
(5117, 0, '216', 216, 1, 18, 1, 63, 1, 1, '2014-07-16 05:27:20', 121),
(5118, 0, '216', 216, 1, 18, 1, 64, 2, 1, '2014-07-16 05:27:20', 121),
(5119, 0, '216', 216, 1, 18, 1, 65, 3, 1, '2014-07-16 05:27:20', 121),
(5120, 137, '215', 216, 1, 1, 1, 181, 1, 1, '2014-07-16 05:31:33', 121),
(5121, 0, '217', 217, 1, 13, 1, 571, 1, 1, '2014-07-16 12:39:29', 145),
(5122, 1, '217', 217, 1, 13, 1, 572, 2, 1, '2014-07-16 12:39:29', 145),
(5123, 2, '217', 217, 1, 13, 1, 573, 3, 1, '2014-07-16 12:39:29', 145),
(5124, 3, '217', 217, 1, 4, 1, 321, 1, 1, '2014-07-16 12:39:29', 145),
(5125, 4, '217', 217, 1, 5, 1, 999, 1, 1, '2014-07-16 12:39:29', 145),
(5126, 0, '218', 218, 1, 13, 1, 574, 1, 1, '2014-07-16 12:39:55', 145),
(5127, 1, '218', 218, 1, 13, 1, 575, 2, 1, '2014-07-16 12:39:55', 145),
(5128, 2, '218', 218, 1, 13, 1, 576, 3, 1, '2014-07-16 12:39:55', 145),
(5129, 3, '218', 218, 1, 4, 1, 322, 1, 1, '2014-07-16 12:39:55', 145),
(5130, 4, '218', 218, 1, 5, 1, 1000, 1, 1, '2014-07-16 12:39:55', 145),
(5135, 0, '219', 219, 1, 1, 1, 182, 5, 0, '2014-07-17 14:26:08', 121),
(5136, 0, '219', 219, 1, 1, 1, 183, 4, 0, '2014-07-17 14:25:08', 121),
(5137, 0, '219', 219, 1, 1, 1, 184, 3, 0, '2014-07-17 14:24:50', 121),
(5138, 0, '219', 219, 1, 1, 1, 185, 7, 0, '2014-07-17 14:25:53', 121),
(5139, 0, '219', 219, 1, 1, 1, 186, 8, 0, '2014-07-17 14:24:34', 121),
(5140, 0, '219', 219, 1, 1, 1, 187, 9, 0, '2014-07-17 14:25:32', 121),
(5141, 0, '219', 219, 1, 1, 1, 188, 6, 0, '2014-07-17 14:25:41', 121),
(5142, 0, '219', 219, 1, 1, 1, 189, 10, 0, '2014-07-17 14:24:29', 121),
(5143, 0, '219', 219, 1, 1, 1, 190, 1, 0, '2014-07-17 14:24:40', 121),
(5144, 0, '219', 219, 1, 1, 1, 191, 2, 0, '2014-07-17 14:24:44', 121),
(5145, 0, '219', 219, 1, 1, 1, 192, 12, 0, '2014-07-17 14:24:17', 121),
(5146, 0, '219', 219, 1, 1, 1, 193, 11, 0, '2014-07-17 14:25:24', 121),
(5147, 0, '219', 219, 1, 2, 1, 146, 1, 1, '2014-07-17 12:09:08', 121),
(5148, 0, '219', 219, 1, 2, 1, 147, 2, 0, '2014-07-17 13:56:28', 121),
(5149, 0, '219', 219, 1, 3, 1, 123, 1, 1, '2014-07-17 12:09:08', 121),
(5150, 0, '219', 219, 1, 3, 1, 124, 2, 1, '2014-07-17 12:09:08', 121),
(5151, 0, '219', 219, 1, 3, 1, 125, 3, 1, '2014-07-17 12:09:08', 121),
(5152, 0, '219', 219, 1, 3, 1, 126, 4, 1, '2014-07-17 12:09:08', 121),
(5153, 0, '219', 219, 1, 3, 1, 127, 5, 1, '2014-07-17 12:09:08', 121),
(5154, 0, '219', 219, 1, 3, 1, 128, 6, 1, '2014-07-17 12:09:08', 121),
(5155, 0, '219', 219, 1, 3, 1, 129, 7, 1, '2014-07-17 12:09:08', 121),
(5156, 0, '219', 219, 1, 3, 1, 130, 8, 1, '2014-07-17 12:09:08', 121),
(5157, 0, '219', 219, 1, 3, 1, 131, 9, 1, '2014-07-17 12:09:08', 121),
(5158, 0, '219', 219, 1, 3, 1, 132, 10, 1, '2014-07-17 12:09:08', 121),
(5159, 0, '219', 219, 1, 3, 1, 133, 11, 1, '2014-07-17 12:09:08', 121),
(5160, 0, '219', 219, 1, 3, 1, 134, 12, 1, '2014-07-17 12:09:08', 121),
(5161, 0, '219', 219, 1, 3, 1, 135, 13, 1, '2014-07-17 12:09:08', 121),
(5162, 0, '219', 219, 1, 3, 1, 136, 14, 1, '2014-07-17 12:09:08', 121),
(5163, 0, '219', 219, 1, 3, 1, 137, 15, 1, '2014-07-17 12:09:08', 121),
(5164, 0, '219', 219, 1, 3, 1, 138, 16, 1, '2014-07-17 12:09:08', 121),
(5165, 0, '219', 219, 1, 4, 1, 323, 4, 1, '2014-07-17 12:09:08', 121),
(5166, 0, '219', 219, 1, 4, 1, 324, 7, 1, '2014-07-17 12:09:08', 121),
(5167, 0, '219', 219, 1, 4, 1, 325, 5, 0, '2014-07-17 22:21:48', 121),
(5168, 0, '219', 219, 1, 4, 1, 326, 6, 1, '2014-07-17 12:09:08', 121),
(5169, 0, '219', 219, 1, 5, 1, 1001, 4, 1, '2014-07-17 12:09:09', 121),
(5170, 0, '219', 219, 1, 5, 1, 1002, 5, 0, '2014-07-17 12:43:45', 121),
(5171, 0, '219', 219, 1, 6, 1, 120, 1, 0, '2014-07-17 14:20:14', 121),
(5172, 0, '219', 219, 1, 6, 1, 121, 2, 0, '2014-07-17 14:20:24', 121),
(5173, 0, '219', 219, 1, 7, 1, 138, 2, 1, '2014-07-17 12:09:09', 121);
INSERT INTO `version` (`id`, `number`, `release`, `project_id`, `status`, `object`, `action`, `foreign_key`, `foreign_id`, `active`, `create_date`, `create_user`) VALUES
(5174, 0, '219', 219, 1, 7, 1, 139, 1, 1, '2014-07-17 12:09:09', 121),
(5175, 0, '219', 219, 1, 8, 1, 677, 4, 1, '2014-07-17 12:09:09', 121),
(5176, 0, '219', 219, 1, 8, 1, 678, 5, 1, '2014-07-17 12:09:09', 121),
(5177, 0, '219', 219, 1, 8, 1, 679, 6, 1, '2014-07-17 12:09:09', 121),
(5178, 0, '219', 219, 1, 8, 1, 680, 7, 1, '2014-07-17 12:09:09', 121),
(5179, 0, '219', 219, 1, 8, 1, 681, 8, 1, '2014-07-17 12:09:09', 121),
(5180, 0, '219', 219, 1, 8, 1, 682, 9, 1, '2014-07-17 12:09:09', 121),
(5181, 0, '219', 219, 1, 8, 1, 683, 10, 1, '2014-07-17 12:09:09', 121),
(5182, 0, '219', 219, 1, 8, 1, 684, 11, 1, '2014-07-17 12:09:09', 121),
(5183, 0, '219', 219, 1, 8, 1, 685, 12, 1, '2014-07-17 12:09:09', 121),
(5184, 0, '219', 219, 1, 8, 1, 686, 13, 1, '2014-07-17 12:09:09', 121),
(5185, 0, '219', 219, 1, 8, 1, 687, 14, 1, '2014-07-17 12:09:09', 121),
(5186, 0, '219', 219, 1, 8, 1, 688, 15, 0, '2014-07-17 12:26:20', 121),
(5187, 0, '219', 219, 1, 8, 1, 689, 16, 1, '2014-07-17 12:09:09', 121),
(5188, 0, '219', 219, 1, 8, 1, 690, 17, 1, '2014-07-17 12:09:09', 121),
(5189, 0, '219', 219, 1, 9, 1, 1036, 9, 1, '2014-07-17 12:09:09', 121),
(5190, 0, '219', 219, 1, 9, 1, 1037, 10, 1, '2014-07-17 12:09:09', 121),
(5191, 0, '219', 219, 1, 9, 1, 1038, 11, 1, '2014-07-17 12:09:09', 121),
(5192, 0, '219', 219, 1, 9, 1, 1039, 13, 0, '2014-07-17 12:21:24', 121),
(5193, 0, '219', 219, 1, 9, 1, 1040, 14, 0, '2014-07-17 12:22:00', 121),
(5194, 0, '219', 219, 1, 9, 1, 1041, 5, 0, '2014-07-17 12:19:42', 121),
(5195, 0, '219', 219, 1, 9, 1, 1042, 15, 0, '2014-07-17 12:21:58', 121),
(5196, 0, '219', 219, 1, 9, 1, 1043, 16, 0, '2014-07-17 12:26:36', 121),
(5197, 0, '219', 219, 1, 9, 1, 1044, 6, 1, '2014-07-17 12:09:10', 121),
(5198, 0, '219', 219, 1, 9, 1, 1045, 17, 1, '2014-07-17 12:09:10', 121),
(5199, 0, '219', 219, 1, 9, 1, 1046, 19, 1, '2014-07-17 12:09:10', 121),
(5200, 0, '219', 219, 1, 9, 1, 1047, 20, 1, '2014-07-17 12:09:10', 121),
(5201, 0, '219', 219, 1, 9, 1, 1048, 21, 1, '2014-07-17 12:09:10', 121),
(5202, 0, '219', 219, 1, 9, 1, 1049, 22, 1, '2014-07-17 12:09:10', 121),
(5203, 0, '219', 219, 1, 9, 1, 1050, 4, 0, '2014-07-17 12:30:52', 121),
(5204, 0, '219', 219, 1, 9, 1, 1051, 23, 1, '2014-07-17 12:09:10', 121),
(5205, 0, '219', 219, 1, 9, 1, 1052, 25, 1, '2014-07-17 12:09:10', 121),
(5206, 0, '219', 219, 1, 9, 1, 1053, 24, 1, '2014-07-17 12:09:10', 121),
(5207, 0, '219', 219, 1, 9, 1, 1054, 26, 1, '2014-07-17 12:09:10', 121),
(5208, 0, '219', 219, 1, 9, 1, 1055, 8, 0, '2014-07-17 12:27:54', 121),
(5209, 0, '219', 219, 1, 9, 1, 1056, 27, 1, '2014-07-17 12:09:10', 121),
(5210, 0, '219', 219, 1, 9, 1, 1057, 28, 0, '2014-07-17 12:23:44', 121),
(5211, 0, '219', 219, 1, 9, 1, 1058, 31, 1, '2014-07-17 12:09:10', 121),
(5212, 0, '219', 219, 1, 9, 1, 1059, 7, 0, '2014-07-17 12:27:33', 121),
(5213, 0, '219', 219, 1, 9, 1, 1060, 12, 1, '2014-07-17 12:09:10', 121),
(5214, 0, '219', 219, 1, 9, 1, 1061, 32, 1, '2014-07-17 12:09:10', 121),
(5215, 0, '219', 219, 1, 9, 1, 1062, 33, 1, '2014-07-17 12:09:10', 121),
(5216, 0, '219', 219, 1, 9, 1, 1063, 34, 1, '2014-07-17 12:09:10', 121),
(5217, 0, '219', 219, 1, 9, 1, 1064, 18, 1, '2014-07-17 12:09:10', 121),
(5218, 0, '219', 219, 1, 10, 1, 546, 6, 0, '2014-07-17 12:14:36', 121),
(5219, 0, '219', 219, 1, 10, 1, 547, 7, 0, '2014-07-17 12:14:32', 121),
(5220, 0, '219', 219, 1, 10, 1, 548, 8, 0, '2014-07-17 12:14:34', 121),
(5221, 0, '219', 219, 1, 10, 1, 549, 5, 0, '2014-07-17 12:15:19', 121),
(5222, 0, '219', 219, 1, 10, 1, 550, 9, 0, '2014-07-17 12:14:29', 121),
(5223, 0, '219', 219, 1, 10, 1, 551, 10, 0, '2014-07-17 12:11:26', 121),
(5224, 0, '219', 219, 1, 10, 1, 552, 4, 0, '2014-07-17 12:13:44', 121),
(5225, 0, '219', 219, 1, 10, 1, 553, 11, 0, '2014-07-17 12:11:23', 121),
(5226, 0, '219', 219, 1, 11, 1, 69, 3, 0, '2014-07-17 13:26:50', 121),
(5227, 0, '219', 219, 1, 11, 1, 70, 4, 0, '2014-07-17 13:06:36', 121),
(5228, 0, '219', 219, 1, 11, 1, 71, 6, 0, '2014-07-17 13:06:39', 121),
(5229, 0, '219', 219, 1, 11, 1, 72, 8, 0, '2014-07-17 13:06:42', 121),
(5230, 0, '219', 219, 1, 11, 1, 73, 9, 0, '2014-07-17 13:26:54', 121),
(5231, 0, '219', 219, 1, 11, 1, 74, 11, 0, '2014-07-17 13:06:31', 121),
(5232, 0, '219', 219, 1, 11, 1, 75, 12, 0, '2014-07-17 13:06:46', 121),
(5233, 0, '219', 219, 1, 11, 1, 76, 13, 0, '2014-07-17 13:26:57', 121),
(5234, 0, '219', 219, 1, 11, 1, 77, 14, 0, '2014-07-17 13:06:50', 121),
(5235, 0, '219', 219, 1, 11, 1, 78, 15, 0, '2014-07-17 13:06:56', 121),
(5236, 0, '219', 219, 1, 11, 1, 79, 16, 0, '2014-07-17 13:07:02', 121),
(5237, 0, '219', 219, 1, 12, 1, 330, 6, 0, '2014-07-17 13:07:12', 121),
(5238, 0, '219', 219, 1, 12, 1, 331, 4, 0, '2014-07-17 12:54:32', 121),
(5239, 0, '219', 219, 1, 12, 1, 332, 10, 0, '2014-07-17 12:18:12', 121),
(5240, 0, '219', 219, 1, 12, 1, 333, 9, 0, '2014-07-17 12:51:33', 121),
(5241, 0, '219', 219, 1, 12, 1, 334, 11, 0, '2014-07-17 12:18:08', 121),
(5242, 0, '219', 219, 1, 12, 1, 335, 8, 0, '2014-07-17 12:17:53', 121),
(5243, 0, '219', 219, 1, 12, 1, 336, 7, 0, '2014-07-17 13:28:03', 121),
(5244, 0, '219', 219, 1, 12, 1, 337, 13, 0, '2014-07-17 13:07:57', 121),
(5245, 0, '219', 219, 1, 12, 1, 338, 12, 0, '2014-07-17 12:54:44', 121),
(5246, 0, '219', 219, 1, 12, 1, 339, 18, 0, '2014-07-17 12:30:13', 121),
(5247, 0, '219', 219, 1, 12, 1, 340, 16, 0, '2014-07-17 12:18:04', 121),
(5248, 0, '219', 219, 1, 12, 1, 341, 15, 0, '2014-07-17 12:54:15', 121),
(5249, 0, '219', 219, 1, 12, 1, 342, 14, 0, '2014-07-17 12:55:17', 121),
(5250, 0, '219', 219, 1, 12, 1, 343, 17, 0, '2014-07-17 12:17:50', 121),
(5251, 0, '219', 219, 1, 13, 1, 577, 1, 1, '2014-07-17 12:09:11', 121),
(5252, 0, '219', 219, 1, 13, 1, 578, 2, 1, '2014-07-17 12:09:11', 121),
(5253, 0, '219', 219, 1, 13, 1, 579, 3, 1, '2014-07-17 12:09:11', 121),
(5254, 0, '219', 219, 1, 13, 1, 580, 4, 0, '2014-07-17 12:52:38', 121),
(5255, 0, '219', 219, 1, 13, 1, 581, 5, 0, '2014-07-17 12:52:22', 121),
(5256, 0, '219', 219, 1, 13, 1, 582, 6, 0, '2014-07-17 12:52:20', 121),
(5257, 0, '219', 219, 1, 14, 1, 131, 2, 0, '2014-07-17 12:21:32', 121),
(5258, 0, '219', 219, 1, 14, 1, 132, 3, 1, '2014-07-17 12:09:11', 121),
(5259, 0, '219', 219, 1, 14, 1, 133, 4, 1, '2014-07-17 12:09:11', 121),
(5260, 0, '219', 219, 1, 15, 1, 201, 6, 1, '2014-07-17 12:09:11', 121),
(5261, 0, '219', 219, 1, 15, 1, 202, 7, 1, '2014-07-17 12:09:11', 121),
(5262, 0, '219', 219, 1, 15, 1, 203, 8, 1, '2014-07-17 12:09:11', 121),
(5263, 0, '219', 219, 1, 15, 1, 204, 9, 1, '2014-07-17 12:09:11', 121),
(5264, 0, '219', 219, 1, 15, 1, 205, 10, 1, '2014-07-17 12:09:11', 121),
(5265, 0, '219', 219, 1, 15, 1, 206, 11, 1, '2014-07-17 12:09:11', 121),
(5266, 0, '219', 219, 1, 15, 1, 207, 13, 0, '2014-07-17 12:19:59', 121),
(5267, 0, '219', 219, 1, 15, 1, 208, 14, 1, '2014-07-17 12:09:12', 121),
(5268, 0, '219', 219, 1, 15, 1, 209, 15, 1, '2014-07-17 12:09:12', 121),
(5269, 0, '219', 219, 1, 15, 1, 210, 17, 1, '2014-07-17 12:09:12', 121),
(5270, 0, '219', 219, 1, 15, 1, 211, 18, 1, '2014-07-17 12:09:12', 121),
(5271, 0, '219', 219, 1, 15, 1, 212, 19, 1, '2014-07-17 12:09:12', 121),
(5272, 0, '219', 219, 1, 15, 1, 213, 20, 1, '2014-07-17 12:09:12', 121),
(5273, 0, '219', 219, 1, 15, 1, 214, 21, 1, '2014-07-17 12:09:12', 121),
(5274, 0, '219', 219, 1, 15, 1, 215, 22, 0, '2014-07-17 12:19:57', 121),
(5275, 0, '219', 219, 1, 15, 1, 216, 23, 1, '2014-07-17 12:09:12', 121),
(5276, 0, '219', 219, 1, 15, 1, 217, 24, 1, '2014-07-17 12:09:12', 121),
(5277, 0, '219', 219, 1, 15, 1, 218, 25, 1, '2014-07-17 12:09:12', 121),
(5278, 0, '219', 219, 1, 16, 1, 108, 1, 1, '2014-07-17 12:09:12', 121),
(5279, 0, '219', 219, 1, 16, 1, 109, 2, 1, '2014-07-17 12:09:12', 121),
(5280, 0, '219', 219, 1, 16, 1, 110, 3, 1, '2014-07-17 12:09:12', 121),
(5281, 0, '219', 219, 1, 16, 1, 111, 4, 1, '2014-07-17 12:09:12', 121),
(5282, 0, '219', 219, 1, 16, 1, 112, 5, 0, '2014-07-17 12:27:40', 121),
(5283, 0, '219', 219, 1, 16, 1, 113, 6, 1, '2014-07-17 12:09:12', 121),
(5284, 0, '219', 219, 1, 16, 1, 114, 7, 1, '2014-07-17 12:09:12', 121),
(5285, 0, '219', 219, 1, 16, 1, 115, 8, 0, '2014-07-17 12:19:51', 121),
(5286, 0, '219', 219, 1, 16, 1, 116, 9, 1, '2014-07-17 12:09:12', 121),
(5287, 0, '219', 219, 1, 16, 1, 117, 10, 1, '2014-07-17 12:09:12', 121),
(5288, 0, '219', 219, 1, 16, 1, 118, 11, 1, '2014-07-17 12:09:12', 121),
(5289, 0, '219', 219, 1, 16, 1, 119, 12, 1, '2014-07-17 12:09:12', 121),
(5290, 0, '219', 219, 1, 17, 1, 87, 4, 1, '2014-07-17 12:09:12', 121),
(5291, 0, '219', 219, 1, 17, 1, 88, 5, 0, '2014-07-17 22:20:48', 121),
(5292, 0, '219', 219, 1, 18, 1, 66, 4, 0, '2014-07-17 22:21:23', 121),
(5293, 0, '219', 219, 1, 18, 1, 67, 5, 1, '2014-07-17 12:09:12', 121),
(5294, 1, '219', 219, 1, 10, 3, 553, 11, 0, '2014-07-17 12:11:23', 121),
(5295, 2, '219', 219, 1, 10, 3, 551, 10, 0, '2014-07-17 12:11:26', 121),
(5296, 3, '219', 219, 1, 10, 2, 554, 4, 1, '2014-07-17 12:13:44', 121),
(5297, 4, '219', 219, 1, 10, 3, 550, 9, 0, '2014-07-17 12:14:29', 121),
(5298, 5, '219', 219, 1, 10, 3, 547, 7, 0, '2014-07-17 12:14:32', 121),
(5299, 6, '219', 219, 1, 10, 3, 548, 8, 0, '2014-07-17 12:14:34', 121),
(5300, 7, '219', 219, 1, 10, 3, 546, 6, 0, '2014-07-17 12:14:36', 121),
(5301, 8, '219', 219, 1, 10, 2, 555, 5, 1, '2014-07-17 12:15:19', 121),
(5302, 9, '219', 219, 1, 12, 3, 343, 17, 0, '2014-07-17 12:17:50', 121),
(5303, 10, '219', 219, 1, 12, 3, 335, 8, 0, '2014-07-17 12:17:53', 121),
(5304, 11, '219', 219, 1, 12, 3, 340, 16, 0, '2014-07-17 12:18:04', 121),
(5305, 12, '219', 219, 1, 12, 3, 334, 11, 0, '2014-07-17 12:18:08', 121),
(5306, 13, '219', 219, 1, 12, 3, 332, 10, 0, '2014-07-17 12:18:12', 121),
(5307, 14, '219', 219, 1, 9, 2, 1065, 5, 0, '2014-07-17 12:20:06', 121),
(5308, 15, '219', 219, 1, 12, 1, 344, 19, 0, '2014-07-17 12:52:06', 121),
(5309, 16, '219', 219, 1, 15, 1, 219, 26, 1, '2014-07-17 12:19:42', 121),
(5310, 17, '219', 219, 1, 12, 1, 345, 20, 0, '2014-07-17 12:52:38', 121),
(5311, 18, '219', 219, 1, 15, 1, 220, 27, 1, '2014-07-17 12:19:42', 121),
(5312, 19, '219', 219, 1, 16, 3, 115, 8, 0, '2014-07-17 12:19:51', 121),
(5313, 20, '219', 219, 1, 15, 3, 215, 22, 0, '2014-07-17 12:19:57', 121),
(5314, 21, '219', 219, 1, 15, 3, 207, 13, 0, '2014-07-17 12:19:59', 121),
(5315, 22, '219', 219, 1, 9, 2, 1066, 5, 1, '2014-07-17 12:20:06', 121),
(5316, 23, '219', 219, 1, 15, 1, 221, 28, 1, '2014-07-17 12:20:06', 121),
(5317, 24, '219', 219, 1, 15, 1, 222, 29, 1, '2014-07-17 12:20:06', 121),
(5318, 25, '219', 219, 1, 9, 2, 1067, 13, 0, '2014-07-17 12:21:41', 121),
(5319, 26, '219', 219, 1, 2, 1, 148, 3, 1, '2014-07-17 12:21:24', 121),
(5320, 27, '219', 219, 1, 14, 1, 134, 5, 1, '2014-07-17 12:21:24', 121),
(5321, 28, '219', 219, 1, 14, 3, 131, 2, 0, '2014-07-17 12:21:32', 121),
(5322, 29, '219', 219, 1, 9, 2, 1068, 13, 0, '2014-07-17 12:24:05', 121),
(5323, 30, '219', 219, 1, 14, 1, 135, 6, 1, '2014-07-17 12:21:41', 121),
(5324, 31, '219', 219, 1, 9, 3, 1042, 15, 0, '2014-07-17 12:21:58', 121),
(5325, 32, '219', 219, 1, 9, 3, 1040, 14, 0, '2014-07-17 12:22:00', 121),
(5326, 33, '219', 219, 1, 9, 2, 1069, 28, 1, '2014-07-17 12:23:44', 121),
(5327, 34, '219', 219, 1, 9, 2, 1070, 13, 1, '2014-07-17 12:24:05', 121),
(5328, 35, '219', 219, 1, 14, 1, 136, 7, 1, '2014-07-17 12:24:05', 121),
(5329, 36, '219', 219, 1, 8, 3, 688, 15, 0, '2014-07-17 12:26:20', 121),
(5330, 37, '219', 219, 1, 9, 2, 1071, 16, 1, '2014-07-17 12:26:36', 121),
(5331, 38, '219', 219, 1, 9, 3, 1059, 7, 0, '2014-07-17 12:27:33', 121),
(5332, 39, '219', 219, 1, 16, 3, 112, 5, 0, '2014-07-17 12:27:40', 121),
(5333, 40, '219', 219, 1, 9, 2, 1072, 8, 0, '2014-07-17 12:42:03', 121),
(5334, 41, '219', 219, 1, 12, 2, 346, 18, 0, '2014-07-17 13:08:01', 121),
(5335, 42, '219', 219, 1, 9, 2, 1073, 4, 0, '2014-07-21 06:36:01', 121),
(5336, 43, '219', 219, 1, 15, 1, 223, 30, 1, '2014-07-17 12:30:52', 121),
(5337, 44, '219', 219, 1, 9, 2, 1074, 8, 0, '2014-07-17 12:42:30', 121),
(5338, 45, '219', 219, 1, 14, 1, 137, 8, 1, '2014-07-17 12:42:03', 121),
(5339, 46, '219', 219, 1, 9, 2, 1075, 8, 0, '2014-07-17 14:30:53', 121),
(5340, 47, '219', 219, 1, 14, 1, 138, 9, 1, '2014-07-17 12:42:30', 121),
(5341, 48, '219', 219, 1, 15, 1, 224, 31, 1, '2014-07-17 12:42:30', 121),
(5342, 49, '219', 219, 1, 10, 1, 556, 12, 1, '2014-07-17 12:43:34', 121),
(5343, 50, '219', 219, 1, 8, 1, 691, 18, 1, '2014-07-17 12:43:34', 121),
(5344, 51, '219', 219, 1, 9, 1, 1076, 35, 0, '2014-07-17 22:25:07', 121),
(5345, 52, '219', 219, 1, 5, 3, 1002, 5, 0, '2014-07-17 12:43:45', 121),
(5346, 53, '219', 219, 1, 10, 1, 557, 13, 1, '2014-07-17 12:45:40', 121),
(5347, 54, '219', 219, 1, 8, 1, 692, 19, 1, '2014-07-17 12:45:40', 121),
(5348, 55, '219', 219, 1, 9, 1, 1077, 36, 0, '2014-07-17 12:49:43', 121),
(5349, 56, '219', 219, 1, 9, 2, 1078, 36, 1, '2014-07-17 12:49:43', 121),
(5350, 57, '219', 219, 1, 15, 1, 225, 32, 1, '2014-07-17 12:49:43', 121),
(5351, 58, '219', 219, 1, 12, 1, 347, 21, 0, '2014-07-17 12:52:38', 121),
(5352, 59, '219', 219, 1, 15, 1, 226, 33, 1, '2014-07-17 12:49:43', 121),
(5353, 60, '219', 219, 1, 12, 2, 348, 9, 1, '2014-07-17 12:51:33', 121),
(5354, 61, '219', 219, 1, 12, 2, 349, 19, 0, '2014-07-17 13:37:39', 121),
(5355, 62, '219', 219, 1, 13, 3, 582, 6, 0, '2014-07-17 12:52:20', 121),
(5356, 63, '219', 219, 1, 13, 3, 581, 5, 0, '2014-07-17 12:52:22', 121),
(5357, 64, '219', 219, 1, 12, 2, 350, 20, 0, '2014-07-17 12:53:29', 121),
(5358, 65, '219', 219, 1, 13, 3, 580, 4, 0, '2014-07-17 12:52:38', 121),
(5359, 66, '219', 219, 1, 12, 2, 351, 21, 0, '2014-07-17 12:53:51', 121),
(5360, 67, '219', 219, 1, 13, 3, 580, 4, 0, '2014-07-17 12:52:38', 121),
(5361, 68, '219', 219, 1, 12, 2, 352, 20, 0, '2014-07-17 13:46:21', 121),
(5362, 69, '219', 219, 1, 12, 2, 353, 21, 0, '2014-07-17 13:49:13', 121),
(5363, 70, '219', 219, 1, 12, 3, 341, 15, 0, '2014-07-17 12:54:15', 121),
(5364, 71, '219', 219, 1, 12, 3, 331, 4, 0, '2014-07-17 12:54:32', 121),
(5365, 72, '219', 219, 1, 12, 3, 338, 12, 0, '2014-07-17 12:54:44', 121),
(5366, 73, '219', 219, 1, 12, 3, 342, 14, 0, '2014-07-17 12:55:17', 121),
(5367, 74, '219', 219, 1, 10, 1, 558, 14, 1, '2014-07-17 12:56:52', 121),
(5368, 75, '219', 219, 1, 8, 1, 693, 20, 1, '2014-07-17 12:56:52', 121),
(5369, 76, '219', 219, 1, 9, 1, 1079, 37, 0, '2014-07-17 13:01:43', 121),
(5370, 77, '219', 219, 1, 9, 2, 1080, 37, 1, '2014-07-17 13:01:43', 121),
(5371, 78, '219', 219, 1, 15, 1, 227, 34, 1, '2014-07-17 13:01:43', 121),
(5372, 79, '219', 219, 1, 9, 1, 1081, 38, 0, '2014-07-17 13:02:45', 121),
(5373, 80, '219', 219, 1, 9, 2, 1082, 38, 1, '2014-07-17 13:02:45', 121),
(5374, 81, '219', 219, 1, 2, 1, 149, 4, 1, '2014-07-17 13:02:45', 121),
(5375, 82, '219', 219, 1, 14, 1, 139, 10, 1, '2014-07-17 13:02:45', 121),
(5376, 83, '219', 219, 1, 9, 1, 1083, 39, 0, '2014-07-17 13:03:57', 121),
(5377, 84, '219', 219, 1, 9, 2, 1084, 39, 1, '2014-07-17 13:03:57', 121),
(5378, 85, '219', 219, 1, 15, 1, 228, 35, 1, '2014-07-17 13:03:57', 121),
(5379, 86, '219', 219, 1, 8, 1, 694, 21, 1, '2014-07-17 13:04:40', 121),
(5380, 87, '219', 219, 1, 9, 1, 1085, 40, 0, '2014-07-17 13:05:18', 121),
(5381, 88, '219', 219, 1, 9, 2, 1086, 40, 1, '2014-07-17 13:05:18', 121),
(5382, 89, '219', 219, 1, 12, 1, 354, 22, 0, '2014-07-17 13:05:56', 121),
(5383, 90, '219', 219, 1, 15, 1, 229, 36, 1, '2014-07-17 13:05:42', 121),
(5384, 91, '219', 219, 1, 12, 2, 355, 22, 0, '2014-07-17 13:55:35', 121),
(5385, 92, '219', 219, 1, 11, 3, 74, 11, 0, '2014-07-17 13:06:31', 121),
(5386, 93, '219', 219, 1, 11, 3, 70, 4, 0, '2014-07-17 13:06:36', 121),
(5387, 94, '219', 219, 1, 11, 3, 71, 6, 0, '2014-07-17 13:06:39', 121),
(5388, 95, '219', 219, 1, 11, 3, 72, 8, 0, '2014-07-17 13:06:42', 121),
(5389, 96, '219', 219, 1, 11, 3, 75, 12, 0, '2014-07-17 13:06:46', 121),
(5390, 97, '219', 219, 1, 11, 3, 77, 14, 0, '2014-07-17 13:06:50', 121),
(5391, 98, '219', 219, 1, 11, 3, 78, 15, 0, '2014-07-17 13:06:56', 121),
(5392, 99, '219', 219, 1, 11, 3, 79, 16, 0, '2014-07-17 13:07:02', 121),
(5393, 100, '219', 219, 1, 12, 2, 356, 6, 0, '2014-07-17 13:08:19', 121),
(5394, 101, '219', 219, 1, 12, 2, 357, 13, 0, '2014-07-17 13:29:01', 121),
(5395, 102, '219', 219, 1, 12, 2, 358, 18, 0, '2014-07-17 13:52:30', 121),
(5396, 103, '219', 219, 1, 12, 3, 356, 6, 0, '2014-07-17 13:08:19', 121),
(5397, 104, '219', 219, 1, 11, 3, 69, 3, 0, '2014-07-17 13:26:50', 121),
(5398, 105, '219', 219, 1, 11, 3, 73, 9, 0, '2014-07-17 13:26:54', 121),
(5399, 106, '219', 219, 1, 11, 3, 76, 13, 0, '2014-07-17 13:26:57', 121),
(5400, 107, '219', 219, 1, 11, 1, 80, 17, 0, '2014-07-17 13:29:52', 121),
(5401, 108, '219', 219, 1, 12, 2, 359, 7, 0, '2014-07-17 13:29:19', 121),
(5402, 109, '219', 219, 1, 11, 1, 81, 18, 1, '2014-07-17 13:29:01', 121),
(5403, 110, '219', 219, 1, 12, 2, 360, 13, 1, '2014-07-17 13:29:01', 121),
(5404, 111, '219', 219, 1, 12, 2, 361, 7, 0, '2014-07-17 13:29:32', 121),
(5405, 112, '219', 219, 1, 11, 1, 82, 19, 1, '2014-07-17 13:29:32', 121),
(5406, 113, '219', 219, 1, 12, 2, 362, 7, 1, '2014-07-17 13:29:32', 121),
(5407, 114, '219', 219, 1, 11, 3, 80, 17, 0, '2014-07-17 13:29:52', 121),
(5408, 115, '219', 219, 1, 11, 1, 83, 20, 1, '2014-07-17 13:37:39', 121),
(5409, 116, '219', 219, 1, 12, 2, 363, 19, 1, '2014-07-17 13:37:39', 121),
(5410, 117, '219', 219, 1, 11, 1, 84, 21, 1, '2014-07-17 13:46:21', 121),
(5411, 118, '219', 219, 1, 12, 2, 364, 20, 1, '2014-07-17 13:46:21', 121),
(5412, 119, '219', 219, 1, 11, 1, 85, 22, 1, '2014-07-17 13:49:13', 121),
(5413, 120, '219', 219, 1, 12, 2, 365, 21, 1, '2014-07-17 13:49:13', 121),
(5414, 121, '219', 219, 1, 11, 1, 86, 23, 1, '2014-07-17 13:52:30', 121),
(5415, 122, '219', 219, 1, 12, 2, 366, 18, 1, '2014-07-17 13:52:30', 121),
(5416, 123, '219', 219, 1, 11, 1, 87, 24, 1, '2014-07-17 13:55:35', 121),
(5417, 124, '219', 219, 1, 12, 2, 367, 22, 1, '2014-07-17 13:55:35', 121),
(5418, 125, '219', 219, 1, 2, 3, 147, 2, 0, '2014-07-17 13:56:28', 121),
(5419, 126, '219', 219, 1, 3, 1, 139, 17, 0, '2014-07-17 14:04:35', 121),
(5420, 127, '219', 219, 1, 3, 1, 140, 18, 1, '2014-07-17 14:03:59', 121),
(5421, 128, '219', 219, 1, 3, 2, 141, 17, 1, '2014-07-17 14:04:35', 121),
(5422, 129, '219', 219, 1, 3, 1, 142, 19, 1, '2014-07-17 14:11:06', 121),
(5423, 130, '219', 219, 1, 3, 1, 143, 20, 1, '2014-07-17 14:13:22', 121),
(5424, 131, '219', 219, 1, 3, 1, 144, 21, 1, '2014-07-17 14:15:08', 121),
(5425, 132, '219', 219, 1, 3, 1, 145, 22, 1, '2014-07-17 14:15:37', 121),
(5426, 133, '219', 219, 1, 6, 3, 120, 1, 0, '2014-07-17 14:20:14', 121),
(5427, 134, '219', 219, 1, 6, 3, 121, 2, 0, '2014-07-17 14:20:24', 121),
(5428, 135, '219', 219, 1, 6, 1, 122, 3, 1, '2014-07-17 14:20:53', 121),
(5429, 136, '219', 219, 1, 7, 1, 140, 3, 1, '2014-07-17 14:21:19', 121),
(5430, 137, '219', 219, 1, 7, 1, 141, 4, 1, '2014-07-17 14:21:40', 121),
(5431, 138, '219', 219, 1, 7, 1, 142, 5, 1, '2014-07-17 14:22:06', 121),
(5432, 139, '219', 219, 1, 7, 1, 143, 6, 1, '2014-07-17 14:22:30', 121),
(5433, 140, '219', 219, 1, 7, 1, 144, 7, 1, '2014-07-17 14:23:09', 121),
(5434, 141, '219', 219, 1, 7, 1, 145, 8, 1, '2014-07-17 14:23:30', 121),
(5435, 142, '219', 219, 1, 1, 3, 192, 12, 0, '2014-07-17 14:24:17', 121),
(5436, 143, '219', 219, 1, 1, 3, 189, 10, 0, '2014-07-17 14:24:29', 121),
(5437, 144, '219', 219, 1, 1, 3, 186, 8, 0, '2014-07-17 14:24:34', 121),
(5438, 145, '219', 219, 1, 1, 3, 190, 1, 0, '2014-07-17 14:24:40', 121),
(5439, 146, '219', 219, 1, 1, 3, 191, 2, 0, '2014-07-17 14:24:44', 121),
(5440, 147, '219', 219, 1, 1, 3, 184, 3, 0, '2014-07-17 14:24:50', 121),
(5441, 148, '219', 219, 1, 1, 3, 183, 4, 0, '2014-07-17 14:25:08', 121),
(5442, 149, '219', 219, 1, 1, 3, 193, 11, 0, '2014-07-17 14:25:24', 121),
(5443, 150, '219', 219, 1, 1, 3, 187, 9, 0, '2014-07-17 14:25:32', 121),
(5444, 151, '219', 219, 1, 1, 3, 188, 6, 0, '2014-07-17 14:25:41', 121),
(5445, 152, '219', 219, 1, 1, 3, 185, 7, 0, '2014-07-17 14:25:53', 121),
(5446, 153, '219', 219, 1, 1, 3, 182, 5, 0, '2014-07-17 14:26:08', 121),
(5447, 154, '219', 219, 1, 1, 1, 194, 13, 0, '2014-07-17 14:28:53', 121),
(5448, 155, '219', 219, 1, 16, 1, 120, 13, 1, '2014-07-17 14:28:05', 121),
(5449, 156, '219', 219, 1, 1, 2, 195, 13, 1, '2014-07-17 14:28:53', 121),
(5450, 157, '219', 219, 1, 1, 1, 196, 14, 0, '2014-07-17 14:30:17', 121),
(5451, 158, '219', 219, 1, 16, 1, 121, 14, 1, '2014-07-17 14:29:31', 121),
(5452, 159, '219', 219, 1, 1, 2, 197, 14, 1, '2014-07-17 14:30:17', 121),
(5453, 160, '219', 219, 1, 9, 2, 1087, 8, 0, '2014-07-21 06:32:05', 121),
(5454, 161, '219', 219, 1, 14, 1, 140, 11, 1, '2014-07-17 14:30:53', 121),
(5455, 162, '219', 219, 1, 15, 1, 230, 37, 1, '2014-07-17 14:30:53', 121),
(5456, 163, '219', 219, 1, 1, 1, 198, 15, 0, '2014-07-17 14:32:14', 121),
(5457, 164, '219', 219, 1, 16, 1, 122, 15, 1, '2014-07-17 14:31:40', 121),
(5458, 165, '219', 219, 1, 1, 2, 199, 15, 1, '2014-07-17 14:32:14', 121),
(5459, 166, '219', 219, 1, 1, 1, 200, 16, 0, '2014-07-17 22:29:00', 121),
(5460, 167, '219', 219, 1, 16, 1, 123, 16, 1, '2014-07-17 14:32:46', 121),
(5461, 168, '219', 219, 1, 8, 1, 695, 22, 1, '2014-07-17 14:32:58', 121),
(5462, 169, '219', 219, 1, 9, 1, 1088, 41, 0, '2014-07-17 14:34:13', 121),
(5463, 170, '219', 219, 1, 9, 2, 1089, 41, 1, '2014-07-17 14:34:13', 121),
(5464, 171, '219', 219, 1, 12, 1, 368, 23, 1, '2014-07-17 14:34:13', 121),
(5465, 172, '219', 219, 1, 15, 1, 231, 38, 1, '2014-07-17 14:34:13', 121),
(5466, 173, '219', 219, 1, 17, 3, 88, 5, 0, '2014-07-17 22:20:48', 121),
(5467, 174, '219', 219, 1, 18, 2, 68, 4, 1, '2014-07-17 22:21:23', 121),
(5468, 175, '219', 219, 1, 4, 3, 325, 5, 0, '2014-07-17 22:21:48', 121),
(5469, 176, '219', 219, 1, 9, 2, 1090, 35, 1, '2014-07-17 22:25:07', 121),
(5470, 177, '219', 219, 1, 15, 1, 232, 39, 1, '2014-07-17 22:25:08', 121),
(5471, 178, '219', 219, 1, 1, 1, 201, 17, 0, '2014-07-17 22:29:51', 121),
(5472, 179, '219', 219, 1, 16, 1, 124, 17, 1, '2014-07-17 22:26:13', 121),
(5473, 180, '219', 219, 1, 1, 2, 202, 16, 1, '2014-07-17 22:29:00', 121),
(5474, 181, '219', 219, 1, 1, 2, 203, 17, 1, '2014-07-17 22:29:51', 121),
(5475, 0, '220', 219, 1, 1, 1, 204, 13, 1, '2014-07-18 01:27:54', 121),
(5476, 0, '220', 219, 1, 1, 1, 205, 14, 1, '2014-07-18 01:27:54', 121),
(5477, 0, '220', 219, 1, 1, 1, 206, 15, 1, '2014-07-18 01:27:54', 121),
(5478, 0, '220', 219, 1, 1, 1, 207, 16, 1, '2014-07-18 01:27:54', 121),
(5479, 0, '220', 219, 1, 1, 1, 208, 17, 1, '2014-07-18 01:27:54', 121),
(5480, 0, '220', 219, 1, 2, 1, 150, 1, 1, '2014-07-18 01:27:54', 121),
(5481, 0, '220', 219, 1, 2, 1, 151, 3, 1, '2014-07-18 01:27:54', 121),
(5482, 0, '220', 219, 1, 2, 1, 152, 4, 1, '2014-07-18 01:27:54', 121),
(5483, 0, '220', 219, 1, 3, 1, 146, 1, 1, '2014-07-18 01:27:54', 121),
(5484, 0, '220', 219, 1, 3, 1, 147, 2, 1, '2014-07-18 01:27:55', 121),
(5485, 0, '220', 219, 1, 3, 1, 148, 3, 1, '2014-07-18 01:27:55', 121),
(5486, 0, '220', 219, 1, 3, 1, 149, 4, 1, '2014-07-18 01:27:55', 121),
(5487, 0, '220', 219, 1, 3, 1, 150, 5, 1, '2014-07-18 01:27:55', 121),
(5488, 0, '220', 219, 1, 3, 1, 151, 6, 1, '2014-07-18 01:27:55', 121),
(5489, 0, '220', 219, 1, 3, 1, 152, 7, 1, '2014-07-18 01:27:55', 121),
(5490, 0, '220', 219, 1, 3, 1, 153, 8, 1, '2014-07-18 01:27:55', 121),
(5491, 0, '220', 219, 1, 3, 1, 154, 9, 1, '2014-07-18 01:27:55', 121),
(5492, 0, '220', 219, 1, 3, 1, 155, 10, 1, '2014-07-18 01:27:55', 121),
(5493, 0, '220', 219, 1, 3, 1, 156, 11, 1, '2014-07-18 01:27:55', 121),
(5494, 0, '220', 219, 1, 3, 1, 157, 12, 1, '2014-07-18 01:27:55', 121),
(5495, 0, '220', 219, 1, 3, 1, 158, 13, 1, '2014-07-18 01:27:55', 121),
(5496, 0, '220', 219, 1, 3, 1, 159, 14, 1, '2014-07-18 01:27:55', 121),
(5497, 0, '220', 219, 1, 3, 1, 160, 15, 1, '2014-07-18 01:27:55', 121),
(5498, 0, '220', 219, 1, 3, 1, 161, 16, 1, '2014-07-18 01:27:55', 121),
(5499, 0, '220', 219, 1, 3, 1, 162, 18, 1, '2014-07-18 01:27:55', 121),
(5500, 0, '220', 219, 1, 3, 1, 163, 17, 1, '2014-07-18 01:27:55', 121),
(5501, 0, '220', 219, 1, 3, 1, 164, 19, 1, '2014-07-18 01:27:55', 121),
(5502, 0, '220', 219, 1, 3, 1, 165, 20, 1, '2014-07-18 01:27:55', 121),
(5503, 0, '220', 219, 1, 3, 1, 166, 21, 1, '2014-07-18 01:27:55', 121),
(5504, 0, '220', 219, 1, 3, 1, 167, 22, 1, '2014-07-18 01:27:55', 121),
(5505, 0, '220', 219, 1, 4, 1, 327, 4, 1, '2014-07-18 01:27:55', 121),
(5506, 0, '220', 219, 1, 4, 1, 328, 7, 1, '2014-07-18 01:27:55', 121),
(5507, 0, '220', 219, 1, 4, 1, 329, 6, 1, '2014-07-18 01:27:55', 121),
(5508, 0, '220', 219, 1, 5, 1, 1003, 4, 1, '2014-07-18 01:27:55', 121),
(5509, 0, '220', 219, 1, 6, 1, 123, 3, 1, '2014-07-18 01:27:55', 121),
(5510, 0, '220', 219, 1, 7, 1, 146, 2, 1, '2014-07-18 01:27:55', 121),
(5511, 0, '220', 219, 1, 7, 1, 147, 1, 1, '2014-07-18 01:27:55', 121),
(5512, 0, '220', 219, 1, 7, 1, 148, 3, 1, '2014-07-18 01:27:55', 121),
(5513, 0, '220', 219, 1, 7, 1, 149, 4, 1, '2014-07-18 01:27:55', 121),
(5514, 0, '220', 219, 1, 7, 1, 150, 5, 1, '2014-07-18 01:27:55', 121),
(5515, 0, '220', 219, 1, 7, 1, 151, 6, 1, '2014-07-18 01:27:55', 121),
(5516, 0, '220', 219, 1, 7, 1, 152, 7, 1, '2014-07-18 01:27:55', 121),
(5517, 0, '220', 219, 1, 7, 1, 153, 8, 1, '2014-07-18 01:27:55', 121),
(5518, 0, '220', 219, 1, 8, 1, 696, 4, 1, '2014-07-18 01:27:55', 121),
(5519, 0, '220', 219, 1, 8, 1, 697, 5, 1, '2014-07-18 01:27:55', 121),
(5520, 0, '220', 219, 1, 8, 1, 698, 6, 1, '2014-07-18 01:27:55', 121),
(5521, 0, '220', 219, 1, 8, 1, 699, 7, 1, '2014-07-18 01:27:55', 121),
(5522, 0, '220', 219, 1, 8, 1, 700, 8, 1, '2014-07-18 01:27:55', 121),
(5523, 0, '220', 219, 1, 8, 1, 701, 9, 1, '2014-07-18 01:27:55', 121),
(5524, 0, '220', 219, 1, 8, 1, 702, 10, 1, '2014-07-18 01:27:55', 121),
(5525, 0, '220', 219, 1, 8, 1, 703, 11, 1, '2014-07-18 01:27:55', 121),
(5526, 0, '220', 219, 1, 8, 1, 704, 12, 1, '2014-07-18 01:27:55', 121),
(5527, 0, '220', 219, 1, 8, 1, 705, 13, 1, '2014-07-18 01:27:55', 121),
(5528, 0, '220', 219, 1, 8, 1, 706, 14, 1, '2014-07-18 01:27:55', 121),
(5529, 0, '220', 219, 1, 8, 1, 707, 16, 1, '2014-07-18 01:27:55', 121),
(5530, 0, '220', 219, 1, 8, 1, 708, 17, 1, '2014-07-18 01:27:55', 121),
(5531, 0, '220', 219, 1, 8, 1, 709, 18, 1, '2014-07-18 01:27:55', 121),
(5532, 0, '220', 219, 1, 8, 1, 710, 19, 1, '2014-07-18 01:27:55', 121),
(5533, 0, '220', 219, 1, 8, 1, 711, 20, 1, '2014-07-18 01:27:55', 121),
(5534, 0, '220', 219, 1, 8, 1, 712, 21, 1, '2014-07-18 01:27:55', 121),
(5535, 0, '220', 219, 1, 8, 1, 713, 22, 1, '2014-07-18 01:27:55', 121),
(5536, 0, '220', 219, 1, 9, 1, 1091, 9, 1, '2014-07-18 01:27:56', 121),
(5537, 0, '220', 219, 1, 9, 1, 1092, 10, 1, '2014-07-18 01:27:56', 121),
(5538, 0, '220', 219, 1, 9, 1, 1093, 11, 1, '2014-07-18 01:27:56', 121),
(5539, 0, '220', 219, 1, 9, 1, 1094, 6, 1, '2014-07-18 01:27:56', 121),
(5540, 0, '220', 219, 1, 9, 1, 1095, 17, 1, '2014-07-18 01:27:56', 121),
(5541, 0, '220', 219, 1, 9, 1, 1096, 19, 1, '2014-07-18 01:27:56', 121),
(5542, 0, '220', 219, 1, 9, 1, 1097, 20, 1, '2014-07-18 01:27:56', 121),
(5543, 0, '220', 219, 1, 9, 1, 1098, 21, 1, '2014-07-18 01:27:56', 121),
(5544, 0, '220', 219, 1, 9, 1, 1099, 22, 1, '2014-07-18 01:27:56', 121),
(5545, 0, '220', 219, 1, 9, 1, 1100, 23, 1, '2014-07-18 01:27:56', 121),
(5546, 0, '220', 219, 1, 9, 1, 1101, 25, 1, '2014-07-18 01:27:56', 121),
(5547, 0, '220', 219, 1, 9, 1, 1102, 24, 1, '2014-07-18 01:27:56', 121),
(5548, 0, '220', 219, 1, 9, 1, 1103, 26, 1, '2014-07-18 01:27:56', 121),
(5549, 0, '220', 219, 1, 9, 1, 1104, 27, 1, '2014-07-18 01:27:56', 121),
(5550, 0, '220', 219, 1, 9, 1, 1105, 31, 1, '2014-07-18 01:27:56', 121),
(5551, 0, '220', 219, 1, 9, 1, 1106, 12, 1, '2014-07-18 01:27:56', 121),
(5552, 0, '220', 219, 1, 9, 1, 1107, 32, 1, '2014-07-18 01:27:56', 121),
(5553, 0, '220', 219, 1, 9, 1, 1108, 33, 1, '2014-07-18 01:27:56', 121),
(5554, 0, '220', 219, 1, 9, 1, 1109, 34, 1, '2014-07-18 01:27:56', 121),
(5555, 0, '220', 219, 1, 9, 1, 1110, 18, 1, '2014-07-18 01:27:56', 121),
(5556, 0, '220', 219, 1, 9, 1, 1111, 5, 1, '2014-07-18 01:27:56', 121),
(5557, 0, '220', 219, 1, 9, 1, 1112, 28, 1, '2014-07-18 01:27:56', 121),
(5558, 0, '220', 219, 1, 9, 1, 1113, 13, 1, '2014-07-18 01:27:56', 121),
(5559, 0, '220', 219, 1, 9, 1, 1114, 16, 1, '2014-07-18 01:27:56', 121),
(5560, 0, '220', 219, 1, 9, 1, 1115, 4, 1, '2014-07-18 01:27:56', 121),
(5561, 0, '220', 219, 1, 9, 1, 1116, 36, 1, '2014-07-18 01:27:56', 121),
(5562, 0, '220', 219, 1, 9, 1, 1117, 37, 1, '2014-07-18 01:27:56', 121),
(5563, 0, '220', 219, 1, 9, 1, 1118, 38, 1, '2014-07-18 01:27:56', 121),
(5564, 0, '220', 219, 1, 9, 1, 1119, 39, 1, '2014-07-18 01:27:56', 121),
(5565, 0, '220', 219, 1, 9, 1, 1120, 40, 1, '2014-07-18 01:27:56', 121),
(5566, 0, '220', 219, 1, 9, 1, 1121, 8, 1, '2014-07-18 01:27:56', 121),
(5567, 0, '220', 219, 1, 9, 1, 1122, 41, 1, '2014-07-18 01:27:56', 121),
(5568, 0, '220', 219, 1, 9, 1, 1123, 35, 1, '2014-07-18 01:27:56', 121),
(5569, 0, '220', 219, 1, 10, 1, 559, 4, 1, '2014-07-18 01:27:56', 121),
(5570, 0, '220', 219, 1, 10, 1, 560, 5, 1, '2014-07-18 01:27:56', 121),
(5571, 0, '220', 219, 1, 10, 1, 561, 12, 1, '2014-07-18 01:27:56', 121),
(5572, 0, '220', 219, 1, 10, 1, 562, 13, 1, '2014-07-18 01:27:56', 121),
(5573, 0, '220', 219, 1, 10, 1, 563, 14, 1, '2014-07-18 01:27:56', 121),
(5574, 0, '220', 219, 1, 11, 1, 88, 18, 1, '2014-07-18 01:27:56', 121),
(5575, 0, '220', 219, 1, 11, 1, 89, 19, 1, '2014-07-18 01:27:56', 121),
(5576, 0, '220', 219, 1, 11, 1, 90, 20, 1, '2014-07-18 01:27:56', 121),
(5577, 0, '220', 219, 1, 11, 1, 91, 21, 1, '2014-07-18 01:27:56', 121),
(5578, 0, '220', 219, 1, 11, 1, 92, 22, 1, '2014-07-18 01:27:56', 121),
(5579, 0, '220', 219, 1, 11, 1, 93, 23, 1, '2014-07-18 01:27:56', 121),
(5580, 0, '220', 219, 1, 11, 1, 94, 24, 1, '2014-07-18 01:27:57', 121),
(5581, 0, '220', 219, 1, 12, 1, 369, 9, 1, '2014-07-18 01:27:57', 121),
(5582, 0, '220', 219, 1, 12, 1, 370, 13, 1, '2014-07-18 01:27:57', 121),
(5583, 0, '220', 219, 1, 12, 1, 371, 7, 1, '2014-07-18 01:27:57', 121),
(5584, 0, '220', 219, 1, 12, 1, 372, 19, 1, '2014-07-18 01:27:57', 121),
(5585, 0, '220', 219, 1, 12, 1, 373, 20, 1, '2014-07-18 01:27:57', 121),
(5586, 0, '220', 219, 1, 12, 1, 374, 21, 1, '2014-07-18 01:27:57', 121),
(5587, 0, '220', 219, 1, 12, 1, 375, 18, 1, '2014-07-18 01:27:57', 121),
(5588, 0, '220', 219, 1, 12, 1, 376, 22, 1, '2014-07-18 01:27:57', 121),
(5589, 0, '220', 219, 1, 12, 1, 377, 23, 1, '2014-07-18 01:27:57', 121),
(5590, 0, '220', 219, 1, 13, 1, 583, 1, 1, '2014-07-18 01:27:57', 121),
(5591, 0, '220', 219, 1, 13, 1, 584, 2, 1, '2014-07-18 01:27:57', 121),
(5592, 0, '220', 219, 1, 13, 1, 585, 3, 1, '2014-07-18 01:27:57', 121),
(5593, 0, '220', 219, 1, 14, 1, 141, 3, 1, '2014-07-18 01:27:57', 121),
(5594, 0, '220', 219, 1, 14, 1, 142, 4, 1, '2014-07-18 01:27:57', 121),
(5595, 0, '220', 219, 1, 14, 1, 143, 5, 1, '2014-07-18 01:27:57', 121),
(5596, 0, '220', 219, 1, 14, 1, 144, 6, 1, '2014-07-18 01:27:57', 121),
(5597, 0, '220', 219, 1, 14, 1, 145, 7, 1, '2014-07-18 01:27:57', 121),
(5598, 0, '220', 219, 1, 14, 1, 146, 8, 1, '2014-07-18 01:27:58', 121),
(5599, 0, '220', 219, 1, 14, 1, 147, 9, 1, '2014-07-18 01:27:58', 121),
(5600, 0, '220', 219, 1, 14, 1, 148, 10, 1, '2014-07-18 01:27:58', 121),
(5601, 0, '220', 219, 1, 14, 1, 149, 11, 1, '2014-07-18 01:27:58', 121),
(5602, 0, '220', 219, 1, 15, 1, 233, 6, 1, '2014-07-18 01:27:58', 121),
(5603, 0, '220', 219, 1, 15, 1, 234, 7, 1, '2014-07-18 01:27:58', 121),
(5604, 0, '220', 219, 1, 15, 1, 235, 8, 1, '2014-07-18 01:27:58', 121),
(5605, 0, '220', 219, 1, 15, 1, 236, 9, 1, '2014-07-18 01:27:58', 121),
(5606, 0, '220', 219, 1, 15, 1, 237, 10, 1, '2014-07-18 01:27:58', 121),
(5607, 0, '220', 219, 1, 15, 1, 238, 11, 1, '2014-07-18 01:27:58', 121),
(5608, 0, '220', 219, 1, 15, 1, 239, 14, 1, '2014-07-18 01:27:58', 121),
(5609, 0, '220', 219, 1, 15, 1, 240, 15, 1, '2014-07-18 01:27:58', 121),
(5610, 0, '220', 219, 1, 15, 1, 241, 17, 1, '2014-07-18 01:27:58', 121),
(5611, 0, '220', 219, 1, 15, 1, 242, 18, 1, '2014-07-18 01:27:58', 121),
(5612, 0, '220', 219, 1, 15, 1, 243, 19, 1, '2014-07-18 01:27:58', 121),
(5613, 0, '220', 219, 1, 15, 1, 244, 20, 1, '2014-07-18 01:27:58', 121),
(5614, 0, '220', 219, 1, 15, 1, 245, 21, 1, '2014-07-18 01:27:58', 121),
(5615, 0, '220', 219, 1, 15, 1, 246, 23, 1, '2014-07-18 01:27:58', 121),
(5616, 0, '220', 219, 1, 15, 1, 247, 24, 1, '2014-07-18 01:27:58', 121),
(5617, 0, '220', 219, 1, 15, 1, 248, 25, 1, '2014-07-18 01:27:58', 121),
(5618, 0, '220', 219, 1, 15, 1, 249, 26, 1, '2014-07-18 01:27:58', 121),
(5619, 0, '220', 219, 1, 15, 1, 250, 27, 1, '2014-07-18 01:27:58', 121),
(5620, 0, '220', 219, 1, 15, 1, 251, 28, 1, '2014-07-18 01:27:58', 121),
(5621, 0, '220', 219, 1, 15, 1, 252, 29, 1, '2014-07-18 01:27:58', 121),
(5622, 0, '220', 219, 1, 15, 1, 253, 30, 1, '2014-07-18 01:27:58', 121),
(5623, 0, '220', 219, 1, 15, 1, 254, 31, 1, '2014-07-18 01:27:58', 121),
(5624, 0, '220', 219, 1, 15, 1, 255, 32, 1, '2014-07-18 01:27:58', 121),
(5625, 0, '220', 219, 1, 15, 1, 256, 33, 1, '2014-07-18 01:27:58', 121),
(5626, 0, '220', 219, 1, 15, 1, 257, 34, 1, '2014-07-18 01:27:58', 121),
(5627, 0, '220', 219, 1, 15, 1, 258, 35, 1, '2014-07-18 01:27:58', 121),
(5628, 0, '220', 219, 1, 15, 1, 259, 36, 1, '2014-07-18 01:27:58', 121),
(5629, 0, '220', 219, 1, 15, 1, 260, 37, 1, '2014-07-18 01:27:58', 121),
(5630, 0, '220', 219, 1, 15, 1, 261, 38, 1, '2014-07-18 01:27:58', 121),
(5631, 0, '220', 219, 1, 15, 1, 262, 39, 1, '2014-07-18 01:27:58', 121),
(5632, 0, '220', 219, 1, 16, 1, 125, 1, 1, '2014-07-18 01:27:58', 121),
(5633, 0, '220', 219, 1, 16, 1, 126, 2, 1, '2014-07-18 01:27:58', 121),
(5634, 0, '220', 219, 1, 16, 1, 127, 3, 1, '2014-07-18 01:27:58', 121),
(5635, 0, '220', 219, 1, 16, 1, 128, 4, 1, '2014-07-18 01:27:58', 121),
(5636, 0, '220', 219, 1, 16, 1, 129, 6, 1, '2014-07-18 01:27:58', 121),
(5637, 0, '220', 219, 1, 16, 1, 130, 7, 1, '2014-07-18 01:27:58', 121),
(5638, 0, '220', 219, 1, 16, 1, 131, 9, 1, '2014-07-18 01:27:58', 121),
(5639, 0, '220', 219, 1, 16, 1, 132, 10, 1, '2014-07-18 01:27:58', 121),
(5640, 0, '220', 219, 1, 16, 1, 133, 11, 1, '2014-07-18 01:27:58', 121),
(5641, 0, '220', 219, 1, 16, 1, 134, 12, 1, '2014-07-18 01:27:59', 121),
(5642, 0, '220', 219, 1, 16, 1, 135, 13, 1, '2014-07-18 01:27:59', 121),
(5643, 0, '220', 219, 1, 16, 1, 136, 14, 1, '2014-07-18 01:27:59', 121),
(5644, 0, '220', 219, 1, 16, 1, 137, 15, 1, '2014-07-18 01:27:59', 121),
(5645, 0, '220', 219, 1, 16, 1, 138, 16, 1, '2014-07-18 01:27:59', 121),
(5646, 0, '220', 219, 1, 16, 1, 139, 17, 1, '2014-07-18 01:27:59', 121),
(5647, 0, '220', 219, 1, 17, 1, 89, 4, 1, '2014-07-18 01:27:59', 121),
(5648, 0, '220', 219, 1, 18, 1, 69, 5, 1, '2014-07-18 01:27:59', 121),
(5649, 0, '220', 219, 1, 18, 1, 70, 4, 1, '2014-07-18 01:27:59', 121),
(5650, 0, '221', 220, 1, 13, 1, 586, 1, 1, '2014-07-18 01:29:40', 130),
(5651, 1, '221', 220, 1, 13, 1, 587, 2, 1, '2014-07-18 01:29:40', 130),
(5652, 2, '221', 220, 1, 13, 1, 588, 3, 1, '2014-07-18 01:29:40', 130),
(5653, 3, '221', 220, 1, 4, 1, 330, 1, 1, '2014-07-18 01:29:40', 130),
(5654, 4, '221', 220, 1, 5, 1, 1004, 1, 0, '2014-07-18 01:30:58', 130),
(5655, 0, '221', 220, 1, 1, 1, 209, 16, 1, '2014-07-18 01:29:58', 130),
(5656, 0, '221', 220, 1, 1, 1, 210, 17, 1, '2014-07-18 01:29:58', 130),
(5657, 0, '221', 220, 1, 1, 1, 211, 18, 1, '2014-07-18 01:29:58', 130),
(5658, 0, '221', 220, 1, 1, 1, 212, 19, 1, '2014-07-18 01:29:59', 130),
(5659, 0, '221', 220, 1, 1, 1, 213, 20, 1, '2014-07-18 01:29:59', 130),
(5660, 0, '221', 220, 1, 2, 1, 153, 4, 1, '2014-07-18 01:29:59', 130),
(5661, 0, '221', 220, 1, 2, 1, 154, 6, 1, '2014-07-18 01:29:59', 130),
(5662, 0, '221', 220, 1, 2, 1, 155, 7, 1, '2014-07-18 01:29:59', 130),
(5663, 0, '221', 220, 1, 3, 1, 168, 4, 1, '2014-07-18 01:29:59', 130),
(5664, 0, '221', 220, 1, 3, 1, 169, 5, 1, '2014-07-18 01:29:59', 130),
(5665, 0, '221', 220, 1, 3, 1, 170, 6, 1, '2014-07-18 01:29:59', 130),
(5666, 0, '221', 220, 1, 3, 1, 171, 7, 1, '2014-07-18 01:29:59', 130),
(5667, 0, '221', 220, 1, 3, 1, 172, 8, 1, '2014-07-18 01:29:59', 130),
(5668, 0, '221', 220, 1, 3, 1, 173, 9, 1, '2014-07-18 01:29:59', 130),
(5669, 0, '221', 220, 1, 3, 1, 174, 10, 1, '2014-07-18 01:29:59', 130),
(5670, 0, '221', 220, 1, 3, 1, 175, 11, 1, '2014-07-18 01:29:59', 130),
(5671, 0, '221', 220, 1, 3, 1, 176, 12, 1, '2014-07-18 01:29:59', 130),
(5672, 0, '221', 220, 1, 3, 1, 177, 13, 1, '2014-07-18 01:29:59', 130),
(5673, 0, '221', 220, 1, 3, 1, 178, 14, 1, '2014-07-18 01:29:59', 130),
(5674, 0, '221', 220, 1, 3, 1, 179, 15, 1, '2014-07-18 01:29:59', 130),
(5675, 0, '221', 220, 1, 3, 1, 180, 16, 1, '2014-07-18 01:29:59', 130),
(5676, 0, '221', 220, 1, 3, 1, 181, 17, 1, '2014-07-18 01:29:59', 130),
(5677, 0, '221', 220, 1, 3, 1, 182, 18, 1, '2014-07-18 01:29:59', 130),
(5678, 0, '221', 220, 1, 3, 1, 183, 19, 1, '2014-07-18 01:29:59', 130),
(5679, 0, '221', 220, 1, 3, 1, 184, 21, 1, '2014-07-18 01:29:59', 130),
(5680, 0, '221', 220, 1, 3, 1, 185, 20, 1, '2014-07-18 01:29:59', 130),
(5681, 0, '221', 220, 1, 3, 1, 186, 22, 1, '2014-07-18 01:29:59', 130),
(5682, 0, '221', 220, 1, 3, 1, 187, 23, 1, '2014-07-18 01:29:59', 130),
(5683, 0, '221', 220, 1, 3, 1, 188, 24, 1, '2014-07-18 01:29:59', 130),
(5684, 0, '221', 220, 1, 3, 1, 189, 25, 1, '2014-07-18 01:29:59', 130),
(5685, 0, '221', 220, 1, 4, 1, 331, 7, 1, '2014-07-18 01:29:59', 130),
(5686, 0, '221', 220, 1, 4, 1, 332, 10, 1, '2014-07-18 01:29:59', 130),
(5687, 0, '221', 220, 1, 4, 1, 333, 9, 1, '2014-07-18 01:29:59', 130),
(5688, 0, '221', 220, 1, 5, 1, 1005, 7, 1, '2014-07-18 01:29:59', 130),
(5689, 0, '221', 220, 1, 6, 1, 124, 6, 1, '2014-07-18 01:29:59', 130),
(5690, 0, '221', 220, 1, 7, 1, 154, 5, 1, '2014-07-18 01:29:59', 130),
(5691, 0, '221', 220, 1, 7, 1, 155, 4, 1, '2014-07-18 01:29:59', 130),
(5692, 0, '221', 220, 1, 7, 1, 156, 6, 1, '2014-07-18 01:29:59', 130),
(5693, 0, '221', 220, 1, 7, 1, 157, 7, 1, '2014-07-18 01:29:59', 130),
(5694, 0, '221', 220, 1, 7, 1, 158, 8, 1, '2014-07-18 01:29:59', 130),
(5695, 0, '221', 220, 1, 7, 1, 159, 9, 1, '2014-07-18 01:29:59', 130),
(5696, 0, '221', 220, 1, 7, 1, 160, 10, 1, '2014-07-18 01:30:00', 130),
(5697, 0, '221', 220, 1, 7, 1, 161, 11, 1, '2014-07-18 01:30:00', 130),
(5698, 0, '221', 220, 1, 8, 1, 714, 7, 1, '2014-07-18 01:30:00', 130),
(5699, 0, '221', 220, 1, 8, 1, 715, 8, 1, '2014-07-18 01:30:00', 130),
(5700, 0, '221', 220, 1, 8, 1, 716, 9, 1, '2014-07-18 01:30:00', 130),
(5701, 0, '221', 220, 1, 8, 1, 717, 10, 1, '2014-07-18 01:30:00', 130),
(5702, 0, '221', 220, 1, 8, 1, 718, 11, 1, '2014-07-18 01:30:00', 130),
(5703, 0, '221', 220, 1, 8, 1, 719, 12, 1, '2014-07-18 01:30:00', 130),
(5704, 0, '221', 220, 1, 8, 1, 720, 13, 1, '2014-07-18 01:30:00', 130),
(5705, 0, '221', 220, 1, 8, 1, 721, 14, 1, '2014-07-18 01:30:00', 130),
(5706, 0, '221', 220, 1, 8, 1, 722, 15, 1, '2014-07-18 01:30:00', 130),
(5707, 0, '221', 220, 1, 8, 1, 723, 16, 1, '2014-07-18 01:30:00', 130),
(5708, 0, '221', 220, 1, 8, 1, 724, 17, 1, '2014-07-18 01:30:00', 130),
(5709, 0, '221', 220, 1, 8, 1, 725, 19, 1, '2014-07-18 01:30:00', 130),
(5710, 0, '221', 220, 1, 8, 1, 726, 20, 1, '2014-07-18 01:30:00', 130),
(5711, 0, '221', 220, 1, 8, 1, 727, 21, 1, '2014-07-18 01:30:00', 130),
(5712, 0, '221', 220, 1, 8, 1, 728, 22, 1, '2014-07-18 01:30:00', 130),
(5713, 0, '221', 220, 1, 8, 1, 729, 23, 1, '2014-07-18 01:30:00', 130),
(5714, 0, '221', 220, 1, 8, 1, 730, 24, 1, '2014-07-18 01:30:00', 130),
(5715, 0, '221', 220, 1, 8, 1, 731, 25, 1, '2014-07-18 01:30:00', 130),
(5716, 0, '221', 220, 1, 9, 1, 1124, 12, 1, '2014-07-18 01:30:00', 130),
(5717, 0, '221', 220, 1, 9, 1, 1125, 13, 1, '2014-07-18 01:30:00', 130),
(5718, 0, '221', 220, 1, 9, 1, 1126, 14, 1, '2014-07-18 01:30:00', 130),
(5719, 0, '221', 220, 1, 9, 1, 1127, 9, 1, '2014-07-18 01:30:00', 130),
(5720, 0, '221', 220, 1, 9, 1, 1128, 20, 1, '2014-07-18 01:30:00', 130),
(5721, 0, '221', 220, 1, 9, 1, 1129, 22, 1, '2014-07-18 01:30:00', 130),
(5722, 0, '221', 220, 1, 9, 1, 1130, 23, 1, '2014-07-18 01:30:00', 130),
(5723, 0, '221', 220, 1, 9, 1, 1131, 24, 1, '2014-07-18 01:30:00', 130),
(5724, 0, '221', 220, 1, 9, 1, 1132, 25, 1, '2014-07-18 01:30:00', 130),
(5725, 0, '221', 220, 1, 9, 1, 1133, 26, 1, '2014-07-18 01:30:01', 130),
(5726, 0, '221', 220, 1, 9, 1, 1134, 28, 1, '2014-07-18 01:30:01', 130),
(5727, 0, '221', 220, 1, 9, 1, 1135, 27, 1, '2014-07-18 01:30:01', 130),
(5728, 0, '221', 220, 1, 9, 1, 1136, 29, 1, '2014-07-18 01:30:01', 130),
(5729, 0, '221', 220, 1, 9, 1, 1137, 30, 1, '2014-07-18 01:30:01', 130),
(5730, 0, '221', 220, 1, 9, 1, 1138, 34, 1, '2014-07-18 01:30:01', 130),
(5731, 0, '221', 220, 1, 9, 1, 1139, 15, 1, '2014-07-18 01:30:01', 130),
(5732, 0, '221', 220, 1, 9, 1, 1140, 35, 1, '2014-07-18 01:30:01', 130),
(5733, 0, '221', 220, 1, 9, 1, 1141, 36, 1, '2014-07-18 01:30:01', 130),
(5734, 0, '221', 220, 1, 9, 1, 1142, 37, 1, '2014-07-18 01:30:01', 130),
(5735, 0, '221', 220, 1, 9, 1, 1143, 21, 1, '2014-07-18 01:30:01', 130),
(5736, 0, '221', 220, 1, 9, 1, 1144, 8, 1, '2014-07-18 01:30:01', 130),
(5737, 0, '221', 220, 1, 9, 1, 1145, 31, 1, '2014-07-18 01:30:01', 130),
(5738, 0, '221', 220, 1, 9, 1, 1146, 16, 1, '2014-07-18 01:30:01', 130),
(5739, 0, '221', 220, 1, 9, 1, 1147, 19, 1, '2014-07-18 01:30:01', 130),
(5740, 0, '221', 220, 1, 9, 1, 1148, 7, 1, '2014-07-18 01:30:01', 130),
(5741, 0, '221', 220, 1, 9, 1, 1149, 39, 1, '2014-07-18 01:30:01', 130),
(5742, 0, '221', 220, 1, 9, 1, 1150, 40, 1, '2014-07-18 01:30:01', 130),
(5743, 0, '221', 220, 1, 9, 1, 1151, 41, 1, '2014-07-18 01:30:01', 130),
(5744, 0, '221', 220, 1, 9, 1, 1152, 42, 1, '2014-07-18 01:30:01', 130),
(5745, 0, '221', 220, 1, 9, 1, 1153, 43, 1, '2014-07-18 01:30:01', 130),
(5746, 0, '221', 220, 1, 9, 1, 1154, 11, 1, '2014-07-18 01:30:01', 130),
(5747, 0, '221', 220, 1, 9, 1, 1155, 44, 1, '2014-07-18 01:30:01', 130),
(5748, 0, '221', 220, 1, 9, 1, 1156, 38, 1, '2014-07-18 01:30:01', 130),
(5749, 0, '221', 220, 1, 10, 1, 564, 7, 1, '2014-07-18 01:30:01', 130),
(5750, 0, '221', 220, 1, 10, 1, 565, 8, 1, '2014-07-18 01:30:01', 130),
(5751, 0, '221', 220, 1, 10, 1, 566, 15, 1, '2014-07-18 01:30:01', 130),
(5752, 0, '221', 220, 1, 10, 1, 567, 16, 1, '2014-07-18 01:30:02', 130),
(5753, 0, '221', 220, 1, 10, 1, 568, 17, 1, '2014-07-18 01:30:02', 130),
(5754, 0, '221', 220, 1, 11, 1, 95, 21, 1, '2014-07-18 01:30:02', 130),
(5755, 0, '221', 220, 1, 11, 1, 96, 22, 1, '2014-07-18 01:30:02', 130),
(5756, 0, '221', 220, 1, 11, 1, 97, 23, 1, '2014-07-18 01:30:02', 130),
(5757, 0, '221', 220, 1, 11, 1, 98, 24, 1, '2014-07-18 01:30:02', 130),
(5758, 0, '221', 220, 1, 11, 1, 99, 25, 1, '2014-07-18 01:30:02', 130),
(5759, 0, '221', 220, 1, 11, 1, 100, 26, 1, '2014-07-18 01:30:02', 130),
(5760, 0, '221', 220, 1, 11, 1, 101, 27, 1, '2014-07-18 01:30:02', 130),
(5761, 0, '221', 220, 1, 12, 1, 378, 12, 1, '2014-07-18 01:30:02', 130),
(5762, 0, '221', 220, 1, 12, 1, 379, 16, 1, '2014-07-18 01:30:02', 130),
(5763, 0, '221', 220, 1, 12, 1, 380, 10, 1, '2014-07-18 01:30:02', 130),
(5764, 0, '221', 220, 1, 12, 1, 381, 22, 1, '2014-07-18 01:30:02', 130),
(5765, 0, '221', 220, 1, 12, 1, 382, 23, 1, '2014-07-18 01:30:02', 130),
(5766, 0, '221', 220, 1, 12, 1, 383, 24, 1, '2014-07-18 01:30:02', 130),
(5767, 0, '221', 220, 1, 12, 1, 384, 21, 1, '2014-07-18 01:30:02', 130),
(5768, 0, '221', 220, 1, 12, 1, 385, 25, 1, '2014-07-18 01:30:02', 130),
(5769, 0, '221', 220, 1, 12, 1, 386, 26, 1, '2014-07-18 01:30:02', 130),
(5770, 0, '221', 220, 1, 13, 1, 589, 4, 1, '2014-07-18 01:30:02', 130),
(5771, 0, '221', 220, 1, 13, 1, 590, 5, 1, '2014-07-18 01:30:02', 130),
(5772, 0, '221', 220, 1, 13, 1, 591, 6, 1, '2014-07-18 01:30:03', 130),
(5773, 0, '221', 220, 1, 14, 1, 150, 6, 1, '2014-07-18 01:30:03', 130),
(5774, 0, '221', 220, 1, 14, 1, 151, 7, 1, '2014-07-18 01:30:03', 130),
(5775, 0, '221', 220, 1, 14, 1, 152, 8, 1, '2014-07-18 01:30:03', 130),
(5776, 0, '221', 220, 1, 14, 1, 153, 9, 1, '2014-07-18 01:30:03', 130),
(5777, 0, '221', 220, 1, 14, 1, 154, 10, 1, '2014-07-18 01:30:03', 130),
(5778, 0, '221', 220, 1, 14, 1, 155, 11, 1, '2014-07-18 01:30:03', 130),
(5779, 0, '221', 220, 1, 14, 1, 156, 12, 1, '2014-07-18 01:30:03', 130),
(5780, 0, '221', 220, 1, 14, 1, 157, 13, 1, '2014-07-18 01:30:04', 130),
(5781, 0, '221', 220, 1, 14, 1, 158, 14, 1, '2014-07-18 01:30:04', 130),
(5782, 0, '221', 220, 1, 15, 1, 263, 9, 1, '2014-07-18 01:30:04', 130),
(5783, 0, '221', 220, 1, 15, 1, 264, 10, 1, '2014-07-18 01:30:04', 130),
(5784, 0, '221', 220, 1, 15, 1, 265, 11, 1, '2014-07-18 01:30:04', 130),
(5785, 0, '221', 220, 1, 15, 1, 266, 12, 1, '2014-07-18 01:30:04', 130),
(5786, 0, '221', 220, 1, 15, 1, 267, 13, 1, '2014-07-18 01:30:04', 130),
(5787, 0, '221', 220, 1, 15, 1, 268, 14, 1, '2014-07-18 01:30:04', 130),
(5788, 0, '221', 220, 1, 15, 1, 269, 17, 1, '2014-07-18 01:30:04', 130),
(5789, 0, '221', 220, 1, 15, 1, 270, 18, 1, '2014-07-18 01:30:04', 130),
(5790, 0, '221', 220, 1, 15, 1, 271, 20, 1, '2014-07-18 01:30:04', 130),
(5791, 0, '221', 220, 1, 15, 1, 272, 21, 1, '2014-07-18 01:30:04', 130),
(5792, 0, '221', 220, 1, 15, 1, 273, 22, 1, '2014-07-18 01:30:04', 130),
(5793, 0, '221', 220, 1, 15, 1, 274, 23, 1, '2014-07-18 01:30:04', 130),
(5794, 0, '221', 220, 1, 15, 1, 275, 24, 1, '2014-07-18 01:30:04', 130),
(5795, 0, '221', 220, 1, 15, 1, 276, 26, 1, '2014-07-18 01:30:04', 130),
(5796, 0, '221', 220, 1, 15, 1, 277, 27, 1, '2014-07-18 01:30:04', 130),
(5797, 0, '221', 220, 1, 15, 1, 278, 28, 1, '2014-07-18 01:30:04', 130),
(5798, 0, '221', 220, 1, 15, 1, 279, 29, 1, '2014-07-18 01:30:04', 130),
(5799, 0, '221', 220, 1, 15, 1, 280, 30, 1, '2014-07-18 01:30:04', 130),
(5800, 0, '221', 220, 1, 15, 1, 281, 31, 1, '2014-07-18 01:30:04', 130),
(5801, 0, '221', 220, 1, 15, 1, 282, 32, 1, '2014-07-18 01:30:04', 130),
(5802, 0, '221', 220, 1, 15, 1, 283, 33, 1, '2014-07-18 01:30:04', 130),
(5803, 0, '221', 220, 1, 15, 1, 284, 34, 1, '2014-07-18 01:30:04', 130),
(5804, 0, '221', 220, 1, 15, 1, 285, 35, 1, '2014-07-18 01:30:04', 130),
(5805, 0, '221', 220, 1, 15, 1, 286, 36, 1, '2014-07-18 01:30:04', 130),
(5806, 0, '221', 220, 1, 15, 1, 287, 37, 1, '2014-07-18 01:30:04', 130),
(5807, 0, '221', 220, 1, 15, 1, 288, 38, 1, '2014-07-18 01:30:04', 130),
(5808, 0, '221', 220, 1, 15, 1, 289, 39, 1, '2014-07-18 01:30:04', 130),
(5809, 0, '221', 220, 1, 15, 1, 290, 40, 1, '2014-07-18 01:30:04', 130),
(5810, 0, '221', 220, 1, 15, 1, 291, 41, 1, '2014-07-18 01:30:04', 130),
(5811, 0, '221', 220, 1, 15, 1, 292, 42, 1, '2014-07-18 01:30:04', 130),
(5812, 0, '221', 220, 1, 16, 1, 140, 4, 1, '2014-07-18 01:30:04', 130),
(5813, 0, '221', 220, 1, 16, 1, 141, 5, 1, '2014-07-18 01:30:04', 130),
(5814, 0, '221', 220, 1, 16, 1, 142, 6, 1, '2014-07-18 01:30:04', 130),
(5815, 0, '221', 220, 1, 16, 1, 143, 7, 1, '2014-07-18 01:30:05', 130),
(5816, 0, '221', 220, 1, 16, 1, 144, 9, 1, '2014-07-18 01:30:05', 130),
(5817, 0, '221', 220, 1, 16, 1, 145, 10, 1, '2014-07-18 01:30:05', 130),
(5818, 0, '221', 220, 1, 16, 1, 146, 12, 1, '2014-07-18 01:30:05', 130),
(5819, 0, '221', 220, 1, 16, 1, 147, 13, 1, '2014-07-18 01:30:05', 130),
(5820, 0, '221', 220, 1, 16, 1, 148, 14, 1, '2014-07-18 01:30:05', 130),
(5821, 0, '221', 220, 1, 16, 1, 149, 15, 1, '2014-07-18 01:30:05', 130),
(5822, 0, '221', 220, 1, 16, 1, 150, 16, 1, '2014-07-18 01:30:05', 130),
(5823, 0, '221', 220, 1, 16, 1, 151, 17, 1, '2014-07-18 01:30:05', 130),
(5824, 0, '221', 220, 1, 16, 1, 152, 18, 1, '2014-07-18 01:30:05', 130),
(5825, 0, '221', 220, 1, 16, 1, 153, 19, 1, '2014-07-18 01:30:05', 130),
(5826, 0, '221', 220, 1, 16, 1, 154, 20, 1, '2014-07-18 01:30:05', 130),
(5827, 0, '221', 220, 1, 17, 1, 90, 7, 1, '2014-07-18 01:30:05', 130),
(5828, 0, '221', 220, 1, 18, 1, 71, 8, 1, '2014-07-18 01:30:05', 130),
(5829, 0, '221', 220, 1, 18, 1, 72, 7, 1, '2014-07-18 01:30:05', 130),
(5830, 5, '221', 220, 1, 5, 3, 1004, 1, 0, '2014-07-18 01:30:58', 130),
(5831, 138, '215', 216, 1, 9, 1, 1157, 17, 1, '2014-07-18 04:51:32', 142),
(5832, 139, '215', 216, 1, 9, 2, 1158, 14, 1, '2014-07-18 04:53:21', 142),
(5833, 140, '215', 216, 1, 9, 2, 1159, 6, 1, '2014-07-18 04:57:04', 142),
(5834, 141, '215', 216, 1, 10, 1, 569, 11, 0, '2014-07-18 06:06:54', 142),
(5835, 142, '215', 216, 1, 8, 1, 732, 13, 1, '2014-07-18 05:10:11', 142),
(5836, 143, '215', 216, 1, 9, 1, 1160, 18, 0, '2014-07-18 05:11:18', 142),
(5837, 144, '215', 216, 1, 9, 2, 1161, 18, 1, '2014-07-18 05:11:18', 142),
(5838, 145, '215', 216, 1, 9, 2, 1162, 8, 1, '2014-07-18 05:27:43', 142),
(5839, 146, '215', 216, 1, 4, 1, 334, 6, 0, '2014-07-24 01:44:04', 142),
(5840, 0, '222', 216, 1, 1, 1, 214, 1, 1, '2014-07-18 05:37:46', 142),
(5841, 0, '222', 216, 1, 2, 1, 156, 4, 1, '2014-07-18 05:37:46', 142),
(5842, 0, '222', 216, 1, 2, 1, 157, 5, 1, '2014-07-18 05:37:46', 142),
(5843, 0, '222', 216, 1, 2, 1, 158, 7, 1, '2014-07-18 05:37:46', 142),
(5844, 0, '222', 216, 1, 3, 1, 190, 1, 1, '2014-07-18 05:37:46', 142),
(5845, 0, '222', 216, 1, 3, 1, 191, 2, 1, '2014-07-18 05:37:46', 142),
(5846, 0, '222', 216, 1, 3, 1, 192, 3, 1, '2014-07-18 05:37:46', 142),
(5847, 0, '222', 216, 1, 3, 1, 193, 4, 1, '2014-07-18 05:37:46', 142),
(5848, 0, '222', 216, 1, 3, 1, 194, 5, 1, '2014-07-18 05:37:46', 142),
(5849, 0, '222', 216, 1, 3, 1, 195, 6, 1, '2014-07-18 05:37:46', 142),
(5850, 0, '222', 216, 1, 3, 1, 196, 7, 1, '2014-07-18 05:37:46', 142),
(5851, 0, '222', 216, 1, 3, 1, 197, 8, 1, '2014-07-18 05:37:46', 142),
(5852, 0, '222', 216, 1, 3, 1, 198, 9, 1, '2014-07-18 05:37:46', 142),
(5853, 0, '222', 216, 1, 3, 1, 199, 10, 1, '2014-07-18 05:37:46', 142),
(5854, 0, '222', 216, 1, 3, 1, 200, 11, 1, '2014-07-18 05:37:46', 142),
(5855, 0, '222', 216, 1, 4, 1, 335, 1, 1, '2014-07-18 05:37:46', 142),
(5856, 0, '222', 216, 1, 4, 1, 336, 5, 1, '2014-07-18 05:37:46', 142),
(5857, 0, '222', 216, 1, 4, 1, 337, 4, 1, '2014-07-18 05:37:46', 142),
(5858, 0, '222', 216, 1, 4, 1, 338, 6, 1, '2014-07-18 05:37:46', 142),
(5859, 0, '222', 216, 1, 5, 1, 1006, 5, 1, '2014-07-18 05:37:46', 142),
(5860, 0, '222', 216, 1, 5, 1, 1007, 1, 1, '2014-07-18 05:37:46', 142),
(5861, 0, '222', 216, 1, 5, 1, 1008, 6, 1, '2014-07-18 05:37:46', 142),
(5862, 0, '222', 216, 1, 6, 1, 125, 1, 1, '2014-07-18 05:37:46', 142),
(5863, 0, '222', 216, 1, 6, 1, 126, 2, 1, '2014-07-18 05:37:46', 142),
(5864, 0, '222', 216, 1, 6, 1, 127, 3, 1, '2014-07-18 05:37:46', 142),
(5865, 0, '222', 216, 1, 6, 1, 128, 4, 1, '2014-07-18 05:37:46', 142),
(5866, 0, '222', 216, 1, 7, 1, 162, 1, 1, '2014-07-18 05:37:46', 142),
(5867, 0, '222', 216, 1, 7, 1, 163, 3, 1, '2014-07-18 05:37:46', 142),
(5868, 0, '222', 216, 1, 7, 1, 164, 4, 1, '2014-07-18 05:37:46', 142),
(5869, 0, '222', 216, 1, 7, 1, 165, 5, 1, '2014-07-18 05:37:46', 142),
(5870, 0, '222', 216, 1, 7, 1, 166, 2, 1, '2014-07-18 05:37:46', 142),
(5871, 0, '222', 216, 1, 7, 1, 167, 6, 1, '2014-07-18 05:37:46', 142),
(5872, 0, '222', 216, 1, 7, 1, 168, 7, 1, '2014-07-18 05:37:46', 142),
(5873, 0, '222', 216, 1, 7, 1, 169, 8, 1, '2014-07-18 05:37:46', 142),
(5874, 0, '222', 216, 1, 7, 1, 170, 9, 1, '2014-07-18 05:37:46', 142),
(5875, 0, '222', 216, 1, 7, 1, 171, 10, 1, '2014-07-18 05:37:46', 142),
(5876, 0, '222', 216, 1, 7, 1, 172, 11, 1, '2014-07-18 05:37:46', 142),
(5877, 0, '222', 216, 1, 7, 1, 173, 12, 1, '2014-07-18 05:37:46', 142),
(5878, 0, '222', 216, 1, 8, 1, 733, 1, 1, '2014-07-18 05:37:46', 142);
INSERT INTO `version` (`id`, `number`, `release`, `project_id`, `status`, `object`, `action`, `foreign_key`, `foreign_id`, `active`, `create_date`, `create_user`) VALUES
(5879, 0, '222', 216, 1, 8, 1, 734, 4, 1, '2014-07-18 05:37:46', 142),
(5880, 0, '222', 216, 1, 8, 1, 735, 5, 1, '2014-07-18 05:37:46', 142),
(5881, 0, '222', 216, 1, 8, 1, 736, 6, 1, '2014-07-18 05:37:46', 142),
(5882, 0, '222', 216, 1, 8, 1, 737, 7, 1, '2014-07-18 05:37:46', 142),
(5883, 0, '222', 216, 1, 8, 1, 738, 8, 1, '2014-07-18 05:37:46', 142),
(5884, 0, '222', 216, 1, 8, 1, 739, 9, 1, '2014-07-18 05:37:46', 142),
(5885, 0, '222', 216, 1, 8, 1, 740, 10, 1, '2014-07-18 05:37:46', 142),
(5886, 0, '222', 216, 1, 8, 1, 741, 11, 1, '2014-07-18 05:37:47', 142),
(5887, 0, '222', 216, 1, 8, 1, 742, 12, 1, '2014-07-18 05:37:47', 142),
(5888, 0, '222', 216, 1, 8, 1, 743, 13, 1, '2014-07-18 05:37:47', 142),
(5889, 0, '222', 216, 1, 9, 1, 1163, 7, 1, '2014-07-18 05:37:47', 142),
(5890, 0, '222', 216, 1, 9, 1, 1164, 1, 1, '2014-07-18 05:37:47', 142),
(5891, 0, '222', 216, 1, 9, 1, 1165, 11, 1, '2014-07-18 05:37:47', 142),
(5892, 0, '222', 216, 1, 9, 1, 1166, 12, 1, '2014-07-18 05:37:47', 142),
(5893, 0, '222', 216, 1, 9, 1, 1167, 13, 1, '2014-07-18 05:37:47', 142),
(5894, 0, '222', 216, 1, 9, 1, 1168, 9, 1, '2014-07-18 05:37:47', 142),
(5895, 0, '222', 216, 1, 9, 1, 1169, 4, 1, '2014-07-18 05:37:47', 142),
(5896, 0, '222', 216, 1, 9, 1, 1170, 5, 1, '2014-07-18 05:37:47', 142),
(5897, 0, '222', 216, 1, 9, 1, 1171, 16, 1, '2014-07-18 05:37:47', 142),
(5898, 0, '222', 216, 1, 9, 1, 1172, 15, 1, '2014-07-18 05:37:47', 142),
(5899, 0, '222', 216, 1, 9, 1, 1173, 17, 1, '2014-07-18 05:37:47', 142),
(5900, 0, '222', 216, 1, 9, 1, 1174, 14, 1, '2014-07-18 05:37:47', 142),
(5901, 0, '222', 216, 1, 9, 1, 1175, 6, 1, '2014-07-18 05:37:47', 142),
(5902, 0, '222', 216, 1, 9, 1, 1176, 18, 1, '2014-07-18 05:37:47', 142),
(5903, 0, '222', 216, 1, 9, 1, 1177, 8, 1, '2014-07-18 05:37:47', 142),
(5904, 0, '222', 216, 1, 10, 1, 570, 1, 1, '2014-07-18 05:37:47', 142),
(5905, 0, '222', 216, 1, 10, 1, 571, 4, 1, '2014-07-18 05:37:47', 142),
(5906, 0, '222', 216, 1, 10, 1, 572, 5, 1, '2014-07-18 05:37:47', 142),
(5907, 0, '222', 216, 1, 10, 1, 573, 6, 1, '2014-07-18 05:37:47', 142),
(5908, 0, '222', 216, 1, 10, 1, 574, 8, 1, '2014-07-18 05:37:47', 142),
(5909, 0, '222', 216, 1, 10, 1, 575, 9, 1, '2014-07-18 05:37:47', 142),
(5910, 0, '222', 216, 1, 10, 1, 576, 7, 1, '2014-07-18 05:37:47', 142),
(5911, 0, '222', 216, 1, 10, 1, 577, 10, 1, '2014-07-18 05:37:47', 142),
(5912, 0, '222', 216, 1, 10, 1, 578, 11, 1, '2014-07-18 05:37:47', 142),
(5913, 0, '222', 216, 1, 11, 1, 102, 1, 1, '2014-07-18 05:37:47', 142),
(5914, 0, '222', 216, 1, 12, 1, 387, 5, 1, '2014-07-18 05:37:47', 142),
(5915, 0, '222', 216, 1, 12, 1, 388, 6, 1, '2014-07-18 05:37:47', 142),
(5916, 0, '222', 216, 1, 12, 1, 389, 4, 1, '2014-07-18 05:37:47', 142),
(5917, 0, '222', 216, 1, 12, 1, 390, 7, 1, '2014-07-18 05:37:47', 142),
(5918, 0, '222', 216, 1, 12, 1, 391, 8, 1, '2014-07-18 05:37:47', 142),
(5919, 0, '222', 216, 1, 13, 1, 592, 1, 1, '2014-07-18 05:37:47', 142),
(5920, 0, '222', 216, 1, 13, 1, 593, 3, 1, '2014-07-18 05:37:47', 142),
(5921, 0, '222', 216, 1, 13, 1, 594, 7, 1, '2014-07-18 05:37:47', 142),
(5922, 0, '222', 216, 1, 14, 1, 159, 4, 1, '2014-07-18 05:37:47', 142),
(5923, 0, '222', 216, 1, 14, 1, 160, 5, 1, '2014-07-18 05:37:47', 142),
(5924, 0, '222', 216, 1, 14, 1, 161, 6, 1, '2014-07-18 05:37:47', 142),
(5925, 0, '222', 216, 1, 14, 1, 162, 7, 1, '2014-07-18 05:37:47', 142),
(5926, 0, '222', 216, 1, 14, 1, 163, 9, 1, '2014-07-18 05:37:48', 142),
(5927, 0, '222', 216, 1, 15, 1, 293, 4, 1, '2014-07-18 05:37:48', 142),
(5928, 0, '222', 216, 1, 15, 1, 294, 5, 1, '2014-07-18 05:37:48', 142),
(5929, 0, '222', 216, 1, 15, 1, 295, 6, 1, '2014-07-18 05:37:48', 142),
(5930, 0, '222', 216, 1, 15, 1, 296, 7, 1, '2014-07-18 05:37:48', 142),
(5931, 0, '222', 216, 1, 15, 1, 297, 8, 1, '2014-07-18 05:37:48', 142),
(5932, 0, '222', 216, 1, 15, 1, 298, 9, 1, '2014-07-18 05:37:48', 142),
(5933, 0, '222', 216, 1, 15, 1, 299, 10, 1, '2014-07-18 05:37:48', 142),
(5934, 0, '222', 216, 1, 15, 1, 300, 11, 1, '2014-07-18 05:37:48', 142),
(5935, 0, '222', 216, 1, 15, 1, 301, 12, 1, '2014-07-18 05:37:48', 142),
(5936, 0, '222', 216, 1, 15, 1, 302, 13, 1, '2014-07-18 05:37:48', 142),
(5937, 0, '222', 216, 1, 17, 1, 91, 1, 1, '2014-07-18 05:37:48', 142),
(5938, 0, '222', 216, 1, 18, 1, 73, 1, 1, '2014-07-18 05:37:48', 142),
(5939, 0, '222', 216, 1, 18, 1, 74, 2, 1, '2014-07-18 05:37:48', 142),
(5940, 0, '222', 216, 1, 18, 1, 75, 3, 1, '2014-07-18 05:37:48', 142),
(5941, 147, '215', 216, 1, 12, 1, 392, 9, 0, '2014-07-18 05:43:56', 142),
(5942, 148, '215', 216, 1, 15, 1, 303, 14, 1, '2014-07-18 05:43:13', 142),
(5943, 149, '215', 216, 1, 12, 2, 393, 9, 1, '2014-07-18 05:43:56', 142),
(5944, 150, '215', 216, 1, 5, 1, 1009, 7, 1, '2014-07-18 06:06:38', 142),
(5945, 151, '215', 216, 1, 10, 3, 569, 11, 0, '2014-07-18 06:06:54', 142),
(5946, 152, '215', 216, 1, 10, 1, 579, 12, 1, '2014-07-18 06:07:49', 142),
(5947, 153, '215', 216, 1, 8, 1, 744, 14, 1, '2014-07-18 06:07:49', 142),
(5948, 154, '215', 216, 1, 9, 1, 1178, 19, 0, '2014-07-18 06:10:23', 142),
(5949, 155, '215', 216, 1, 9, 2, 1179, 19, 0, '2014-07-24 06:03:32', 142),
(5950, 156, '215', 216, 1, 9, 1, 1180, 20, 0, '2014-07-18 06:11:40', 142),
(5951, 157, '215', 216, 1, 9, 2, 1181, 20, 0, '2014-07-24 06:17:03', 142),
(5952, 182, '219', 219, 1, 9, 2, 1182, 8, 1, '2014-07-21 06:32:05', 121),
(5953, 183, '219', 219, 1, 14, 1, 164, 12, 1, '2014-07-21 06:32:05', 121),
(5954, 184, '219', 219, 1, 2, 1, 159, 5, 1, '2014-07-21 06:32:05', 121),
(5955, 185, '219', 219, 1, 14, 1, 165, 13, 1, '2014-07-21 06:32:05', 121),
(5956, 186, '219', 219, 1, 15, 1, 304, 40, 1, '2014-07-21 06:32:05', 121),
(5957, 187, '219', 219, 1, 9, 2, 1183, 4, 1, '2014-07-21 06:36:01', 121),
(5958, 188, '219', 219, 1, 12, 1, 394, 24, 1, '2014-07-21 06:36:01', 121),
(5959, 189, '219', 219, 1, 15, 1, 305, 41, 1, '2014-07-21 06:36:01', 121),
(5960, 190, '219', 219, 1, 15, 1, 306, 42, 1, '2014-07-21 06:36:01', 121),
(5961, 158, '215', 216, 1, 10, 1, 580, 13, 0, '2014-07-23 02:06:16', 142),
(5962, 159, '215', 216, 1, 8, 1, 745, 15, 1, '2014-07-23 02:02:34', 142),
(5963, 160, '215', 216, 1, 9, 1, 1184, 21, 0, '2014-07-23 02:04:24', 142),
(5964, 161, '215', 216, 1, 12, 1, 395, 10, 1, '2014-07-23 02:03:44', 142),
(5965, 162, '215', 216, 1, 15, 1, 307, 15, 1, '2014-07-23 02:03:44', 142),
(5966, 163, '215', 216, 1, 1, 1, 215, 2, 1, '2014-07-23 02:04:07', 142),
(5967, 164, '215', 216, 1, 16, 1, 155, 1, 1, '2014-07-23 02:04:07', 142),
(5968, 165, '215', 216, 1, 9, 2, 1185, 21, 0, '2014-07-23 02:05:28', 142),
(5969, 166, '215', 216, 1, 9, 2, 1186, 21, 0, '2014-07-24 05:58:42', 142),
(5970, 167, '215', 216, 1, 10, 2, 581, 13, 1, '2014-07-23 02:06:16', 142),
(5971, 168, '215', 216, 1, 10, 1, 582, 14, 1, '2014-07-23 04:07:53', 142),
(5972, 169, '215', 216, 1, 8, 1, 746, 16, 1, '2014-07-23 04:07:53', 142),
(5973, 170, '215', 216, 1, 9, 1, 1187, 22, 1, '2014-07-23 04:07:53', 142),
(5974, 171, '215', 216, 1, 10, 1, 583, 15, 1, '2014-07-23 04:09:24', 142),
(5975, 172, '215', 216, 1, 8, 1, 747, 17, 1, '2014-07-23 04:09:24', 142),
(5976, 173, '215', 216, 1, 9, 1, 1188, 23, 1, '2014-07-23 04:09:24', 142),
(5977, 307, '203', 208, 1, 12, 2, 396, 14, 0, '2014-07-23 22:51:15', 121),
(5978, 308, '203', 208, 1, 11, 1, 103, 17, 1, '2014-07-23 22:51:15', 121),
(5979, 309, '203', 208, 1, 12, 2, 397, 14, 1, '2014-07-23 22:51:15', 121),
(5980, 174, '215', 216, 1, 4, 2, 339, 6, 0, '2014-07-24 01:44:47', 121),
(5981, 175, '215', 216, 1, 4, 2, 340, 6, 0, '2014-07-24 01:45:00', 121),
(5982, 176, '215', 216, 1, 4, 2, 341, 6, 1, '2014-07-24 01:45:00', 121),
(5983, 177, '215', 216, 1, 7, 1, 174, 13, 1, '2014-07-24 05:48:09', 142),
(5984, 178, '215', 216, 1, 7, 1, 175, 14, 1, '2014-07-24 05:54:44', 142),
(5985, 179, '215', 216, 1, 7, 1, 176, 15, 1, '2014-07-24 05:57:08', 142),
(5986, 180, '215', 216, 1, 1, 1, 216, 3, 1, '2014-07-24 05:58:03', 142),
(5987, 181, '215', 216, 1, 16, 1, 156, 2, 1, '2014-07-24 05:58:03', 142),
(5988, 182, '215', 216, 1, 9, 2, 1189, 21, 1, '2014-07-24 05:58:42', 142),
(5989, 183, '215', 216, 1, 9, 2, 1190, 19, 0, '2014-07-24 06:04:15', 142),
(5990, 184, '215', 216, 1, 12, 1, 398, 11, 1, '2014-07-24 06:03:32', 142),
(5991, 185, '215', 216, 1, 15, 1, 308, 16, 1, '2014-07-24 06:03:32', 142),
(5992, 186, '215', 216, 1, 9, 2, 1191, 19, 0, '2014-07-24 06:12:56', 142),
(5993, 187, '215', 216, 1, 15, 1, 309, 17, 1, '2014-07-24 06:04:15', 142),
(5994, 188, '215', 216, 1, 4, 2, 342, 4, 1, '2014-07-24 06:06:26', 142),
(5995, 189, '215', 216, 1, 9, 2, 1192, 19, 1, '2014-07-24 06:12:56', 142),
(5996, 190, '215', 216, 1, 12, 1, 399, 12, 1, '2014-07-24 06:12:56', 142),
(5997, 191, '215', 216, 1, 15, 1, 310, 18, 1, '2014-07-24 06:12:56', 142),
(5998, 192, '215', 216, 1, 15, 1, 311, 19, 1, '2014-07-24 06:12:56', 142),
(5999, 193, '215', 216, 1, 9, 2, 1193, 20, 1, '2014-07-24 06:17:03', 142),
(6000, 194, '215', 216, 1, 12, 1, 400, 13, 0, '2014-07-24 06:18:22', 142),
(6001, 195, '215', 216, 1, 15, 1, 312, 20, 1, '2014-07-24 06:17:03', 142),
(6002, 196, '215', 216, 1, 12, 2, 401, 13, 1, '2014-07-24 06:18:22', 142),
(6003, 310, '203', 208, 1, 9, 2, 1194, 5, 1, '2014-07-24 09:12:58', 121),
(6004, 311, '203', 208, 1, 15, 1, 313, 26, 1, '2014-07-24 09:12:58', 121),
(6005, 0, '223', 216, 1, 1, 1, 217, 1, 1, '2014-07-24 23:50:28', 121),
(6006, 0, '223', 216, 1, 1, 1, 218, 2, 1, '2014-07-24 23:50:28', 121),
(6007, 0, '223', 216, 1, 1, 1, 219, 3, 1, '2014-07-24 23:50:28', 121),
(6008, 0, '223', 216, 1, 2, 1, 160, 4, 1, '2014-07-24 23:50:28', 121),
(6009, 0, '223', 216, 1, 2, 1, 161, 5, 1, '2014-07-24 23:50:28', 121),
(6010, 0, '223', 216, 1, 2, 1, 162, 7, 1, '2014-07-24 23:50:28', 121),
(6011, 0, '223', 216, 1, 3, 1, 201, 1, 1, '2014-07-24 23:50:28', 121),
(6012, 0, '223', 216, 1, 3, 1, 202, 2, 1, '2014-07-24 23:50:28', 121),
(6013, 0, '223', 216, 1, 3, 1, 203, 3, 1, '2014-07-24 23:50:28', 121),
(6014, 0, '223', 216, 1, 3, 1, 204, 4, 1, '2014-07-24 23:50:28', 121),
(6015, 0, '223', 216, 1, 3, 1, 205, 5, 1, '2014-07-24 23:50:28', 121),
(6016, 0, '223', 216, 1, 3, 1, 206, 6, 1, '2014-07-24 23:50:28', 121),
(6017, 0, '223', 216, 1, 3, 1, 207, 7, 1, '2014-07-24 23:50:28', 121),
(6018, 0, '223', 216, 1, 3, 1, 208, 8, 1, '2014-07-24 23:50:28', 121),
(6019, 0, '223', 216, 1, 3, 1, 209, 9, 1, '2014-07-24 23:50:28', 121),
(6020, 0, '223', 216, 1, 3, 1, 210, 10, 1, '2014-07-24 23:50:29', 121),
(6021, 0, '223', 216, 1, 3, 1, 211, 11, 1, '2014-07-24 23:50:29', 121),
(6022, 0, '223', 216, 1, 4, 1, 343, 1, 1, '2014-07-24 23:50:29', 121),
(6023, 0, '223', 216, 1, 4, 1, 344, 5, 1, '2014-07-24 23:50:29', 121),
(6024, 0, '223', 216, 1, 4, 1, 345, 6, 1, '2014-07-24 23:50:29', 121),
(6025, 0, '223', 216, 1, 4, 1, 346, 4, 1, '2014-07-24 23:50:29', 121),
(6026, 0, '223', 216, 1, 5, 1, 1010, 5, 1, '2014-07-24 23:50:29', 121),
(6027, 0, '223', 216, 1, 5, 1, 1011, 1, 1, '2014-07-24 23:50:29', 121),
(6028, 0, '223', 216, 1, 5, 1, 1012, 6, 1, '2014-07-24 23:50:29', 121),
(6029, 0, '223', 216, 1, 5, 1, 1013, 7, 1, '2014-07-24 23:50:29', 121),
(6030, 0, '223', 216, 1, 6, 1, 129, 1, 1, '2014-07-24 23:50:29', 121),
(6031, 0, '223', 216, 1, 6, 1, 130, 2, 1, '2014-07-24 23:50:29', 121),
(6032, 0, '223', 216, 1, 6, 1, 131, 3, 1, '2014-07-24 23:50:29', 121),
(6033, 0, '223', 216, 1, 6, 1, 132, 4, 1, '2014-07-24 23:50:29', 121),
(6034, 0, '223', 216, 1, 7, 1, 177, 1, 1, '2014-07-24 23:50:29', 121),
(6035, 0, '223', 216, 1, 7, 1, 178, 3, 1, '2014-07-24 23:50:29', 121),
(6036, 0, '223', 216, 1, 7, 1, 179, 4, 1, '2014-07-24 23:50:29', 121),
(6037, 0, '223', 216, 1, 7, 1, 180, 5, 1, '2014-07-24 23:50:29', 121),
(6038, 0, '223', 216, 1, 7, 1, 181, 2, 1, '2014-07-24 23:50:29', 121),
(6039, 0, '223', 216, 1, 7, 1, 182, 6, 1, '2014-07-24 23:50:29', 121),
(6040, 0, '223', 216, 1, 7, 1, 183, 7, 1, '2014-07-24 23:50:29', 121),
(6041, 0, '223', 216, 1, 7, 1, 184, 8, 1, '2014-07-24 23:50:29', 121),
(6042, 0, '223', 216, 1, 7, 1, 185, 9, 1, '2014-07-24 23:50:29', 121),
(6043, 0, '223', 216, 1, 7, 1, 186, 10, 1, '2014-07-24 23:50:29', 121),
(6044, 0, '223', 216, 1, 7, 1, 187, 11, 1, '2014-07-24 23:50:29', 121),
(6045, 0, '223', 216, 1, 7, 1, 188, 12, 1, '2014-07-24 23:50:29', 121),
(6046, 0, '223', 216, 1, 7, 1, 189, 13, 1, '2014-07-24 23:50:29', 121),
(6047, 0, '223', 216, 1, 7, 1, 190, 14, 1, '2014-07-24 23:50:29', 121),
(6048, 0, '223', 216, 1, 7, 1, 191, 15, 1, '2014-07-24 23:50:29', 121),
(6049, 0, '223', 216, 1, 8, 1, 748, 1, 1, '2014-07-24 23:50:29', 121),
(6050, 0, '223', 216, 1, 8, 1, 749, 4, 1, '2014-07-24 23:50:29', 121),
(6051, 0, '223', 216, 1, 8, 1, 750, 5, 1, '2014-07-24 23:50:29', 121),
(6052, 0, '223', 216, 1, 8, 1, 751, 6, 1, '2014-07-24 23:50:29', 121),
(6053, 0, '223', 216, 1, 8, 1, 752, 7, 1, '2014-07-24 23:50:29', 121),
(6054, 0, '223', 216, 1, 8, 1, 753, 8, 1, '2014-07-24 23:50:29', 121),
(6055, 0, '223', 216, 1, 8, 1, 754, 9, 1, '2014-07-24 23:50:30', 121),
(6056, 0, '223', 216, 1, 8, 1, 755, 10, 1, '2014-07-24 23:50:30', 121),
(6057, 0, '223', 216, 1, 8, 1, 756, 11, 1, '2014-07-24 23:50:30', 121),
(6058, 0, '223', 216, 1, 8, 1, 757, 12, 1, '2014-07-24 23:50:30', 121),
(6059, 0, '223', 216, 1, 8, 1, 758, 13, 1, '2014-07-24 23:50:30', 121),
(6060, 0, '223', 216, 1, 8, 1, 759, 14, 1, '2014-07-24 23:50:30', 121),
(6061, 0, '223', 216, 1, 8, 1, 760, 15, 1, '2014-07-24 23:50:30', 121),
(6062, 0, '223', 216, 1, 8, 1, 761, 16, 1, '2014-07-24 23:50:30', 121),
(6063, 0, '223', 216, 1, 8, 1, 762, 17, 1, '2014-07-24 23:50:30', 121),
(6064, 0, '223', 216, 1, 9, 1, 1195, 7, 1, '2014-07-24 23:50:30', 121),
(6065, 0, '223', 216, 1, 9, 1, 1196, 1, 1, '2014-07-24 23:50:30', 121),
(6066, 0, '223', 216, 1, 9, 1, 1197, 11, 1, '2014-07-24 23:50:30', 121),
(6067, 0, '223', 216, 1, 9, 1, 1198, 12, 1, '2014-07-24 23:50:30', 121),
(6068, 0, '223', 216, 1, 9, 1, 1199, 13, 1, '2014-07-24 23:50:30', 121),
(6069, 0, '223', 216, 1, 9, 1, 1200, 9, 1, '2014-07-24 23:50:30', 121),
(6070, 0, '223', 216, 1, 9, 1, 1201, 4, 1, '2014-07-24 23:50:30', 121),
(6071, 0, '223', 216, 1, 9, 1, 1202, 5, 1, '2014-07-24 23:50:30', 121),
(6072, 0, '223', 216, 1, 9, 1, 1203, 16, 1, '2014-07-24 23:50:30', 121),
(6073, 0, '223', 216, 1, 9, 1, 1204, 15, 1, '2014-07-24 23:50:30', 121),
(6074, 0, '223', 216, 1, 9, 1, 1205, 17, 1, '2014-07-24 23:50:30', 121),
(6075, 0, '223', 216, 1, 9, 1, 1206, 14, 1, '2014-07-24 23:50:30', 121),
(6076, 0, '223', 216, 1, 9, 1, 1207, 6, 1, '2014-07-24 23:50:30', 121),
(6077, 0, '223', 216, 1, 9, 1, 1208, 18, 1, '2014-07-24 23:50:30', 121),
(6078, 0, '223', 216, 1, 9, 1, 1209, 8, 1, '2014-07-24 23:50:30', 121),
(6079, 0, '223', 216, 1, 9, 1, 1210, 22, 1, '2014-07-24 23:50:30', 121),
(6080, 0, '223', 216, 1, 9, 1, 1211, 23, 1, '2014-07-24 23:50:30', 121),
(6081, 0, '223', 216, 1, 9, 1, 1212, 21, 1, '2014-07-24 23:50:30', 121),
(6082, 0, '223', 216, 1, 9, 1, 1213, 19, 1, '2014-07-24 23:50:30', 121),
(6083, 0, '223', 216, 1, 9, 1, 1214, 20, 1, '2014-07-24 23:50:30', 121),
(6084, 0, '223', 216, 1, 10, 1, 584, 1, 1, '2014-07-24 23:50:30', 121),
(6085, 0, '223', 216, 1, 10, 1, 585, 4, 1, '2014-07-24 23:50:30', 121),
(6086, 0, '223', 216, 1, 10, 1, 586, 5, 1, '2014-07-24 23:50:31', 121),
(6087, 0, '223', 216, 1, 10, 1, 587, 6, 1, '2014-07-24 23:50:31', 121),
(6088, 0, '223', 216, 1, 10, 1, 588, 8, 1, '2014-07-24 23:50:31', 121),
(6089, 0, '223', 216, 1, 10, 1, 589, 9, 1, '2014-07-24 23:50:31', 121),
(6090, 0, '223', 216, 1, 10, 1, 590, 7, 1, '2014-07-24 23:50:31', 121),
(6091, 0, '223', 216, 1, 10, 1, 591, 10, 1, '2014-07-24 23:50:31', 121),
(6092, 0, '223', 216, 1, 10, 1, 592, 12, 1, '2014-07-24 23:50:31', 121),
(6093, 0, '223', 216, 1, 10, 1, 593, 13, 1, '2014-07-24 23:50:31', 121),
(6094, 0, '223', 216, 1, 10, 1, 594, 14, 1, '2014-07-24 23:50:31', 121),
(6095, 0, '223', 216, 1, 10, 1, 595, 15, 1, '2014-07-24 23:50:31', 121),
(6096, 0, '223', 216, 1, 11, 1, 104, 1, 1, '2014-07-24 23:50:31', 121),
(6097, 0, '223', 216, 1, 12, 1, 402, 5, 1, '2014-07-24 23:50:31', 121),
(6098, 0, '223', 216, 1, 12, 1, 403, 6, 1, '2014-07-24 23:50:31', 121),
(6099, 0, '223', 216, 1, 12, 1, 404, 4, 1, '2014-07-24 23:50:31', 121),
(6100, 0, '223', 216, 1, 12, 1, 405, 7, 1, '2014-07-24 23:50:31', 121),
(6101, 0, '223', 216, 1, 12, 1, 406, 8, 1, '2014-07-24 23:50:31', 121),
(6102, 0, '223', 216, 1, 12, 1, 407, 9, 1, '2014-07-24 23:50:31', 121),
(6103, 0, '223', 216, 1, 12, 1, 408, 10, 1, '2014-07-24 23:50:31', 121),
(6104, 0, '223', 216, 1, 12, 1, 409, 11, 1, '2014-07-24 23:50:31', 121),
(6105, 0, '223', 216, 1, 12, 1, 410, 12, 1, '2014-07-24 23:50:31', 121),
(6106, 0, '223', 216, 1, 12, 1, 411, 13, 1, '2014-07-24 23:50:32', 121),
(6107, 0, '223', 216, 1, 13, 1, 595, 1, 1, '2014-07-24 23:50:32', 121),
(6108, 0, '223', 216, 1, 13, 1, 596, 3, 1, '2014-07-24 23:50:32', 121),
(6109, 0, '223', 216, 1, 13, 1, 597, 7, 1, '2014-07-24 23:50:32', 121),
(6110, 0, '223', 216, 1, 14, 1, 166, 4, 1, '2014-07-24 23:50:32', 121),
(6111, 0, '223', 216, 1, 14, 1, 167, 5, 1, '2014-07-24 23:50:32', 121),
(6112, 0, '223', 216, 1, 14, 1, 168, 6, 1, '2014-07-24 23:50:32', 121),
(6113, 0, '223', 216, 1, 14, 1, 169, 7, 1, '2014-07-24 23:50:32', 121),
(6114, 0, '223', 216, 1, 14, 1, 170, 9, 1, '2014-07-24 23:50:32', 121),
(6115, 0, '223', 216, 1, 15, 1, 314, 4, 1, '2014-07-24 23:50:32', 121),
(6116, 0, '223', 216, 1, 15, 1, 315, 5, 1, '2014-07-24 23:50:32', 121),
(6117, 0, '223', 216, 1, 15, 1, 316, 6, 1, '2014-07-24 23:50:32', 121),
(6118, 0, '223', 216, 1, 15, 1, 317, 7, 1, '2014-07-24 23:50:32', 121),
(6119, 0, '223', 216, 1, 15, 1, 318, 8, 1, '2014-07-24 23:50:32', 121),
(6120, 0, '223', 216, 1, 15, 1, 319, 9, 1, '2014-07-24 23:50:32', 121),
(6121, 0, '223', 216, 1, 15, 1, 320, 10, 1, '2014-07-24 23:50:32', 121),
(6122, 0, '223', 216, 1, 15, 1, 321, 11, 1, '2014-07-24 23:50:32', 121),
(6123, 0, '223', 216, 1, 15, 1, 322, 12, 1, '2014-07-24 23:50:32', 121),
(6124, 0, '223', 216, 1, 15, 1, 323, 13, 1, '2014-07-24 23:50:32', 121),
(6125, 0, '223', 216, 1, 15, 1, 324, 14, 1, '2014-07-24 23:50:33', 121),
(6126, 0, '223', 216, 1, 15, 1, 325, 15, 1, '2014-07-24 23:50:33', 121),
(6127, 0, '223', 216, 1, 15, 1, 326, 16, 1, '2014-07-24 23:50:33', 121),
(6128, 0, '223', 216, 1, 15, 1, 327, 17, 1, '2014-07-24 23:50:33', 121),
(6129, 0, '223', 216, 1, 15, 1, 328, 18, 1, '2014-07-24 23:50:33', 121),
(6130, 0, '223', 216, 1, 15, 1, 329, 19, 1, '2014-07-24 23:50:33', 121),
(6131, 0, '223', 216, 1, 15, 1, 330, 20, 1, '2014-07-24 23:50:33', 121),
(6132, 0, '223', 216, 1, 16, 1, 157, 1, 1, '2014-07-24 23:50:33', 121),
(6133, 0, '223', 216, 1, 16, 1, 158, 2, 1, '2014-07-24 23:50:33', 121),
(6134, 0, '223', 216, 1, 17, 1, 92, 1, 1, '2014-07-24 23:50:33', 121),
(6135, 0, '223', 216, 1, 18, 1, 76, 1, 1, '2014-07-24 23:50:33', 121),
(6136, 0, '223', 216, 1, 18, 1, 77, 2, 1, '2014-07-24 23:50:33', 121),
(6137, 0, '223', 216, 1, 18, 1, 78, 3, 1, '2014-07-24 23:50:33', 121),
(6138, 0, '224', 221, 1, 13, 1, 598, 1, 1, '2014-07-24 23:51:38', 151),
(6139, 1, '224', 221, 1, 13, 1, 599, 2, 0, '2014-07-27 23:46:16', 151),
(6140, 2, '224', 221, 1, 13, 1, 600, 3, 1, '2014-07-24 23:51:38', 151),
(6141, 3, '224', 221, 1, 4, 1, 347, 1, 1, '2014-07-24 23:51:38', 151),
(6142, 4, '224', 221, 1, 5, 1, 1014, 1, 0, '2014-07-24 23:53:47', 151),
(6143, 0, '224', 221, 1, 1, 1, 220, 4, 1, '2014-07-24 23:51:47', 151),
(6144, 0, '224', 221, 1, 1, 1, 221, 5, 1, '2014-07-24 23:51:47', 151),
(6145, 0, '224', 221, 1, 1, 1, 222, 6, 1, '2014-07-24 23:51:47', 151),
(6146, 0, '224', 221, 1, 2, 1, 163, 7, 1, '2014-07-24 23:51:47', 151),
(6147, 0, '224', 221, 1, 2, 1, 164, 8, 1, '2014-07-24 23:51:47', 151),
(6148, 0, '224', 221, 1, 2, 1, 165, 10, 1, '2014-07-24 23:51:47', 151),
(6149, 0, '224', 221, 1, 3, 1, 212, 4, 1, '2014-07-24 23:51:47', 151),
(6150, 0, '224', 221, 1, 3, 1, 213, 5, 1, '2014-07-24 23:51:47', 151),
(6151, 0, '224', 221, 1, 3, 1, 214, 6, 1, '2014-07-24 23:51:48', 151),
(6152, 0, '224', 221, 1, 3, 1, 215, 7, 1, '2014-07-24 23:51:48', 151),
(6153, 0, '224', 221, 1, 3, 1, 216, 8, 1, '2014-07-24 23:51:48', 151),
(6154, 0, '224', 221, 1, 3, 1, 217, 9, 1, '2014-07-24 23:51:48', 151),
(6155, 0, '224', 221, 1, 3, 1, 218, 10, 1, '2014-07-24 23:51:48', 151),
(6156, 0, '224', 221, 1, 3, 1, 219, 11, 1, '2014-07-24 23:51:48', 151),
(6157, 0, '224', 221, 1, 3, 1, 220, 12, 1, '2014-07-24 23:51:48', 151),
(6158, 0, '224', 221, 1, 3, 1, 221, 13, 1, '2014-07-24 23:51:48', 151),
(6159, 0, '224', 221, 1, 3, 1, 222, 14, 1, '2014-07-24 23:51:48', 151),
(6160, 0, '224', 221, 1, 4, 1, 348, 4, 1, '2014-07-24 23:51:48', 151),
(6161, 0, '224', 221, 1, 4, 1, 349, 8, 1, '2014-07-24 23:51:48', 151),
(6162, 0, '224', 221, 1, 4, 1, 350, 9, 1, '2014-07-24 23:51:48', 151),
(6163, 0, '224', 221, 1, 4, 1, 351, 7, 1, '2014-07-24 23:51:48', 151),
(6164, 0, '224', 221, 1, 5, 1, 1015, 8, 1, '2014-07-24 23:51:48', 151),
(6165, 0, '224', 221, 1, 5, 1, 1016, 4, 1, '2014-07-24 23:51:48', 151),
(6166, 0, '224', 221, 1, 5, 1, 1017, 9, 1, '2014-07-24 23:51:48', 151),
(6167, 0, '224', 221, 1, 5, 1, 1018, 10, 1, '2014-07-24 23:51:48', 151),
(6168, 0, '224', 221, 1, 6, 1, 133, 4, 1, '2014-07-24 23:51:48', 151),
(6169, 0, '224', 221, 1, 6, 1, 134, 5, 1, '2014-07-24 23:51:48', 151),
(6170, 0, '224', 221, 1, 6, 1, 135, 6, 1, '2014-07-24 23:51:48', 151),
(6171, 0, '224', 221, 1, 6, 1, 136, 7, 1, '2014-07-24 23:51:48', 151),
(6172, 0, '224', 221, 1, 7, 1, 192, 4, 1, '2014-07-24 23:51:48', 151),
(6173, 0, '224', 221, 1, 7, 1, 193, 6, 1, '2014-07-24 23:51:48', 151),
(6174, 0, '224', 221, 1, 7, 1, 194, 7, 1, '2014-07-24 23:51:48', 151),
(6175, 0, '224', 221, 1, 7, 1, 195, 8, 1, '2014-07-24 23:51:48', 151),
(6176, 0, '224', 221, 1, 7, 1, 196, 5, 1, '2014-07-24 23:51:48', 151),
(6177, 0, '224', 221, 1, 7, 1, 197, 9, 1, '2014-07-24 23:51:49', 151),
(6178, 0, '224', 221, 1, 7, 1, 198, 10, 1, '2014-07-24 23:51:49', 151),
(6179, 0, '224', 221, 1, 7, 1, 199, 11, 1, '2014-07-24 23:51:49', 151),
(6180, 0, '224', 221, 1, 7, 1, 200, 12, 1, '2014-07-24 23:51:49', 151),
(6181, 0, '224', 221, 1, 7, 1, 201, 13, 1, '2014-07-24 23:51:49', 151),
(6182, 0, '224', 221, 1, 7, 1, 202, 14, 1, '2014-07-24 23:51:49', 151),
(6183, 0, '224', 221, 1, 7, 1, 203, 15, 1, '2014-07-24 23:51:49', 151),
(6184, 0, '224', 221, 1, 7, 1, 204, 16, 1, '2014-07-24 23:51:49', 151),
(6185, 0, '224', 221, 1, 7, 1, 205, 17, 1, '2014-07-24 23:51:49', 151),
(6186, 0, '224', 221, 1, 7, 1, 206, 18, 1, '2014-07-24 23:51:49', 151),
(6187, 0, '224', 221, 1, 8, 1, 763, 4, 1, '2014-07-24 23:51:49', 151),
(6188, 0, '224', 221, 1, 8, 1, 764, 7, 1, '2014-07-24 23:51:49', 151),
(6189, 0, '224', 221, 1, 8, 1, 765, 8, 1, '2014-07-24 23:51:49', 151),
(6190, 0, '224', 221, 1, 8, 1, 766, 9, 1, '2014-07-24 23:51:49', 151),
(6191, 0, '224', 221, 1, 8, 1, 767, 10, 1, '2014-07-24 23:51:49', 151),
(6192, 0, '224', 221, 1, 8, 1, 768, 11, 1, '2014-07-24 23:51:49', 151),
(6193, 0, '224', 221, 1, 8, 1, 769, 12, 1, '2014-07-24 23:51:49', 151),
(6194, 0, '224', 221, 1, 8, 1, 770, 13, 1, '2014-07-24 23:51:49', 151),
(6195, 0, '224', 221, 1, 8, 1, 771, 14, 1, '2014-07-24 23:51:49', 151),
(6196, 0, '224', 221, 1, 8, 1, 772, 15, 1, '2014-07-24 23:51:49', 151),
(6197, 0, '224', 221, 1, 8, 1, 773, 16, 1, '2014-07-24 23:51:49', 151),
(6198, 0, '224', 221, 1, 8, 1, 774, 17, 1, '2014-07-24 23:51:49', 151),
(6199, 0, '224', 221, 1, 8, 1, 775, 18, 1, '2014-07-24 23:51:49', 151),
(6200, 0, '224', 221, 1, 8, 1, 776, 19, 1, '2014-07-24 23:51:50', 151),
(6201, 0, '224', 221, 1, 8, 1, 777, 20, 1, '2014-07-24 23:51:50', 151),
(6202, 0, '224', 221, 1, 9, 1, 1215, 10, 1, '2014-07-24 23:51:50', 151),
(6203, 0, '224', 221, 1, 9, 1, 1216, 4, 1, '2014-07-24 23:51:50', 151),
(6204, 0, '224', 221, 1, 9, 1, 1217, 14, 1, '2014-07-24 23:51:50', 151),
(6205, 0, '224', 221, 1, 9, 1, 1218, 15, 1, '2014-07-24 23:51:50', 151),
(6206, 0, '224', 221, 1, 9, 1, 1219, 16, 1, '2014-07-24 23:51:50', 151),
(6207, 0, '224', 221, 1, 9, 1, 1220, 12, 1, '2014-07-24 23:51:50', 151),
(6208, 0, '224', 221, 1, 9, 1, 1221, 7, 1, '2014-07-24 23:51:50', 151),
(6209, 0, '224', 221, 1, 9, 1, 1222, 8, 1, '2014-07-24 23:51:50', 151),
(6210, 0, '224', 221, 1, 9, 1, 1223, 19, 1, '2014-07-24 23:51:50', 151),
(6211, 0, '224', 221, 1, 9, 1, 1224, 18, 1, '2014-07-24 23:51:50', 151),
(6212, 0, '224', 221, 1, 9, 1, 1225, 20, 1, '2014-07-24 23:51:50', 151),
(6213, 0, '224', 221, 1, 9, 1, 1226, 17, 1, '2014-07-24 23:51:50', 151),
(6214, 0, '224', 221, 1, 9, 1, 1227, 9, 1, '2014-07-24 23:51:50', 151),
(6215, 0, '224', 221, 1, 9, 1, 1228, 21, 1, '2014-07-24 23:51:50', 151),
(6216, 0, '224', 221, 1, 9, 1, 1229, 11, 1, '2014-07-24 23:51:50', 151),
(6217, 0, '224', 221, 1, 9, 1, 1230, 25, 1, '2014-07-24 23:51:50', 151),
(6218, 0, '224', 221, 1, 9, 1, 1231, 26, 1, '2014-07-24 23:51:51', 151),
(6219, 0, '224', 221, 1, 9, 1, 1232, 24, 1, '2014-07-24 23:51:51', 151),
(6220, 0, '224', 221, 1, 9, 1, 1233, 22, 1, '2014-07-24 23:51:51', 151),
(6221, 0, '224', 221, 1, 9, 1, 1234, 23, 1, '2014-07-24 23:51:51', 151),
(6222, 0, '224', 221, 1, 10, 1, 596, 4, 1, '2014-07-24 23:51:51', 151),
(6223, 0, '224', 221, 1, 10, 1, 597, 7, 1, '2014-07-24 23:51:51', 151),
(6224, 0, '224', 221, 1, 10, 1, 598, 8, 1, '2014-07-24 23:51:51', 151),
(6225, 0, '224', 221, 1, 10, 1, 599, 9, 1, '2014-07-24 23:51:51', 151),
(6226, 0, '224', 221, 1, 10, 1, 600, 11, 1, '2014-07-24 23:51:51', 151),
(6227, 0, '224', 221, 1, 10, 1, 601, 12, 1, '2014-07-24 23:51:51', 151),
(6228, 0, '224', 221, 1, 10, 1, 602, 10, 1, '2014-07-24 23:51:51', 151),
(6229, 0, '224', 221, 1, 10, 1, 603, 13, 1, '2014-07-24 23:51:51', 151),
(6230, 0, '224', 221, 1, 10, 1, 604, 15, 1, '2014-07-24 23:51:51', 151),
(6231, 0, '224', 221, 1, 10, 1, 605, 16, 1, '2014-07-24 23:51:51', 151),
(6232, 0, '224', 221, 1, 10, 1, 606, 17, 1, '2014-07-24 23:51:51', 151),
(6233, 0, '224', 221, 1, 10, 1, 607, 18, 1, '2014-07-24 23:51:51', 151),
(6234, 0, '224', 221, 1, 11, 1, 105, 4, 1, '2014-07-24 23:51:51', 151),
(6235, 0, '224', 221, 1, 12, 1, 412, 8, 1, '2014-07-24 23:51:51', 151),
(6236, 0, '224', 221, 1, 12, 1, 413, 9, 0, '2014-07-27 23:51:55', 151),
(6237, 0, '224', 221, 1, 12, 1, 414, 7, 1, '2014-07-24 23:51:51', 151),
(6238, 0, '224', 221, 1, 12, 1, 415, 10, 1, '2014-07-24 23:51:51', 151),
(6239, 0, '224', 221, 1, 12, 1, 416, 11, 1, '2014-07-24 23:51:51', 151),
(6240, 0, '224', 221, 1, 12, 1, 417, 12, 1, '2014-07-24 23:51:51', 151),
(6241, 0, '224', 221, 1, 12, 1, 418, 13, 0, '2014-07-27 23:46:48', 151),
(6242, 0, '224', 221, 1, 12, 1, 419, 14, 0, '2014-07-27 23:46:58', 151),
(6243, 0, '224', 221, 1, 12, 1, 420, 15, 0, '2014-07-27 23:47:08', 151),
(6244, 0, '224', 221, 1, 12, 1, 421, 16, 1, '2014-07-24 23:51:52', 151),
(6245, 0, '224', 221, 1, 13, 1, 601, 4, 0, '2014-07-27 23:46:03', 151),
(6246, 0, '224', 221, 1, 13, 1, 602, 6, 0, '2014-07-27 23:46:01', 151),
(6247, 0, '224', 221, 1, 13, 1, 603, 10, 0, '2014-07-27 23:45:57', 151),
(6248, 0, '224', 221, 1, 14, 1, 171, 7, 1, '2014-07-24 23:51:52', 151),
(6249, 0, '224', 221, 1, 14, 1, 172, 8, 1, '2014-07-24 23:51:52', 151),
(6250, 0, '224', 221, 1, 14, 1, 173, 9, 1, '2014-07-24 23:51:52', 151),
(6251, 0, '224', 221, 1, 14, 1, 174, 10, 1, '2014-07-24 23:51:52', 151),
(6252, 0, '224', 221, 1, 14, 1, 175, 12, 1, '2014-07-24 23:51:52', 151),
(6253, 0, '224', 221, 1, 15, 1, 331, 7, 1, '2014-07-24 23:51:52', 151),
(6254, 0, '224', 221, 1, 15, 1, 332, 8, 1, '2014-07-24 23:51:52', 151),
(6255, 0, '224', 221, 1, 15, 1, 333, 9, 1, '2014-07-24 23:51:52', 151),
(6256, 0, '224', 221, 1, 15, 1, 334, 10, 1, '2014-07-24 23:51:52', 151),
(6257, 0, '224', 221, 1, 15, 1, 335, 11, 1, '2014-07-24 23:51:52', 151),
(6258, 0, '224', 221, 1, 15, 1, 336, 12, 1, '2014-07-24 23:51:52', 151),
(6259, 0, '224', 221, 1, 15, 1, 337, 13, 1, '2014-07-24 23:51:52', 151),
(6260, 0, '224', 221, 1, 15, 1, 338, 14, 1, '2014-07-24 23:51:52', 151),
(6261, 0, '224', 221, 1, 15, 1, 339, 15, 1, '2014-07-24 23:51:52', 151),
(6262, 0, '224', 221, 1, 15, 1, 340, 16, 1, '2014-07-24 23:51:52', 151),
(6263, 0, '224', 221, 1, 15, 1, 341, 17, 1, '2014-07-24 23:51:52', 151),
(6264, 0, '224', 221, 1, 15, 1, 342, 18, 1, '2014-07-24 23:51:52', 151),
(6265, 0, '224', 221, 1, 15, 1, 343, 19, 1, '2014-07-24 23:51:52', 151),
(6266, 0, '224', 221, 1, 15, 1, 344, 20, 1, '2014-07-24 23:51:52', 151),
(6267, 0, '224', 221, 1, 15, 1, 345, 21, 1, '2014-07-24 23:51:52', 151),
(6268, 0, '224', 221, 1, 15, 1, 346, 22, 1, '2014-07-24 23:51:52', 151),
(6269, 0, '224', 221, 1, 15, 1, 347, 23, 1, '2014-07-24 23:51:52', 151),
(6270, 0, '224', 221, 1, 16, 1, 159, 4, 1, '2014-07-24 23:51:53', 151),
(6271, 0, '224', 221, 1, 16, 1, 160, 5, 1, '2014-07-24 23:51:53', 151),
(6272, 0, '224', 221, 1, 17, 1, 93, 4, 1, '2014-07-24 23:51:53', 151),
(6273, 0, '224', 221, 1, 18, 1, 79, 4, 1, '2014-07-24 23:51:53', 151),
(6274, 0, '224', 221, 1, 18, 1, 80, 5, 1, '2014-07-24 23:51:53', 151),
(6275, 0, '224', 221, 1, 18, 1, 81, 6, 1, '2014-07-24 23:51:53', 151),
(6276, 5, '224', 221, 1, 5, 3, 1014, 1, 0, '2014-07-24 23:53:47', 151),
(6277, 0, '225', 222, 1, 13, 1, 604, 1, 1, '2014-07-25 15:22:54', 152),
(6278, 1, '225', 222, 1, 13, 1, 605, 2, 1, '2014-07-25 15:22:54', 152),
(6279, 2, '225', 222, 1, 13, 1, 606, 3, 1, '2014-07-25 15:22:54', 152),
(6280, 3, '225', 222, 1, 4, 1, 352, 1, 1, '2014-07-25 15:22:54', 152),
(6281, 4, '225', 222, 1, 5, 1, 1019, 1, 1, '2014-07-25 15:22:54', 152),
(6282, 6, '224', 221, 1, 13, 3, 603, 10, 0, '2014-07-27 23:45:57', 151),
(6283, 7, '224', 221, 1, 13, 3, 602, 6, 0, '2014-07-27 23:46:01', 151),
(6284, 8, '224', 221, 1, 13, 3, 601, 4, 0, '2014-07-27 23:46:03', 151),
(6285, 9, '224', 221, 1, 13, 3, 599, 2, 0, '2014-07-27 23:46:16', 151),
(6286, 10, '224', 221, 1, 13, 1, 607, 11, 1, '2014-07-27 23:46:30', 151),
(6287, 11, '224', 221, 1, 12, 2, 422, 13, 1, '2014-07-27 23:46:48', 151),
(6288, 12, '224', 221, 1, 12, 2, 423, 14, 1, '2014-07-27 23:46:58', 151),
(6289, 13, '224', 221, 1, 12, 2, 424, 15, 1, '2014-07-27 23:47:08', 151),
(6290, 14, '224', 221, 1, 12, 2, 425, 9, 0, '2014-07-27 23:52:02', 151),
(6291, 15, '224', 221, 1, 12, 2, 426, 9, 1, '2014-07-27 23:52:02', 151),
(6345, 236, '200', 206, 1, 10, 3, 331, 4, 0, '2014-07-28 09:47:57', 121),
(6346, 237, '200', 206, 1, 10, 3, 331, 4, 0, '2014-07-28 09:48:00', 121),
(6347, 238, '200', 206, 1, 10, 3, 347, 11, 0, '2014-07-28 09:48:03', 121),
(6348, 239, '200', 206, 1, 10, 3, 334, 7, 0, '2014-07-28 09:48:11', 121),
(6349, 240, '200', 206, 1, 5, 3, 946, 5, 0, '2014-07-28 09:48:23', 121),
(6350, 241, '200', 206, 1, 12, 3, 197, 46, 0, '2014-07-28 09:50:45', 121),
(6351, 242, '200', 206, 1, 2, 3, 114, 4, 0, '2014-07-28 09:51:06', 121),
(6352, 243, '200', 206, 1, 6, 3, 48, 5, 0, '2014-07-28 09:51:13', 121),
(6353, 244, '200', 206, 1, 13, 3, 512, 44, 0, '2014-07-28 09:51:34', 121),
(6354, 0, '232', 229, 1, 13, 1, 626, 1, 1, '2014-07-28 10:26:22', 121),
(6355, 1, '232', 229, 1, 13, 1, 627, 2, 1, '2014-07-28 10:26:22', 121),
(6356, 2, '232', 229, 1, 13, 1, 628, 3, 1, '2014-07-28 10:26:22', 121),
(6357, 3, '232', 229, 1, 4, 1, 362, 1, 1, '2014-07-28 10:26:22', 121),
(6358, 4, '232', 229, 1, 5, 1, 1027, 1, 1, '2014-07-28 10:26:22', 121),
(6359, 5, '232', 229, 1, 10, 1, 610, 1, 0, '2014-07-28 10:26:48', 121),
(6360, 6, '232', 229, 1, 8, 1, 780, 1, 1, '2014-07-28 10:26:40', 121),
(6361, 7, '232', 229, 1, 9, 1, 1242, 1, 1, '2014-07-28 10:26:40', 121),
(6362, 8, '232', 229, 1, 10, 3, 610, 1, 0, '2014-07-28 10:26:48', 121),
(6363, 9, '232', 229, 1, 1, 1, 225, 1, 0, '2014-07-28 10:28:09', 121),
(6364, 10, '232', 229, 1, 1, 1, 226, 2, 1, '2014-07-28 10:28:04', 121),
(6365, 11, '232', 229, 1, 1, 3, 225, 1, 0, '2014-07-28 10:28:09', 121),
(6366, 12, '232', 229, 1, 10, 1, 611, 2, 0, '2014-07-29 12:01:39', 121),
(6367, 13, '232', 229, 1, 8, 1, 781, 2, 1, '2014-07-29 00:07:39', 121),
(6368, 14, '232', 229, 1, 9, 1, 1243, 2, 0, '2014-07-29 10:10:05', 121),
(6369, 15, '232', 229, 1, 9, 2, 1244, 2, 1, '2014-07-29 00:07:39', 121),
(6370, 16, '232', 229, 1, 9, 1, 1245, 3, 0, '2014-07-29 10:48:14', 121),
(6371, 17, '232', 229, 1, 9, 2, 1246, 3, 0, '2014-07-29 12:01:39', 121),
(6372, 18, '232', 229, 1, 9, 1, 1247, 4, 0, '2014-07-29 10:22:04', 121),
(6373, 19, '232', 229, 1, 9, 2, 1248, 4, 0, '2014-07-29 12:01:39', 121),
(6374, 20, '232', 229, 1, 8, 1, 782, 3, 1, '2014-07-29 00:07:39', 121),
(6375, 21, '232', 229, 1, 9, 1, 1249, 5, 0, '2014-07-29 12:01:39', 121),
(6376, 22, '232', 229, 1, 9, 2, 1250, 5, 1, '2014-07-29 00:07:39', 121),
(6377, 23, '232', 229, 1, 9, 1, 1251, 6, 1, '2014-07-29 00:07:39', 121),
(6378, 24, '232', 229, 1, 9, 3, 1246, 3, 1, '2014-07-29 00:07:39', 121),
(6379, 25, '232', 229, 1, 9, 2, 1252, 4, 1, '2014-07-29 00:07:39', 121),
(6380, 26, '232', 229, 1, 10, 2, 612, 2, 0, '2014-07-29 10:49:01', 121),
(6381, 27, '232', 229, 1, 10, 2, 613, 2, 1, '2014-07-29 00:07:39', 121),
(6382, 28, '232', 229, 1, 12, 1, 429, 1, 0, '2014-07-30 06:34:44', 121),
(6383, 29, '232', 229, 1, 15, 1, 348, 1, 1, '2014-07-29 00:07:39', 121),
(6384, 30, '232', 229, 1, 16, 1, 161, 1, 1, '2014-07-29 00:07:39', 121),
(6385, 31, '232', 229, 1, 2, 1, 167, 1, 1, '2014-07-29 11:09:01', 121),
(6386, 32, '232', 229, 1, 14, 1, 176, 1, 1, '2014-07-29 00:07:39', 121),
(6387, 245, '200', 206, 1, 5, 1, 1028, 48, 0, '2014-07-29 12:15:36', 121),
(6388, 246, '200', 206, 1, 5, 3, 1028, 48, 0, '2014-07-29 12:15:36', 121),
(6389, 33, '232', 229, 1, 10, 1, 614, 3, 0, '2014-07-29 22:36:37', 121),
(6390, 34, '232', 229, 1, 8, 1, 783, 4, 1, '2014-07-29 22:07:19', 121),
(6391, 35, '232', 229, 1, 9, 1, 1253, 7, 0, '2014-07-29 14:12:18', 121),
(6392, 36, '232', 229, 1, 10, 3, 614, 3, 0, '2014-07-29 14:12:09', 121),
(6393, 37, '232', 229, 1, 9, 2, 1254, 7, 1, '2014-07-29 22:07:19', 121),
(6394, 38, '232', 229, 1, 10, 3, 614, 3, 0, '2014-07-29 14:05:28', 121),
(6395, 39, '232', 229, 1, 10, 3, 614, 3, 0, '2014-07-29 14:05:28', 121),
(6396, 40, '232', 229, 1, 10, 3, 614, 3, 0, '2014-07-29 14:13:40', 121),
(6397, 41, '232', 229, 1, 10, 3, 614, 3, 0, '2014-07-29 22:36:37', 121),
(6398, 197, '215', 216, 1, 5, 1, 1029, 8, 1, '2014-07-30 01:24:26', 121),
(6399, 42, '232', 229, 1, 11, 1, 106, 1, 1, '2014-07-30 06:34:44', 121),
(6400, 43, '232', 229, 1, 12, 2, 430, 1, 1, '2014-07-30 06:34:44', 121),
(6401, 44, '232', 229, 1, 17, 1, 94, 1, 1, '2014-07-30 07:12:02', 121);

-- --------------------------------------------------------

--
-- Table structure for table `walkthrupath`
--

CREATE TABLE IF NOT EXISTS `walkthrupath` (
  `id` int(11) NOT NULL AUTO_INCREMENT,
  `usecase_id` int(11) DEFAULT NULL,
  `release_id` int(11) NOT NULL,
  `number` int(11) NOT NULL,
  `name` varchar(60) NOT NULL,
  `preparation` text NOT NULL,
  `active` tinyint(1) NOT NULL,
  PRIMARY KEY (`id`),
  KEY `release_id` (`release_id`),
  KEY `usecase_id` (`usecase_id`)
) ENGINE=InnoDB  DEFAULT CHARSET=utf8 AUTO_INCREMENT=196 ;

--
-- Dumping data for table `walkthrupath`
--

INSERT INTO `walkthrupath` (`id`, `usecase_id`, `release_id`, `number`, `name`, `preparation`, `active`) VALUES
(147, 498, 214, 1, 'Create trial account(main)', 'None', 1),
(148, 498, 214, 2, 'Create trial account(A)', 'None', 1),
(149, 494, 214, 3, 'Purchase a full membership(main)', 'None', 1),
(150, 494, 214, 4, 'Purchase a full membership(A)', 'None', 1),
(151, 494, 214, 5, 'Purchase a full membership(B)', 'None', 1),
(152, 491, 214, 6, 'Gift a Membership(main)', 'None', 1),
(153, 491, 214, 7, 'Gift a Membership(A)', 'None', 1),
(154, 493, 214, 8, 'Redeem a coupon(main)', 'None', 1),
(155, 493, 214, 9, 'Redeem a coupon(A)', 'None', 1),
(156, 495, 214, 10, 'Convert a trial to full account(main)', 'None', 1),
(157, 495, 214, 11, 'Convert a trial to full account(A)', 'None', 1),
(158, 492, 214, 12, 'Send account expiry email(main)', 'None', 1),
(159, 496, 214, 13, 'Pay with Paypal(main)', 'None', 1),
(160, 497, 214, 14, 'Pay with Credit Card(main)', 'None', 1),
(161, 326, 199, 1, 'Become a member(main)', 'None', 1),
(162, 327, 199, 2, 'Log in(main)', 'None', 1),
(163, 328, 199, 3, 'Update profile(main)', 'None', 1),
(164, 329, 199, 4, 'View member only content(main)', 'None', 1),
(165, 330, 199, 5, 'Log out(main)', 'None', 1),
(166, 539, 216, 1, 'Create an Owner account(main)', 'None', 1),
(167, 539, 216, 2, 'Create an Owner account(A)', 'None', 1),
(168, 540, 216, 3, 'Log in(main)', 'None', 1),
(169, 540, 216, 4, 'Log in(A)', 'None', 1),
(170, 541, 216, 5, 'Update profile(main)', 'None', 1),
(171, 543, 216, 6, 'Invite an employee(main)', 'None', 1),
(172, 542, 216, 7, 'Log out(main)', 'None', 1),
(173, 544, 216, 8, 'View store group page(main)', 'None', 1),
(174, 545, 216, 9, 'Add Store to Group(main)', 'None', 1),
(175, 538, 216, 10, 'Request store feed(main)', 'None', 1),
(176, 559, 220, 1, 'Register as a member(main)', 'None', 1),
(177, 559, 220, 2, 'Register as a member(A)', 'None', 1),
(178, 562, 220, 3, 'Verify email address(main)', 'None', 1),
(179, 562, 220, 4, 'Verify email address(A)', 'None', 1),
(180, 560, 220, 5, 'Log in(main)', 'None', 1),
(181, 560, 220, 6, 'Log in(A)', 'None', 1),
(182, 563, 220, 7, 'Update member profile(main)', 'None', 1),
(183, 563, 220, 8, 'Update member profile(A)', 'None', 1),
(184, 561, 220, 9, 'Log Out(main)', 'None', 1),
(185, 571, 222, 1, 'Create an Owner account(main)', 'None', 1),
(186, 571, 222, 2, 'Create an Owner account(A)', 'None', 1),
(187, 572, 222, 3, 'Log in(main)', 'None', 1),
(188, 572, 222, 4, 'Log in(A)', 'None', 1),
(189, 573, 222, 5, 'Update profile(main)', 'None', 1),
(190, 575, 222, 6, 'Invite an employee(main)', 'None', 1),
(191, 574, 222, 7, 'Log out(main)', 'None', 1),
(192, 578, 222, 8, 'DPos Amin disabling a store feed(main)', 'None', 1),
(193, 576, 222, 9, 'View store group page(main)', 'None', 1),
(194, 577, 222, 10, 'Add Store to Group(main)', 'None', 1),
(195, 570, 222, 11, 'Request store feed(main)', 'None', 1);

-- --------------------------------------------------------

--
-- Table structure for table `walkthruresult`
--

CREATE TABLE IF NOT EXISTS `walkthruresult` (
  `id` int(11) NOT NULL AUTO_INCREMENT,
  `walkthrupath_id` int(11) NOT NULL,
  `user_id` int(11) NOT NULL,
  `date` timestamp NOT NULL DEFAULT CURRENT_TIMESTAMP,
  `result` tinyint(1) NOT NULL,
  `comments` text NOT NULL,
  PRIMARY KEY (`id`),
  KEY `date` (`date`),
  KEY `user_id` (`user_id`)
) ENGINE=InnoDB  DEFAULT CHARSET=utf8 AUTO_INCREMENT=40 ;

--
-- Dumping data for table `walkthruresult`
--

INSERT INTO `walkthruresult` (`id`, `walkthrupath_id`, `user_id`, `date`, `result`, `comments`) VALUES
(39, 166, 121, '2014-07-16 05:29:11', 1, 'haven''t worked out ....');

-- --------------------------------------------------------

--
-- Table structure for table `walkthrustep`
--

CREATE TABLE IF NOT EXISTS `walkthrustep` (
  `id` int(11) NOT NULL AUTO_INCREMENT,
  `walkthrupath_id` int(11) NOT NULL,
  `number` varchar(30) NOT NULL,
  `action` text NOT NULL,
  `result` text NOT NULL,
  PRIMARY KEY (`id`),
  KEY `walkthrupath_id` (`walkthrupath_id`)
) ENGINE=InnoDB  DEFAULT CHARSET=utf8 AUTO_INCREMENT=764 ;

--
-- Dumping data for table `walkthrustep`
--

INSERT INTO `walkthrustep` (`id`, `walkthrupath_id`, `number`, `action`, `result`) VALUES
(483, 133, '1', 'Actor clicks the ''Register'' link in the header.', 'System displays membership option page.'),
(484, 133, '2', 'IF-0015 Membership option page (trial active)', '#image#_214_12_18'),
(485, 133, '3', 'Actor selects the ''Trial Membership'' option.', 'System displays the register page (existing page).'),
(486, 133, '4', 'IF-0003 Account profile page', '#image#_214_12_6'),
(487, 133, '5', 'Actor completes the Registration Form and submits.', 'System validates input and displays the Email Validation Page.'),
(488, 133, '6', 'UF-0001 Registration Form', '#form#_214_2_1'),
(489, 133, '7', 'BR-0005 One trial membership per account.', '<p>An account can only have one Trial Membership.</p>'),
(490, 133, '8', 'IF-0004 Email Validation Page', '#image#_214_12_7'),
(491, 134, '9', 'Actor clicks the ''Register'' link in the header.', 'System displays membership option page.'),
(492, 134, '10', 'Actor selects the ''Trial Membership'' option.', 'System displays the register page (existing page).'),
(493, 134, '11', 'Actor completes the Registration Form and submits.', 'System validates input and displays the Email Validation Page.'),
(494, 134, '12', 'Form fails validation', 'Form is redisplayed with errors highlighted.'),
(495, 134, '13', 'Actor completes the Registration Form and submits.', 'System validates input and displays the Email Validation Page.'),
(496, 135, '1', 'Actor selects register link from the page header, or log-in pop-up.', 'System displays the membership option page.'),
(497, 135, '2', 'BR-0008 Trial membership option inactive', 'If the user is logged in the trial membership option is shown as inactive.'),
(498, 135, '3', 'IF-0001 Membership option page', '#image#_214_12_4'),
(499, 135, '4', 'IF-0015 Membership option page (trial active)', '#image#_214_12_18'),
(500, 135, '5', 'Actor selects either the ''Full Membership Yearly'' or ''Full Membership Monthly'' link.', 'System displays the registration form.'),
(501, 135, '6', 'UF-0001 Registration Form', '#form#_214_2_1'),
(502, 135, '7', 'Actor completes registration form and chooses the ''Pay by Paypal'' or ''Pay With Credit Card'' button.', 'System validates the form input and then redirects to the payment service for payment handling.'),
(503, 135, '8', 'IF-0009 New paid account profile page', '#image#_214_12_12'),
(504, 135, '9', 'Actor completes payment process.', 'System redirects to the ''My Profile'' page.'),
(505, 135, '10', 'IF-0010 My Profile Page', '#image#_214_12_13'),
(506, 136, '11', 'Actor selects register link from the page header, or log-in pop-up.', 'System displays the membership option page.'),
(507, 136, '12', 'Actor selects either the ''Full Membership Yearly'' or ''Full Membership Monthly'' link.', 'System displays the registration form.'),
(508, 136, '13', 'Actor completes registration form and chooses the ''Pay by Paypal'' or ''Pay With Credit Card'' button.', 'System validates the form input and then redirects to the payment service for payment handling.'),
(509, 136, '14', 'Form fails validation.', 'Form redisplays with errors highlighted.'),
(510, 136, '15', 'Actor completes registration form and chooses the ''Pay by Paypal'' or ''Pay With Credit Card'' button.', 'System validates the form input and then redirects to the payment service for payment handling.'),
(511, 136, '16', 'Actor completes payment process.', 'System redirects to the ''My Profile'' page.'),
(512, 137, '17', 'Actor selects register link from the page header, or log-in pop-up.', 'System displays the membership option page.'),
(513, 137, '18', 'Actor selects either the ''Full Membership Yearly'' or ''Full Membership Monthly'' link.', 'System displays the registration form.'),
(514, 137, '19', 'Actor completes registration form and chooses the ''Pay by Paypal'' or ''Pay With Credit Card'' button.', 'System validates the form input and then redirects to the payment service for payment handling.'),
(515, 137, '20', 'A coupon is used to purchase the membership. ', 'See ''Redeem a Coupon'' use case.'),
(516, 137, '21', 'Actor completes registration form and chooses the ''Pay by Paypal'' or ''Pay With Credit Card'' button.', 'System validates the form input and then redirects to the payment service for payment handling.'),
(517, 137, '22', 'Actor completes payment process.', 'System redirects to the ''My Profile'' page.'),
(518, 138, '1', 'Actor selects the Register link.', 'System displays the Membership Option Page.'),
(519, 138, '2', 'IF-0001 Membership option page', '#image#_214_12_4'),
(520, 138, '3', 'Actor selects the ''Gift a Membership'' option.', 'System displays the Gift a Membership page'),
(521, 138, '4', 'UF-0002 Gift a Membership', '#form#_214_2_2'),
(522, 138, '5', 'IF-0011 Gift a Membership', '#image#_214_12_14'),
(523, 138, '6', 'Actor completes form and selects either the ''Pay with Paypal'' or ''Pay with Credit Card'' button.', 'System redirects the user to the chosen payment service.'),
(524, 138, '7', 'no action', 'System creates a coupon in the Paid Membership Pro coupon system and emails the purchaser a confirmation of purchase with the gift certificate attached.'),
(525, 138, '8', 'BR-0007 Coupon has a unique number', 'The coupon number generated for a gift certificate is unique and hard to guess, e.g. a uniqid plus with a pre-pended random hash. &nbsp;It should be no more than 16 characters long.'),
(526, 138, '9', 'BR-0009 Personalised message included in pdf', 'The personalised message added by the Gift purchaser is added to the pdf Gift Certificate.'),
(527, 138, '10', 'IF-0013 Gift purchase confirmation email', '#image#_214_12_16'),
(528, 138, '11', 'IF-0014 Gift Certificate pdf attachment', '#image#_214_12_17'),
(529, 139, '12', 'Actor selects the Register link.', 'System displays the Membership Option Page.'),
(530, 139, '13', 'Actor clicks a banner ad within the site for ''Gift a Membership,.', 'System displays the Gift a Membership page.'),
(531, 139, '14', 'Actor completes form and selects either the ''Pay with Paypal'' or ''Pay with Credit Card'' button.', 'System redirects the user to the chosen payment service.'),
(532, 139, '15', 'no action', 'System creates a coupon in the Paid Membership Pro coupon system and emails the purchaser a confirmation of purchase with the gift certificate attached.'),
(533, 140, '1', 'Actor types in the ''Coupon'' field at the top of the registration form.', 'System matches the value entered into the field via Ajax after the correct number of characters are typed. '),
(534, 140, '2', 'Actor enters a matching Coupon number.', 'System redisplays the registration page showing the coupon amount deducted from the total due.'),
(535, 140, '3', 'BR-0006 No payment buttons show if a coupon is used.', 'If a coupon is used, no payment buttons are shown on the registration form, instead a ''Submit'' button is displayed.'),
(536, 140, '4', 'Actor clicks the ''submit'' button.', 'System validates the form entries, creates the membership and redirects to ''My Profile'' (existing member) or ''Email Validation Page'' (new member).'),
(537, 140, '5', 'IF-0004 Email Validation Page', '#image#_214_12_7'),
(538, 140, '6', 'IF-0010 My Profile Page', '#image#_214_12_13'),
(539, 141, '7', 'Actor types in the ''Coupon'' field at the top of the registration form.', 'System matches the value entered into the field via Ajax after the correct number of characters are typed. '),
(540, 141, '8', 'Actor enters a matching Coupon number.', 'System redisplays the registration page showing the coupon amount deducted from the total due.'),
(541, 141, '9', 'Actor enters a non-matching coupon number.', 'System displays an error message ''The coupon code you have entered is incorrect''.'),
(542, 141, '10', 'Actor enters a matching Coupon number.', 'System redisplays the registration page showing the coupon amount deducted from the total due.'),
(543, 141, '11', 'Actor clicks the ''submit'' button.', 'System validates the form entries, creates the membership and redirects to ''My Profile'' (existing member) or ''Email Validation Page'' (new member).'),
(544, 142, '1', 'Actor chooses to view their account profile.', 'System displays account profile page.'),
(545, 142, '2', 'Actor selects ''Change membership level'' link at bottom of page.', 'System displays select membership type page.'),
(546, 142, '3', 'BR-0010 Membership type has expired warning', 'stub'),
(547, 142, '4', 'IF-0012 Select Membership Type', '#image#_214_12_15'),
(548, 143, '5', 'Actor chooses to view their account profile.', 'System displays account profile page.'),
(549, 143, '6', 'Actor selects ''Change membership level'' link at bottom of page.', 'System displays select membership type page.'),
(550, 143, '7', 'Actor attempts to view member only content.', 'System redirect actor to Select Membership Type page.'),
(551, 143, '8', 'Actor selects ''Change membership level'' link at bottom of page.', 'System displays select membership type page.'),
(552, 144, '1', 'Actor initiates process.', 'System checks to see if any accounts should have reminder emails sent and sends the emails.'),
(553, 144, '2', 'BR-0001 Send email reminder 7 days before membership expires', 'If the current date is 7 days prior to the expiry date for a paid account, the ''Membership expires in 7 days'' email is sent once to the account address. This is sent for both Trial and Paid Yearly memberships'),
(554, 144, '3', 'BR-0002 Send email reminder 30 days before membership expires', 'If the current date is 30 days prior to the expiry date for a paid account, the ''Membership expires in 30 days'' email is sent once to the account address for Paid Yearly memberships only.'),
(555, 144, '4', 'BR-0003 Send email notice when a paid account has expired', 'If a paid account has expired a single ''Paid Membership Expired'' email is sent to the account email on the day the account expires.'),
(556, 144, '5', 'BR-0004 Send email notice when a trial account has expired', 'When a Trial Membership has expired, a ''Trial Membership Expired'' email is sent to the account email address.'),
(557, 144, '6', 'IF-0005 Membership expires in 30 days', '#image#_214_12_8'),
(558, 144, '7', 'IF-0006 Membership expires in 7 days', '#image#_214_12_9'),
(559, 144, '8', 'IF-0007 Trial Membership has expired', '#image#_214_12_10'),
(560, 144, '9', 'IF-0008 Paid Membership Expired', '#image#_214_12_11'),
(561, 145, '1', 'Actor chooses to pay with Paypal.', 'System redirects to Paypal site to complete payment.'),
(562, 145, '2', 'Actor completes Paypal payment successfully.', 'System redirects back to My Profile page.'),
(563, 146, '1', 'Actor selects to pay with credit card.', 'System redirects to EWay site to complete payment.'),
(564, 146, '2', 'Actor completes the payment on Eway.', 'System redirects back to My Account page.'),
(565, 147, '1', 'Actor clicks the ''Register'' link in the header.', 'System displays membership option page.'),
(566, 147, '2', 'IF-0015 Membership option page (trial active)', '#image#_214_12_18'),
(567, 147, '3', 'Actor selects the ''Trial Membership'' option.', 'System displays the register page (existing page).'),
(568, 147, '4', 'IF-0003 Account profile page', '#image#_214_12_6'),
(569, 147, '5', 'Actor completes the Registration Form and submits.', 'System validates input and displays the Email Validation Page.'),
(570, 147, '6', 'UF-0001 Registration Form', '#form#_214_2_1'),
(571, 147, '7', 'BR-0005 One trial membership per account.', '<p>An account can only have one Trial Membership.</p>'),
(572, 147, '8', 'IF-0004 Email Validation Page', '#image#_214_12_7'),
(573, 148, '9', 'Actor clicks the ''Register'' link in the header.', 'System displays membership option page.'),
(574, 148, '10', 'Actor selects the ''Trial Membership'' option.', 'System displays the register page (existing page).'),
(575, 148, '11', 'Actor completes the Registration Form and submits.', 'System validates input and displays the Email Validation Page.'),
(576, 148, '12', 'Form fails validation', 'Form is redisplayed with errors highlighted.'),
(577, 148, '13', 'Actor completes the Registration Form and submits.', 'System validates input and displays the Email Validation Page.'),
(578, 149, '1', 'Actor selects register link from the page header, or log-in pop-up.', 'System displays the membership option page.'),
(579, 149, '2', 'BR-0008 Trial membership option inactive', 'If the user is logged in the trial membership option is shown as inactive.'),
(580, 149, '3', 'IF-0001 Membership option page', '#image#_214_12_4'),
(581, 149, '4', 'IF-0015 Membership option page (trial active)', '#image#_214_12_18'),
(582, 149, '5', 'Actor selects either the ''Full Membership Yearly'' or ''Full Membership Monthly'' link.', 'System displays the registration form.'),
(583, 149, '6', 'UF-0001 Registration Form', '#form#_214_2_1'),
(584, 149, '7', 'Actor completes registration form and chooses the ''Pay by Paypal'' or ''Pay With Credit Card'' button.', 'System validates the form input and then redirects to the payment service for payment handling.'),
(585, 149, '8', 'IF-0009 New paid account profile page', '#image#_214_12_12'),
(586, 149, '9', 'Actor completes payment process.', 'System redirects to the ''My Profile'' page.'),
(587, 149, '10', 'IF-0010 My Profile Page', '#image#_214_12_13'),
(588, 150, '11', 'Actor selects register link from the page header, or log-in pop-up.', 'System displays the membership option page.'),
(589, 150, '12', 'Actor selects either the ''Full Membership Yearly'' or ''Full Membership Monthly'' link.', 'System displays the registration form.'),
(590, 150, '13', 'Actor completes registration form and chooses the ''Pay by Paypal'' or ''Pay With Credit Card'' button.', 'System validates the form input and then redirects to the payment service for payment handling.'),
(591, 150, '14', 'Form fails validation.', 'Form redisplays with errors highlighted.'),
(592, 150, '15', 'Actor completes registration form and chooses the ''Pay by Paypal'' or ''Pay With Credit Card'' button.', 'System validates the form input and then redirects to the payment service for payment handling.'),
(593, 150, '16', 'Actor completes payment process.', 'System redirects to the ''My Profile'' page.'),
(594, 151, '17', 'Actor selects register link from the page header, or log-in pop-up.', 'System displays the membership option page.'),
(595, 151, '18', 'Actor selects either the ''Full Membership Yearly'' or ''Full Membership Monthly'' link.', 'System displays the registration form.'),
(596, 151, '19', 'Actor completes registration form and chooses the ''Pay by Paypal'' or ''Pay With Credit Card'' button.', 'System validates the form input and then redirects to the payment service for payment handling.'),
(597, 151, '20', 'A coupon is used to purchase the membership. ', 'See ''Redeem a Coupon'' use case.'),
(598, 151, '21', 'Actor completes registration form and chooses the ''Pay by Paypal'' or ''Pay With Credit Card'' button.', 'System validates the form input and then redirects to the payment service for payment handling.'),
(599, 151, '22', 'Actor completes payment process.', 'System redirects to the ''My Profile'' page.'),
(600, 152, '1', 'Actor selects the Register link.', 'System displays the Membership Option Page.'),
(601, 152, '2', 'IF-0015 Membership option page (trial active)', '#image#_214_12_18'),
(602, 152, '3', 'Actor selects the ''Gift a Membership'' option.', 'System displays the Gift a Membership page'),
(603, 152, '4', 'UF-0002 Gift a Membership', '#form#_214_2_2'),
(604, 152, '5', 'IF-0011 Gift a Membership', '#image#_214_12_14'),
(605, 152, '6', 'Actor completes form and selects either the ''Pay with Paypal'' or ''Pay with Credit Card'' button.', 'System redirects the user to the chosen payment service.'),
(606, 152, '7', 'no action', 'System creates a coupon in the Paid Membership Pro coupon system and emails the purchaser a confirmation of purchase with the gift certificate attached.'),
(607, 152, '8', 'BR-0007 Coupon has a unique number', 'The coupon number generated for a gift certificate is unique and hard to guess, e.g. a uniqid plus with a pre-pended random hash. &nbsp;It should be no more than 16 characters long.'),
(608, 152, '9', 'BR-0009 Personalised message included in pdf', 'The personalised message added by the Gift purchaser is added to the pdf Gift Certificate.'),
(609, 152, '10', 'IF-0013 Gift purchase confirmation email', '#image#_214_12_16'),
(610, 152, '11', 'IF-0014 Gift Certificate pdf attachment', '#image#_214_12_17'),
(611, 153, '12', 'Actor selects the Register link.', 'System displays the Membership Option Page.'),
(612, 153, '13', 'Actor clicks a banner ad within the site for ''Gift a Membership,.', 'System displays the Gift a Membership page.'),
(613, 153, '14', 'Actor completes form and selects either the ''Pay with Paypal'' or ''Pay with Credit Card'' button.', 'System redirects the user to the chosen payment service.'),
(614, 153, '15', 'no action', 'System creates a coupon in the Paid Membership Pro coupon system and emails the purchaser a confirmation of purchase with the gift certificate attached.'),
(615, 154, '1', 'Actor types in the ''Coupon'' field at the top of the registration form.', 'System matches the value entered into the field via Ajax after the correct number of characters are typed. '),
(616, 154, '2', 'Actor enters a matching Coupon number.', 'System redisplays the registration page showing the coupon amount deducted from the total due.'),
(617, 154, '3', 'BR-0006 No payment buttons show if a coupon is used.', 'If a coupon is used, no payment buttons are shown on the registration form, instead a ''Submit'' button is displayed.'),
(618, 154, '4', 'Actor clicks the ''submit'' button.', 'System validates the form entries, creates the membership and redirects to ''My Profile'' (existing member) or ''Email Validation Page'' (new member).'),
(619, 154, '5', 'IF-0004 Email Validation Page', '#image#_214_12_7'),
(620, 154, '6', 'IF-0010 My Profile Page', '#image#_214_12_13'),
(621, 155, '7', 'Actor types in the ''Coupon'' field at the top of the registration form.', 'System matches the value entered into the field via Ajax after the correct number of characters are typed. '),
(622, 155, '8', 'Actor enters a matching Coupon number.', 'System redisplays the registration page showing the coupon amount deducted from the total due.'),
(623, 155, '9', 'Actor enters a non-matching coupon number.', 'System displays an error message ''The coupon code you have entered is incorrect''.'),
(624, 155, '10', 'Actor enters a matching Coupon number.', 'System redisplays the registration page showing the coupon amount deducted from the total due.'),
(625, 155, '11', 'Actor clicks the ''submit'' button.', 'System validates the form entries, creates the membership and redirects to ''My Profile'' (existing member) or ''Email Validation Page'' (new member).'),
(626, 156, '1', 'Actor chooses to view their account profile.', 'System displays account profile page.'),
(627, 156, '2', 'Actor selects ''Change membership level'' link at bottom of page.', 'System displays select membership type page.'),
(628, 156, '3', 'BR-0010 Membership type has expired warning', 'stub'),
(629, 156, '4', 'IF-0012 Select Membership Type', '#image#_214_12_15'),
(630, 157, '5', 'Actor chooses to view their account profile.', 'System displays account profile page.'),
(631, 157, '6', 'Actor selects ''Change membership level'' link at bottom of page.', 'System displays select membership type page.'),
(632, 157, '7', 'Actor attempts to view member only content.', 'System redirect actor to Select Membership Type page.'),
(633, 157, '8', 'Actor selects ''Change membership level'' link at bottom of page.', 'System displays select membership type page.'),
(634, 158, '1', 'Actor initiates process.', 'System checks to see if any accounts should have reminder emails sent and sends the emails.'),
(635, 158, '2', 'BR-0001 Send email reminder 7 days before membership expires', 'If the current date is 7 days prior to the expiry date for a paid account, the ''Membership expires in 7 days'' email is sent once to the account address. This is sent for both Trial and Paid Yearly memberships'),
(636, 158, '3', 'BR-0002 Send email reminder 30 days before membership expires', 'If the current date is 30 days prior to the expiry date for a paid account, the ''Membership expires in 30 days'' email is sent once to the account address for Paid Yearly memberships only.'),
(637, 158, '4', 'BR-0003 Send email notice when a paid account has expired', 'If a paid account has expired a single ''Paid Membership Expired'' email is sent to the account email on the day the account expires.'),
(638, 158, '5', 'BR-0004 Send email notice when a trial account has expired', 'When a Trial Membership has expired, a ''Trial Membership Expired'' email is sent to the account email address.'),
(639, 158, '6', 'IF-0005 Membership expires in 30 days', '#image#_214_12_8'),
(640, 158, '7', 'IF-0006 Membership expires in 7 days', '#image#_214_12_9'),
(641, 158, '8', 'IF-0007 Trial Membership has expired', '#image#_214_12_10'),
(642, 158, '9', 'IF-0008 Paid Membership Expired', '#image#_214_12_11'),
(643, 159, '1', 'Actor chooses to pay with Paypal.', 'System redirects to Paypal site to complete payment.'),
(644, 159, '2', 'Actor completes Paypal payment successfully.', 'System redirects back to My Profile page.'),
(645, 160, '1', 'Actor selects to pay with credit card.', 'System redirects to EWay site to complete payment.'),
(646, 160, '2', 'Actor completes the payment on Eway.', 'System redirects back to My Account page.'),
(647, 161, '1', 'Actor clicks on ''Join'' button.', 'System displays Create Account page.'),
(648, 161, '2', 'UF-0001 Create Account', '#form#_199_2_4'),
(649, 161, '3', 'IF-0001 Create Account', '#image#_199_12_4'),
(650, 161, '4', 'Actor completes the Create Account Form and submits.', 'System validates form and displays the home page with the logged in status bar.'),
(651, 161, '5', 'UF-0001 Create Account', '#form#_199_2_4'),
(652, 162, '1', 'Actor action.', 'System result.'),
(653, 163, '1', 'Actor action.', 'System result.'),
(654, 164, '1', 'Actor action.', 'System result.'),
(655, 165, '1', 'Actor action.', 'System result.'),
(656, 166, '1', 'Actor clicks on create account link.', 'System displays   [[UI:4]]   page.'),
(657, 166, '2', 'UF-0001 Create Account', '#form#_216_2_4'),
(658, 166, '3', 'IF-0001 Create Account', '#image#_216_12_4'),
(659, 166, '4', 'IF-0004 Public Home Page', '#image#_216_12_7'),
(660, 166, '5', 'Actor completes the  [[UF:4]]  and submits.', 'System validates form and displays the validate email screen.'),
(661, 166, '6', 'UF-0001 Create Account', '#form#_216_2_4'),
(662, 166, '7', 'No action.', 'System sends welcome email to User email account.'),
(663, 166, '8', 'IF-0003 Welcome Email', '#image#_216_12_6'),
(664, 167, '9', 'Actor clicks on create account link.', 'System displays   [[UI:4]]   page.'),
(665, 167, '10', 'Actor completes the  [[UF:4]]  and submits.', 'System validates form and displays the validate email screen.'),
(666, 167, '11', 'Form fails validation.', 'Form is redisplayed with errors highlighted.'),
(667, 167, '12', 'IF-0002 Error highlight style', '#image#_216_12_5'),
(668, 167, '13', 'Actor completes the  [[UF:4]]  and submits.', 'System validates form and displays the validate email screen.'),
(669, 167, '14', 'No action.', 'System sends welcome email to User email account.'),
(670, 168, '1', 'Actor selects log-in link on  [[UI:7]] ', 'System displays log in form.'),
(671, 168, '2', 'UF-0002 Log in Form', '#form#_216_2_5'),
(672, 168, '3', 'IF-0004 Public Home Page', '#image#_216_12_7'),
(673, 168, '4', 'Actor completes log in form and submits.', 'System validates form and redirects to Store Group Page.'),
(674, 168, '5', 'IF-0005 Store Group Page', '#image#_216_12_8'),
(675, 169, '6', 'Actor selects log-in link on  [[UI:7]] ', 'System displays log in form.'),
(676, 169, '7', 'Actor completes log in form and submits.', 'System validates form and redirects to Store Group Page.'),
(677, 169, '8', 'Form fails validation.', 'Form redisplays with errors highlighted.'),
(678, 169, '9', 'Actor completes log in form and submits.', 'System validates form and redirects to Store Group Page.'),
(679, 170, '1', 'Actor action.', 'System result.'),
(680, 171, '1', 'Actor action.', 'System result.'),
(681, 172, '1', 'Actor action.', 'System result.'),
(682, 173, '1', 'Actor action.', 'System result.'),
(683, 174, '1', 'Actor clicks the ''Add a Store'' button on the  [[UI:7]] .', 'System displays  [[UF:6]] .'),
(684, 174, '2', 'UF-0004 Store Form', '#form#_216_2_7'),
(685, 174, '3', 'IF-0004 Public Home Page', '#image#_216_12_7'),
(686, 175, '1', 'Actor action.', 'System result.'),
(687, 176, '1', 'Actor clicks the ''Register'' link in the header.', 'System displays the  [[UI:18]] .'),
(688, 176, '2', 'IF-0015 Register Page', '#image#_220_12_18'),
(689, 176, '3', 'Actor completes the    [[UF:1]]    and submits.', 'System validates input creates member account record and displays the   [[UI:7]]  .'),
(690, 176, '4', 'UF-0001 Registration Form', '#form#_220_2_1'),
(691, 176, '5', 'BR-0013 Password and Password Confirm must match', 'The password and password confirm fields entered on sign up must match.'),
(692, 176, '6', 'BR-0014 Password complexity', 'Passwords must be at least 8 characters long and contain at least one upper case, one lower case and one special character.'),
(693, 176, '7', 'BR-0015 Passwords stored encrypted', 'Passwords must be stored with a suitable one way encryption.'),
(694, 176, '8', 'IF-0004 Email Validation Page', '#image#_220_12_7'),
(695, 177, '9', 'Actor clicks the ''Register'' link in the header.', 'System displays the  [[UI:18]] .'),
(696, 177, '10', 'Actor completes the    [[UF:1]]    and submits.', 'System validates input creates member account record and displays the   [[UI:7]]  .'),
(697, 177, '11', 'Form fails validation', 'Form is redisplayed with errors highlighted.'),
(698, 177, '12', 'Actor completes the    [[UF:1]]    and submits.', 'System validates input creates member account record and displays the   [[UI:7]]  .'),
(699, 178, '1', 'Actor clicks the verify link in the  [[UI:9]] ', 'System displays the  [[UI:21]] '),
(700, 178, '2', 'BR-0016 ''Verify link'' format', 'The verify link emailed to new members must be unique, at least 16 characters long and non sequential to prevent guessing or injection attacks.'),
(701, 178, '3', 'IF-0006 Member Welcome Email', '#image#_220_12_9'),
(702, 178, '4', 'IF-0018 Welcome Page', '#image#_220_12_21'),
(703, 179, '5', 'Actor clicks the verify link in the  [[UI:9]] ', 'System displays the  [[UI:21]] '),
(704, 179, '6', 'Verify link is incorrect or expired.', ' [[UI:23]]  is displayed.'),
(705, 179, '7', 'IF-0020 Sorry Page', '#image#_220_12_23'),
(706, 179, '8', 'Actor clicks the verify link in the  [[UI:9]] ', 'System displays the  [[UI:21]] '),
(707, 180, '1', 'Actor selects log-in from the   [[UI:19]]  .', 'System displays the   [[UI:20]]  .'),
(708, 180, '2', 'IF-0016 Home Page', '#image#_220_12_19'),
(709, 180, '3', 'IF-0017 log-in pop-up', '#image#_220_12_20'),
(710, 180, '4', 'Actor completes the    [[UF:3]]    and submits.', 'System validates the form fields and changes the session to a logged-in member session.'),
(711, 180, '5', 'UF-0003 Log In Form', '#form#_220_2_3'),
(712, 181, '6', 'Actor selects log-in from the   [[UI:19]]  .', 'System displays the   [[UI:20]]  .'),
(713, 181, '7', 'Actor completes the    [[UF:3]]    and submits.', 'System validates the form fields and changes the session to a logged-in member session.'),
(714, 181, '8', 'Form fails validation.', 'Form redisplays with errors highlighted.'),
(715, 181, '9', 'Actor completes the    [[UF:3]]    and submits.', 'System validates the form fields and changes the session to a logged-in member session.'),
(716, 182, '1', 'Actor clicks their name in the page header.', 'System displays the  [[UI:13]] '),
(717, 182, '2', 'IF-0010 My Profile Page', '#image#_220_12_13'),
(718, 182, '3', 'Actor select the edit option.', 'System displays the  [[UF:4]] '),
(719, 182, '4', 'UF-0004 Member Profile Form', '#form#_220_2_4'),
(720, 182, '5', 'Actor updates form values and submits.', 'System validates form and re-displays  [[UI:13]] '),
(721, 182, '6', 'IF-0010 My Profile Page', '#image#_220_12_13'),
(722, 183, '7', 'Actor clicks their name in the page header.', 'System displays the  [[UI:13]] '),
(723, 183, '8', 'Actor select the edit option.', 'System displays the  [[UF:4]] '),
(724, 183, '9', 'Actor updates form values and submits.', 'System validates form and re-displays  [[UI:13]] '),
(725, 183, '10', 'Form fails validation', 'System redisplays form with errors highlighted'),
(726, 183, '11', 'IF-0019 Error highlight style', '#image#_220_12_22'),
(727, 183, '12', 'Actor updates form values and submits.', 'System validates form and re-displays  [[UI:13]] '),
(728, 184, '1', 'Actor selects the Log Out link in the page header.', 'System ends the logged in session and displays the  [[UI:19]] '),
(729, 184, '2', 'BR-0017 Log out link display', 'Log Out link displays in the page header when a logged in session is in progress.'),
(730, 184, '3', 'IF-0016 Home Page', '#image#_220_12_19'),
(731, 185, '1', 'Actor clicks on create account link.', 'System displays   [[UI:4]]   page.'),
(732, 185, '2', 'UF-0001 Create Account', '#form#_222_2_4'),
(733, 185, '3', 'IF-0001 Create Account', '#image#_222_12_4'),
(734, 185, '4', 'IF-0004 Public Home Page', '#image#_222_12_7'),
(735, 185, '5', 'Actor completes the  [[UF:4]]  and submits.', 'System validates form and displays the validate email screen.'),
(736, 185, '6', 'UF-0001 Create Account', '#form#_222_2_4'),
(737, 185, '7', 'No action.', 'System sends welcome email to User email account.'),
(738, 185, '8', 'IF-0003 Welcome Email', '#image#_222_12_6'),
(739, 186, '9', 'Actor clicks on create account link.', 'System displays   [[UI:4]]   page.'),
(740, 186, '10', 'Actor completes the  [[UF:4]]  and submits.', 'System validates form and displays the validate email screen.'),
(741, 186, '11', 'Form fails validation.', 'Form is redisplayed with errors highlighted.'),
(742, 186, '12', 'IF-0002 Error highlight style', '#image#_222_12_5'),
(743, 186, '13', 'Actor completes the  [[UF:4]]  and submits.', 'System validates form and displays the validate email screen.'),
(744, 186, '14', 'No action.', 'System sends welcome email to User email account.'),
(745, 187, '1', 'Actor selects log-in link on  [[UI:7]] ', 'System displays log in form.'),
(746, 187, '2', 'UF-0002 Log in Form', '#form#_222_2_5'),
(747, 187, '3', 'IF-0004 Public Home Page', '#image#_222_12_7'),
(748, 187, '4', 'Actor completes log in form and submits.', 'System validates form and redirects to Store Group Page.'),
(749, 187, '5', 'IF-0005 Store Group Page', '#image#_222_12_8'),
(750, 188, '6', 'Actor selects log-in link on  [[UI:7]] ', 'System displays log in form.'),
(751, 188, '7', 'Actor completes log in form and submits.', 'System validates form and redirects to Store Group Page.'),
(752, 188, '8', 'Form fails validation.', 'Form redisplays with errors highlighted.'),
(753, 188, '9', 'Actor completes log in form and submits.', 'System validates form and redirects to Store Group Page.'),
(754, 189, '1', 'Owner logs into Cloud system', 'Owner selects  Update Details link from dashboard'),
(755, 190, '1', 'Owner selects create new employee link from their dashboard.', 'Form is loaded with employee details- (login, psw, security options).'),
(756, 190, '2', 'Actor ...', 'System ...'),
(757, 191, '1', 'User selects Log Out link from dashboard', 'User is logged out and page returns to home login screen,'),
(758, 192, '1', 'DPos administrator logs into cloud pos maintenance', 'Administrator the disables the stores live feed.'),
(759, 193, '1', 'Actor action.', 'System result.'),
(760, 194, '1', 'Actor clicks the ''Add a Store'' button on the  [[UI:7]] .', 'System displays  [[UF:6]] .'),
(761, 194, '2', 'UF-0004 Store Form', '#form#_222_2_7'),
(762, 194, '3', 'IF-0004 Public Home Page', '#image#_222_12_7'),
(763, 195, '1', 'Actor action.', 'System result.');

--
-- Constraints for dumped tables
--

--
-- Constraints for table `actor`
--
ALTER TABLE `actor`
  ADD CONSTRAINT `actor_ibfk_1` FOREIGN KEY (`project_id`) REFERENCES `project` (`id`) ON DELETE CASCADE ON UPDATE CASCADE,
  ADD CONSTRAINT `actor_ibfk_2` FOREIGN KEY (`release_id`) REFERENCES `release` (`id`) ON DELETE CASCADE ON UPDATE CASCADE;

--
-- Constraints for table `category`
--
ALTER TABLE `category`
  ADD CONSTRAINT `category_ibfk_1` FOREIGN KEY (`project_id`) REFERENCES `project` (`id`) ON DELETE CASCADE ON UPDATE CASCADE,
  ADD CONSTRAINT `category_ibfk_2` FOREIGN KEY (`release_id`) REFERENCES `release` (`id`) ON DELETE CASCADE ON UPDATE CASCADE;

--
-- Constraints for table `flow`
--
ALTER TABLE `flow`
  ADD CONSTRAINT `flow_ibfk_1` FOREIGN KEY (`project_id`) REFERENCES `project` (`id`) ON DELETE CASCADE ON UPDATE CASCADE,
  ADD CONSTRAINT `flow_ibfk_2` FOREIGN KEY (`release_id`) REFERENCES `release` (`id`) ON DELETE CASCADE ON UPDATE CASCADE;

--
-- Constraints for table `form`
--
ALTER TABLE `form`
  ADD CONSTRAINT `form_ibfk_1` FOREIGN KEY (`project_id`) REFERENCES `project` (`id`) ON DELETE CASCADE ON UPDATE CASCADE,
  ADD CONSTRAINT `form_ibfk_2` FOREIGN KEY (`release_id`) REFERENCES `release` (`id`) ON DELETE CASCADE ON UPDATE CASCADE;

--
-- Constraints for table `formproperty`
--
ALTER TABLE `formproperty`
  ADD CONSTRAINT `formproperty_ibfk_3` FOREIGN KEY (`project_id`) REFERENCES `project` (`id`) ON DELETE CASCADE ON UPDATE CASCADE,
  ADD CONSTRAINT `formproperty_ibfk_4` FOREIGN KEY (`release_id`) REFERENCES `release` (`id`) ON DELETE CASCADE ON UPDATE CASCADE;

--
-- Constraints for table `iface`
--
ALTER TABLE `iface`
  ADD CONSTRAINT `iface_ibfk_3` FOREIGN KEY (`project_id`) REFERENCES `project` (`id`) ON DELETE CASCADE ON UPDATE CASCADE,
  ADD CONSTRAINT `iface_ibfk_4` FOREIGN KEY (`release_id`) REFERENCES `release` (`id`) ON DELETE CASCADE ON UPDATE CASCADE;

--
-- Constraints for table `interfacetype`
--
ALTER TABLE `interfacetype`
  ADD CONSTRAINT `interfacetype_ibfk_1` FOREIGN KEY (`project_id`) REFERENCES `project` (`id`) ON DELETE CASCADE ON UPDATE CASCADE,
  ADD CONSTRAINT `interfacetype_ibfk_2` FOREIGN KEY (`release_id`) REFERENCES `release` (`id`) ON DELETE CASCADE ON UPDATE CASCADE;

--
-- Constraints for table `library`
--
ALTER TABLE `library`
  ADD CONSTRAINT `library_ibfk_2` FOREIGN KEY (`owner_id`) REFERENCES `company` (`id`) ON DELETE NO ACTION ON UPDATE NO ACTION,
  ADD CONSTRAINT `library_ibfk_3` FOREIGN KEY (`release_id`) REFERENCES `release` (`id`) ON DELETE CASCADE ON UPDATE CASCADE;

--
-- Constraints for table `object`
--
ALTER TABLE `object`
  ADD CONSTRAINT `object_ibfk_1` FOREIGN KEY (`project_id`) REFERENCES `project` (`id`) ON DELETE CASCADE ON UPDATE CASCADE,
  ADD CONSTRAINT `object_ibfk_2` FOREIGN KEY (`release_id`) REFERENCES `release` (`id`) ON DELETE CASCADE ON UPDATE CASCADE;

--
-- Constraints for table `objectproperty`
--
ALTER TABLE `objectproperty`
  ADD CONSTRAINT `objectproperty_ibfk_2` FOREIGN KEY (`release_id`) REFERENCES `release` (`id`) ON DELETE CASCADE ON UPDATE CASCADE,
  ADD CONSTRAINT `objectproperty_ibfk_3` FOREIGN KEY (`project_id`) REFERENCES `project` (`id`) ON DELETE CASCADE ON UPDATE CASCADE;

--
-- Constraints for table `package`
--
ALTER TABLE `package`
  ADD CONSTRAINT `package_ibfk_1` FOREIGN KEY (`project_id`) REFERENCES `project` (`id`) ON DELETE CASCADE ON UPDATE CASCADE,
  ADD CONSTRAINT `package_ibfk_2` FOREIGN KEY (`release_id`) REFERENCES `release` (`id`) ON DELETE CASCADE ON UPDATE CASCADE;

--
-- Constraints for table `photo`
--
ALTER TABLE `photo`
  ADD CONSTRAINT `photo_ibfk_1` FOREIGN KEY (`project_id`) REFERENCES `project` (`id`) ON DELETE CASCADE ON UPDATE CASCADE,
  ADD CONSTRAINT `photo_ibfk_2` FOREIGN KEY (`user_id`) REFERENCES `user` (`id`),
  ADD CONSTRAINT `photo_ibfk_3` FOREIGN KEY (`release_id`) REFERENCES `release` (`id`) ON DELETE CASCADE ON UPDATE CASCADE;

--
-- Constraints for table `project`
--
ALTER TABLE `project`
  ADD CONSTRAINT `project_ibfk_1` FOREIGN KEY (`company_id`) REFERENCES `company` (`id`) ON DELETE CASCADE ON UPDATE CASCADE;

--
-- Constraints for table `release`
--
ALTER TABLE `release`
  ADD CONSTRAINT `release_ibfk_1` FOREIGN KEY (`project_id`) REFERENCES `project` (`id`) ON DELETE CASCADE ON UPDATE CASCADE,
  ADD CONSTRAINT `release_ibfk_2` FOREIGN KEY (`create_user`) REFERENCES `user` (`id`);

--
-- Constraints for table `rule`
--
ALTER TABLE `rule`
  ADD CONSTRAINT `rule_ibfk_1` FOREIGN KEY (`project_id`) REFERENCES `project` (`id`) ON DELETE CASCADE ON UPDATE CASCADE,
  ADD CONSTRAINT `rule_ibfk_2` FOREIGN KEY (`release_id`) REFERENCES `release` (`id`) ON DELETE CASCADE ON UPDATE CASCADE;

--
-- Constraints for table `simple`
--
ALTER TABLE `simple`
  ADD CONSTRAINT `simple_ibfk_1` FOREIGN KEY (`project_id`) REFERENCES `project` (`id`) ON DELETE CASCADE ON UPDATE CASCADE,
  ADD CONSTRAINT `simple_ibfk_2` FOREIGN KEY (`release_id`) REFERENCES `release` (`id`) ON DELETE CASCADE ON UPDATE CASCADE;

--
-- Constraints for table `step`
--
ALTER TABLE `step`
  ADD CONSTRAINT `step_ibfk_5` FOREIGN KEY (`project_id`) REFERENCES `project` (`id`) ON DELETE CASCADE ON UPDATE CASCADE,
  ADD CONSTRAINT `step_ibfk_6` FOREIGN KEY (`release_id`) REFERENCES `release` (`id`) ON DELETE CASCADE ON UPDATE CASCADE;

--
-- Constraints for table `stepform`
--
ALTER TABLE `stepform`
  ADD CONSTRAINT `stepform_ibfk_1` FOREIGN KEY (`project_id`) REFERENCES `project` (`id`) ON DELETE CASCADE ON UPDATE CASCADE,
  ADD CONSTRAINT `stepform_ibfk_2` FOREIGN KEY (`release_id`) REFERENCES `release` (`id`) ON DELETE CASCADE ON UPDATE CASCADE;

--
-- Constraints for table `stepiface`
--
ALTER TABLE `stepiface`
  ADD CONSTRAINT `stepiface_ibfk_3` FOREIGN KEY (`project_id`) REFERENCES `project` (`id`) ON DELETE CASCADE ON UPDATE CASCADE,
  ADD CONSTRAINT `stepiface_ibfk_4` FOREIGN KEY (`release_id`) REFERENCES `release` (`id`) ON DELETE CASCADE ON UPDATE CASCADE;

--
-- Constraints for table `steprule`
--
ALTER TABLE `steprule`
  ADD CONSTRAINT `steprule_ibfk_6` FOREIGN KEY (`project_id`) REFERENCES `project` (`id`) ON DELETE CASCADE ON UPDATE CASCADE,
  ADD CONSTRAINT `steprule_ibfk_7` FOREIGN KEY (`release_id`) REFERENCES `release` (`id`) ON DELETE CASCADE ON UPDATE CASCADE;

--
-- Constraints for table `testcase`
--
ALTER TABLE `testcase`
  ADD CONSTRAINT `testcase_ibfk_2` FOREIGN KEY (`usecase_id`) REFERENCES `usecase` (`id`) ON DELETE CASCADE ON UPDATE CASCADE,
  ADD CONSTRAINT `testcase_ibfk_1` FOREIGN KEY (`release_id`) REFERENCES `release` (`id`) ON DELETE CASCADE ON UPDATE CASCADE;

--
-- Constraints for table `testcaseresult`
--
ALTER TABLE `testcaseresult`
  ADD CONSTRAINT `testcaseresult_ibfk_1` FOREIGN KEY (`testcase_id`) REFERENCES `testcase` (`id`) ON DELETE CASCADE ON UPDATE CASCADE,
  ADD CONSTRAINT `testcaseresult_ibfk_2` FOREIGN KEY (`testrun_id`) REFERENCES `testrun` (`id`),
  ADD CONSTRAINT `testcaseresult_ibfk_3` FOREIGN KEY (`user_id`) REFERENCES `user` (`id`);

--
-- Constraints for table `testresult`
--
ALTER TABLE `testresult`
  ADD CONSTRAINT `testresult_ibfk_1` FOREIGN KEY (`testrun_id`) REFERENCES `testrun` (`id`),
  ADD CONSTRAINT `testresult_ibfk_2` FOREIGN KEY (`teststep_id`) REFERENCES `teststep` (`id`) ON DELETE CASCADE ON UPDATE CASCADE,
  ADD CONSTRAINT `testresult_ibfk_3` FOREIGN KEY (`user_id`) REFERENCES `user` (`id`);

--
-- Constraints for table `testrun`
--
ALTER TABLE `testrun`
  ADD CONSTRAINT `testrun_ibfk_1` FOREIGN KEY (`release_id`) REFERENCES `release` (`id`) ON DELETE CASCADE ON UPDATE CASCADE,
  ADD CONSTRAINT `testrun_ibfk_2` FOREIGN KEY (`testcase_id`) REFERENCES `testcase` (`id`) ON DELETE CASCADE ON UPDATE CASCADE;

--
-- Constraints for table `teststep`
--
ALTER TABLE `teststep`
  ADD CONSTRAINT `teststep_ibfk_1` FOREIGN KEY (`testcase_id`) REFERENCES `testcase` (`id`) ON DELETE CASCADE ON UPDATE CASCADE;

--
-- Constraints for table `usecase`
--
ALTER TABLE `usecase`
  ADD CONSTRAINT `usecase_ibfk_1` FOREIGN KEY (`project_id`) REFERENCES `project` (`id`) ON DELETE CASCADE ON UPDATE CASCADE,
  ADD CONSTRAINT `usecase_ibfk_2` FOREIGN KEY (`release_id`) REFERENCES `release` (`id`) ON DELETE CASCADE ON UPDATE CASCADE;

--
-- Constraints for table `user_meta`
--
ALTER TABLE `user_meta`
  ADD CONSTRAINT `user_meta_ibfk_1` FOREIGN KEY (`alert_messages_id`) REFERENCES `messages` (`id`) ON DELETE CASCADE ON UPDATE NO ACTION,
  ADD CONSTRAINT `user_meta_ibfk_2` FOREIGN KEY (`user_id`) REFERENCES `user` (`id`) ON DELETE CASCADE ON UPDATE NO ACTION;

--
-- Constraints for table `uses`
--
ALTER TABLE `uses`
  ADD CONSTRAINT `uses_ibfk_2` FOREIGN KEY (`usedby`) REFERENCES `usecase` (`id`) ON DELETE CASCADE ON UPDATE CASCADE,
  ADD CONSTRAINT `uses_ibfk_3` FOREIGN KEY (`uses`) REFERENCES `usecase` (`id`) ON DELETE CASCADE ON UPDATE CASCADE;

--
-- Constraints for table `version`
--
ALTER TABLE `version`
  ADD CONSTRAINT `version_ibfk_1` FOREIGN KEY (`project_id`) REFERENCES `project` (`id`) ON DELETE CASCADE ON UPDATE CASCADE,
  ADD CONSTRAINT `version_ibfk_2` FOREIGN KEY (`create_user`) REFERENCES `user` (`id`);

/*!40101 SET CHARACTER_SET_CLIENT=@OLD_CHARACTER_SET_CLIENT */;
/*!40101 SET CHARACTER_SET_RESULTS=@OLD_CHARACTER_SET_RESULTS */;
/*!40101 SET COLLATION_CONNECTION=@OLD_COLLATION_CONNECTION */;
